{
   "methane": {
      "production_segment_leakage_rates": {
         "AL": 0.011,
         "AZ": 0.034,
         "AR": 0.011,
         "CA": 0.028,
         "CO": 0.031,
         "CT": 0.009,
         "DE": 0.009,
         "FL": 0.01,
         "GA": 0.01,
         "ID": 0.021,
         "IL": 0.021,
         "IN": 0.023,
         "IA": 0.022,
         "KS": 0.036,
         "KY": 0.012,
         "LA": 0.01,
         "ME": 0.009,
         "MD": 0.009,
         "MA": 0.01,
         "MI": 0.014,
         "MN": 0.017,
         "MS": 0.018,
         "MO": 0.023,
         "MT": 0.022,
         "NE": 0.028,
         "NV": 0.019,
         "NH": 0.009,
         "NJ": 0.009,
         "NM": 0.033,
         "NY": 0.009,
         "NC": 0.01,
         "ND": 0.022,
         "OH": 0.009,
         "OK": 0.025,
         "OR": 0.019,
         "PA": 0.009,
         "RI": 0.009,
         "SC": 0.01,
         "SD": 0.02,
         "TN": 0.009,
         "TX": 0.017,
         "UT": 0.015,
         "VT": 0.009,
         "VA": 0.011,
         "WA": 0.022,
         "WV": 0.009,
         "WI": 0.022,
         "WY": 0.011
      },
      "other_segment_leakage_rates": {
         "Gathering": 0.004601769911504425,
         "Processing": 0.0012743362831858407,
         "Transmission & Storage": 0.003185840707964602,
         "Local Distribution": 0.0007787610619469027,
         "Oil Refining and Transportation": 6.017699115044248e-05
      },
      "total_leakage_rate": {
         "AL": 0.021,
         "AZ": 0.044,
         "AR": 0.021,
         "CA": 0.038,
         "CO": 0.041,
         "CT": 0.019,
         "DE": 0.019,
         "FL": 0.02,
         "GA": 0.02,
         "ID": 0.031,
         "IL": 0.031,
         "IN": 0.033,
         "IA": 0.032,
         "KS": 0.046,
         "KY": 0.022,
         "LA": 0.02,
         "ME": 0.019,
         "MD": 0.019,
         "MA": 0.02,
         "MI": 0.024,
         "MN": 0.027,
         "MS": 0.028,
         "MO": 0.033,
         "MT": 0.032,
         "NE": 0.038,
         "NV": 0.029,
         "NH": 0.019,
         "NJ": 0.019,
         "NM": 0.043,
         "NY": 0.019,
         "NC": 0.02,
         "ND": 0.032,
         "OH": 0.019,
         "OK": 0.035,
         "OR": 0.029,
         "PA": 0.019,
         "RI": 0.019,
         "SC": 0.02,
         "SD": 0.03,
         "TN": 0.019,
         "TX": 0.027,
         "UT": 0.025,
         "VT": 0.019,
         "VA": 0.021,
         "WA": 0.032,
         "WV": 0.019,
         "WI": 0.032,
         "WY": 0.021
      },
      "Sources": "Production-stage methane emissions for natural gas use in each state, normalized by consumption, are from Burns & Grubert (2021). Other segment estimates are from a national bottom-up assessment of methane emissions in the U.S. from Alvarez et al. (2018)"
   },
   "refrigerants": {
      "refrigerant_data_by_tech_type": {
         "commercial": {
            "scroll_chiller": {
               "typ_refrigerant": {"2020": "R-410A", "2025": "R-32"},
               "low_gwp_refrigerant": "R-32",
               "typ_charge": 0.872807018,
               "typ_ann_leak_pct": 0.05,
               "EOL_leak_pct": 0.15,
               "References": "Typical refrigerant, low-GWP refrigerant, typical annual leakage, and EOL leakage: Hwang, 2016 (https://iifiir.org/en/fridoc/harmonization-of-life-cycle-climate-performance-methodology-139940); Phase-out year: U.S. Environmental Protection Agency, 2016 (https://www.epa.gov/sites/default/files/2016-12/documents/snap_action_scr2_factsheet.pdf); Typical charge: TBD"
            },
            "centrifugal_chiller": {
               "typ_refrigerant": {"2020": "R-134a", "2025": "R-1234ze"},
               "low_gwp_refrigerant": "R-1234ze",
               "typ_charge": 0.188433333,
               "typ_ann_leak_pct": 0.02,
               "EOL_leak_pct": 0.15,
               "References": "Typical refrigerant, low-GWP refrigerant, typical annual leakage, and EOL leakage: Hwang, 2016 (https://iifiir.org/en/fridoc/harmonization-of-life-cycle-climate-performance-methodology-139940); Phase-out year: U.S. Environmental Protection Agency, 2016 (https://www.epa.gov/sites/default/files/2016-12/documents/snap_action_scr2_factsheet.pdf); Typical charge: TBD"
            },
            "reciprocating_chiller": {
               "typ_refrigerant": {"2020": "R-134a", "2025": "R-1234ze"},
               "low_gwp_refrigerant": "R-1234ze",
               "typ_charge": 0.552777778,
               "typ_ann_leak_pct": 0.05,
               "EOL_leak_pct": 0.15,
               "References": "Typical refrigerant, low-GWP refrigerant, typical annual leakage, and EOL leakage: Hwang, 2016 (https://iifiir.org/en/fridoc/harmonization-of-life-cycle-climate-performance-methodology-139940); Phase-out year: U.S. Environmental Protection Agency, 2016 (https://www.epa.gov/sites/default/files/2016-12/documents/snap_action_scr2_factsheet.pdf); Typical charge: TBD"
            },
            "screw_chiller": {
               "typ_refrigerant": {"2020": "R-134a", "2025": "R-1234ze"},
               "low_gwp_refrigerant": "R-1234ze",
               "typ_charge": 0.414583333,
               "typ_ann_leak_pct": 0.05,
               "EOL_leak_pct": 0.15,
               "References": "Typical refrigerant, low-GWP refrigerant, typical annual leakage, and EOL leakage: Hwang, 2016 (https://iifiir.org/en/fridoc/harmonization-of-life-cycle-climate-performance-methodology-139940); Phase-out year: U.S. Environmental Protection Agency, 2016 (https://www.epa.gov/sites/default/files/2016-12/documents/snap_action_scr2_factsheet.pdf); Typical charge: TBD"
            },
            "res_type_central_AC": {
               "typ_refrigerant": {"2020": "R-410A", "2025": "R-32"},
               "low_gwp_refrigerant": "R-32",
               "typ_charge": 0.094444444,
               "typ_ann_leak_pct": 0.05,
               "EOL_leak_pct": 0.15,
               "References": "Typical refrigerant, low-GWP refrigerant, typical annual leakage, and EOL leakage: Hwang, 2016 (https://iifiir.org/en/fridoc/harmonization-of-life-cycle-climate-performance-methodology-139940); Phase-out year: U.S. Environmental Protection Agency, 2016 (https://www.epa.gov/sites/default/files/2016-12/documents/snap_action_scr2_factsheet.pdf); Typical charge: TBD"
            },
            "comm_GSHP-cool": {
               "typ_refrigerant": {"2020": "R-410A", "2025": "R-32"},
               "low_gwp_refrigerant": "R-32",
               "typ_charge": 2.708333333,
               "typ_ann_leak_pct": 0.05,
               "EOL_leak_pct": 0.15,
               "References": "Typical refrigerant, low-GWP refrigerant, typical annual leakage, and EOL leakage: Hwang, 2016 (https://iifiir.org/en/fridoc/harmonization-of-life-cycle-climate-performance-methodology-139940); Phase-out year: U.S. Environmental Protection Agency, 2016 (https://www.epa.gov/sites/default/files/2016-12/documents/snap_action_scr2_factsheet.pdf); Typical charge: TBD"
            },
            "rooftop_ASHP-cool": {
               "typ_refrigerant": {"2020": "R-410A", "2025": "R-32"},
               "low_gwp_refrigerant": "R-32",
               "typ_charge": 1.444444444,
               "typ_ann_leak_pct": 0.05,
               "EOL_leak_pct": 0.15,
               "References": "Typical refrigerant, low-GWP refrigerant, typical annual leakage, and EOL leakage: Hwang, 2016 (https://iifiir.org/en/fridoc/harmonization-of-life-cycle-climate-performance-methodology-139940); Phase-out year: U.S. Environmental Protection Agency, 2016 (https://www.epa.gov/sites/default/files/2016-12/documents/snap_action_scr2_factsheet.pdf); Typical charge: TBD"
            },
            "rooftop_AC": {
               "typ_refrigerant": {"2020": "R-410A", "2025": "R-32"},
               "low_gwp_refrigerant": "R-32",
               "typ_charge": 45.4,
               "typ_ann_leak_pct": 0.025,
               "EOL_leak_pct": 0.15,