{
  "new england": {
    "energy": {
      "low efficiency upgrade": {
        "no panel management": 0.004346630250040139,
        "panel replacement": 0.001441467201358077,
        "panel management": 0.0009689149415952576
      },
      "moderate efficiency upgrade": {
        "no panel management": 0.09260192514193874,
        "panel replacement": 0.08077920328410856,
        "panel management": 0.02511315320814014
      },
      "high efficiency upgrade": {
        "no panel management": 0.34648321412105326,
        "panel replacement": 0.32334298924608845,
        "panel management": 0.1249225026056773
      }
    },
    "stock": {
      "low efficiency upgrade": {
        "no panel management": 0.004170141784820684,
        "panel replacement": 0.0009035307200444815,
        "panel management": 0.0009035307200444815
      },
      "moderate efficiency upgrade": {
        "no panel management": 0.10668612732832916,
        "panel replacement": 0.07374200722824575,
        "panel management": 0.027105921601334446
      },
      "high efficiency upgrade": {
        "no panel management": 0.3798999165971643,
        "panel replacement": 0.28148457047539616,
        "panel management": 0.12510425354462051
      }
    }
  },
  "mid atlantic": {
    "energy": {
      "low efficiency upgrade": {
        "no panel management": 0.024364335896325005,
        "panel replacement": 0.010983705824613797,
        "panel management": 0.00993095100195697
      },
      "moderate efficiency upgrade": {
        "no panel management": 0.1269367174539288,
        "panel replacement": 0.11415568521759639,
        "panel management": 0.04400063622413397
      },
      "high efficiency upgrade": {
        "no panel management": 0.27718124736717215,
        "panel replacement": 0.2578849741924579,
        "panel management": 0.13456174682181507
      }
    },
    "stock": {
      "low efficiency upgrade": {
        "no panel management": 0.020563171545016672,
        "panel replacement": 0.006695601545545969,
        "panel management": 0.008177631927168793
      },
      "moderate efficiency upgrade": {
        "no panel management": 0.1421425924945747,
        "panel replacement": 0.10501243846927434,
        "panel management": 0.04816598740274176
      },
      "high efficiency upgrade": {
        "no panel management": 0.29730588048483564,
        "panel replacement": 0.2282856084264013,
        "panel management": 0.1436510877044408
      }
    }
  },
  "east north central": {
    "energy": {
      "low efficiency upgrade": {
        "no panel management": 0.01710017176301288,
        "panel replacement": 0.004323677221882174,
        "panel management": 0.005314116683038509
      },
      "moderate efficiency upgrade": {
        "no panel management": 0.13611104830691945,
        "panel replacement": 0.14598546306602808,
        "panel management": 0.04531673618422287
      },
      "high efficiency upgrade": {
        "no panel management": 0.2586773230220658,
        "panel replacement": 0.2791064846059281,
        "panel management": 0.10806497914690207
      }
    },
    "stock": {
      "low efficiency upgrade": {
        "no panel management": 0.0134752034166636,
        "panel replacement": 0.0024667722101542654,
        "panel management": 0.00406833327197084
      },
      "moderate efficiency upgrade": {
        "no panel management": 0.1527005633076838,
        "panel replacement": 0.13707153639409447,
        "panel management": 0.048138875593682115
      },
      "high efficiency upgrade": {
        "no panel management": 0.2817090681491845,
        "panel replacement": 0.2503957880784949,
        "panel management": 0.1099738595780715
      }
    }
  },
  "west north central": {
    "energy": {
      "low efficiency upgrade": {
        "no panel management": 0.038657976836811124,
        "panel replacement": 0.010553509906601302,
        "panel management": 0.009905623678014824
      },
      "moderate efficiency upgrade": {
        "no panel management": 0.17322035502924008,
        "panel replacement": 0.22919898931832086,
        "panel management": 0.04833088032527615
      },
      "high efficiency upgrade": {
        "no panel management": 0.19852281027003105,
        "panel replacement": 0.23610382781952846,
        "panel management": 0.055506026816176106
      }
    },
    "stock": {
      "low efficiency upgrade": {
        "no panel management": 0.02952794399468106,
        "panel replacement": 0.00598380851812742,
        "panel management": 0.007117994446399938
      },
      "moderate efficiency upgrade": {
        "no panel management": 0.20865110094254763,
        "panel replacement": 0.20869021080214323,
        "panel management": 0.052602761156087446
      },
      "high efficiency upgrade": {
        "no panel management": 0.22429504478078924,
        "panel replacement": 0.20517032343853886,
        "panel management": 0.0579608119206852
      }
    }
  },
  "south atlantic": {
    "energy": {
      "low efficiency upgrade": {
        "no panel management": 0.10424831972343306,
        "panel replacement": 0.008992300000123077,
        "panel management": 0.03922977581414096
      },
      "moderate efficiency upgrade": {
        "no panel management": 0.2896184984861236,
        "panel replacement": 0.05800019425713792,
        "panel management": 0.041528730950295224
      },
      "high efficiency upgrade": {
        "no panel management": 0.37572315827809616,
        "panel replacement": 0.04157412016277667,
        "panel management": 0.04108490232787341
      }
    },
    "stock": {
      "low efficiency upgrade": {
        "no panel management": 0.08844795189778279,
        "panel replacement": 0.006027809094325442,
        "panel management": 0.032453964674934235
      },
      "moderate efficiency upgrade": {
        "no panel management": 0.3100488538143555,
        "panel replacement": 0.05295753476136791,
        "panel management": 0.04251033446072905
      },
      "high efficiency upgrade": {
        "no panel management": 0.3924088688462984,
        "panel replacement": 0.0354152574220218,
        "panel management": 0.03972942502818489
      }
    }
  },
  "east south central": {
    "energy": {
      "low efficiency upgrade": {
        "no panel management": 0.06682505963244052,
        "panel replacement": 0.010437524570573677,
        "panel management": 0.02467102922287282
      },
      "moderate efficiency upgrade": {
        "no panel management": 0.294193698559412,
        "panel replacement": 0.08231479139967406,
        "panel management": 0.05017490073394258
      },
      "high efficiency upgrade": {
        "no panel management": 0.3832410727039499,
        "panel replacement": 0.04869455549501979,
        "panel management": 0.03944736768211462
      }
    },
    "stock": {
      "low efficiency upgrade": {
        "no panel management": 0.054702223897474554,
        "panel replacement": 0.00687900490011308,
        "panel management": 0.020071617037316247
      },
      "moderate efficiency upgrade": {
        "no panel management": 0.31379570297776105,
        "panel replacement": 0.07571617037316246,
        "panel management": 0.05112137203166227
      },
      "high efficiency upgrade": {
        "no panel management": 0.39799283829626836,
        "panel replacement": 0.041792310591782886,
        "panel management": 0.0379287598944591
      }
    }
  },
  "west south central": {
    "energy": {
      "low efficiency upgrade": {
        "no panel management": 0.14189970371451174,
        "panel replacement": 0.010361543574427826,
        "panel management": 0.04629806981758885
      },
      "moderate efficiency upgrade": {
        "no panel management": 0.2599870920281131,
        "panel replacement": 0.05779100103458933,
        "panel management": 0.05620802748248065
      },
      "high efficiency upgrade": {
        "no panel management": 0.27408436753601484,