dsire_id,match_reason,scout_relevant,state,category,program_type,implementing_sector,name,administrator,technologies,incentive_amounts,summary,details,website_url,last_updated,created_ts
4449,updated,True,AK,Financial Incentive,Property Tax Incentive,State,Local Option - Property Tax Exemption for Renewable Energy Systems,,,,"<p>
	Alaska enacted legislation in June 2010 that authorizes municipalities to pass ordinances that exempt residential renewable energy systems from taxation. Residential renewable energy systems are defined as systems that use an energy source other than fossil or nuclear fuel,<span style=""font-size: 11.8181819915771px;"">&nbsp;including wind, hydro and solar</span><span style=""font-size: 12px;"">.</span></p>",Incentive Amount: Varies (local option); Maximum Incentive: Varies (local option); Eligible System Size: ; Equipment Requirements: ,,"September 3, 2026",11/11/2010
22632,updated,True,AL,Financial Incentive,Grant Program,State,Alabama - National Electric Vehicle Infrastructure (NEVI) Formula Grant Program,Alabama Department of Economic and Community Affairs,,,"<p>The Alabama Department of Economic and Community Affairs (ADECA) stated that it <a href=""https://adeca.alabama.gov/wp-content/uploads/Alabama-Electric-Vehicle-Infrastructure-Plan.pdf"">plans</a> to administer the received funding through a competitive grant program that started in the early first half of 2023. According to the state agency, this funding (in addition to state funding) has been projected to make all Alabama interstates eligible to transition to EV corridor-ready status over the next 5-7 years. NEVI funding will help construct about 1,002 miles of EV charging corridors. On April 5, 2023, the ADECA released its state-funded EV charging infrastructure grant program application as part of its EV infrastructure plan. The deadline was set for midnight CST on May 22, 2023. </p><p>The ADECA released the fiscal year <a href=""https://adeca.alabama.gov/wp-content/uploads/Alabama-FY24-NEVI-Plan.pdf"">2024 plan</a> in late 2024. The new plan also detailed expected dates for grant application requests for NEVI-funded charging infrastructure, including the following: Round 1 in September 2023, Round 2 in Q4 2023, Round 3 in July 2024, Round 4 in July 2025, and Round 5 in July 2026. Applicants are required to provide a 20% minimum cost share, and the state will include all eligible EV charging corridors as eligible project locations during each NEVI application round. </p><p>ADECA began accepting Round 1 applications later than anticipated, having started the submittal process on October 24, 2023, until January 24, 2024. Round 1 funds did not exceed an estimated $11.74 million, and awards varied. Alabama's Round 2 of grant funds was then opened on December 12, 2024, and was expected to close on March 17, 2025. However in late January 2025, due to a <span>Trump administration executive order titled &#34;Unleashing American Energy,&#34; the ADECA paused its NEVI program. As a result ADECA closed the application window that was originally due to close in mid-March 2025. </span></p><p><span>The agency has been preparing a new application process and scoring guide for a future funding opportunity, following the approval of its FY2026 <a href=""https://adeca.alabama.gov/wp-content/uploads/FY26-Alabama-NEVI-Plan.pdf"">plan</a> on September 9, 2025. According to the plan, ADECA will cancel Round 1 project awards and Round 2 applications, and instead reopen the process by inviting new Round 3 applications between September 15 and December 15, 2025. Construction for this round of awards is scheduled to begin on June 16, 2026. A Round 4 application window is expected to run from April 15 through July 14, 2026, with construction anticipated to start on December 31, 2026.</span></p>",Incentive Amount: Varies; Maximum Incentive: ; Equipment Requirements: ; Installation Requirements: ,https://adeca.alabama.gov/ev/,"January 2, 2026",06/12/2024
22510,updated,True,AL,Financial Incentive,Grant Program,State,Energy-Efficient Retrofits Program,State Energy Program,HVAC; Lighting; Programmable Thermostats; Solar Photovoltaics; Solar Thermal Electric,Incentive min: 25.0000 $; Incentive max: 50.0000 $,"<p><i><b>*Note: FY26 applications closed on January 30, 2026. <a href=""https://adeca.alabama.gov/wp-content/uploads/SEP-FY25-Energy-Efficient-Retrofits.pdf"">Click here</a> for the application.</b></i></p><p>The Alabama Energy Division's State Energy Program is accepting applications for the Energy-Efficient Retrofits Program grant. The grant must be used for the installation of energy-efficiency improvements and may be used by local governments, public K-12 school systems, and non-profit organizations. Energy-efficient measures such as energy-efficient lighting, HVAC replacements, programmable thermostats, solar PV systems (rooftop, parking lot canopy, or a max 60 kW ground installed system), or solar thermal systems that are max 20 kW.</p>","Incentive Amount: $25,000 to $50,000; Maximum Incentive: $50,000; Equipment Requirements: ; Installation Requirements: ",https://adeca.alabama.gov/sep/,"March 2, 2026",05/17/2023
5785,updated,True,AR,Financial Incentive,Rebate Program,Utility,Arkansas Oklahoma Gas (AOG) Residential Rebate Program,,Furnaces; Programmable Thermostats; Water Heaters,Incentive : 700.0000 $/Unit; Incentive : 100.0000 $/Unit; Incentive min: 400.0000 $; Incentive max: 800.0000 $,"<p>Arkansas Oklahoma Gas (AOG) provides financial incentives to its residential and small commercial customers for both existing and new construction homes and small business whose primary fuel for heating is natural gas. Incentives for dealers/installers are available for specific equipments. <span>Application along with necessary documents must be submitted to the rebate center within 90 days of installation date or before December 31. Rebate checks will be mailed within 4-6 weeks after completion. </span></p><p></p><p>AOG also a part of a statewide <a href=""https://aogc.com/WeatherizationProgram"">joint weatherization program</a>. The program helps to promote energy efficiency in low income single family residential customers. Incentives are available to cover cost. Please call 1-800-842-5690 or 501-776-8446 for more information. </p><p></p><p><br/></p><p><br/></p>","Incentive Amount: <b>Gas Furnace:</b><br>
90%-94.9% efficienct: $400 (Customer Rebate), $50 (Trade Ally Rebate) <br>
95% efficient or higher: $800 (Customer Rebate), $50 (Trade Ally Rebate) <br><br>

<b>Natural Gas Water Heater:  </B><br>
0.90 EF or higher or 90% TE or higher: $700 (Customer rebate), $50 (Trade Ally Rebate) <br><br>

Smart Thermostat: $100<br>; Maximum Incentive: ; Eligible System Size: Gas Furnace: 90% Efficient or higher  <br>
Natural Gas Water Heater: 0.90 EF or higher  <br>; Equipment Requirements: Must be certified by AHRI; Installation Requirements: ; Ownership of Renewable Energy Credits: ",https://www.aogc.com/energyefficiency.aspx,"October 22, 2025",06/15/2015
3681,updated,True,AR,Financial Incentive,Rebate Program,Utility,Entergy Arkansas - CitySmart Energy Efficiency Program,"Entergy Arkansas, Inc.",,,"<p>&#10;&#9;The CitySmart Program is an energy efficiency program designed to provide financial incentives to public sector, public/private K-12 schools, and higher education customers for the installation of a wide range of energy efficiency measures that provide energy savings in eligible facilities. Projects that benefit from this program include prescriptive measures (i.e. lighting) as well as complex commercial or projects requiring measurement and verification (i.e. energy management systems). Program benefits include information on energy efficiency best practices, program documentation assistance, savings calculations, measurement and verification, and financial incentives. The tiered incentive structure provides an increased incentive for comprehensive projects that incorporate multiple measures. This program also provides benchmarking and energy master planning services for eligible customers at no cost.</p>&#10;<p>&#10;&#9;No cost direct install measures include low flow aerators, low flow pre-rinse spray valves, compact fluorescent lamps, vending misers, and shower heads.</p>&#10;<p>&#10;&#9; </p>","Incentive Amount: PC Power Management: $0.10/kWh<br/><br/>
<b>All other measures</b><br/>
One Measure: $0.12/kWh<br />
Two Measures: $0.13/kWh<br />
Three Measures: $0.14/kWh<br />
Comprehensive Measures (4 +): $0.15/kWh; Maximum Incentive: ; Eligible System Size: Measures targeted to result in estimated energy savings of at least 25,000 kWh.; Equipment Requirements: ; Installation Requirements: ; Ownership of Renewable Energy Credits: ",https://www.entergyarkansas.com/energyefficiency/business/citysmart,"October 28, 2025",09/21/2009
5494,updated,True,AR,Financial Incentive,Rebate Program,Utility,Entergy Arkansas - Small Business Energy Efficiency Programs,Entergy Arkansas,Building Insulation; Duct/Air sealing; Lighting; Refrigerators/Freezers,Incentive : 0.1700 $/kWh; Incentive : 0.3000 $/kWh; Incentive : 0.3500 $/kWh,"<p>
	The Small Business Program is an energy efficiency program designed to provide financial incentives for the installation of a wide range of simple energy efficiency measures that provide energy savings in facilities. This program is available for any non-residential customer of Entergy Arkansas with a peak connected load of less than 100 kW. &nbsp;</p>","Incentive Amount: Lighting and Lighting Controls: $0.17 per kWh<br>
HVAC Replacement: $0.17 per kWh<br>
Duct Sealing:$0.35 per kWh<br>
Ceiling Insulation: $0.35 per kWh<br>
Refrigeration: $0.30 per kWh; Maximum Incentive: Refrigeration savings other than gaskets and strip curtains in the program will be capped at 300,000 kWh for the current program year. Once the cap has been met, refrigeration savings will be paid at a rate of $0.17 per kWh.; Eligible System Size: ; Equipment Requirements: ; Installation Requirements: ; Ownership of Renewable Energy Credits: ",http://www.entergyarkansas.com/smallbusiness,"November 6, 2025",06/24/2014
3637,updated,True,AR,Financial Incentive,Rebate Program,Utility,Liberty Utilities - Commercial & Industrial Energy Efficiency Rebates,Liberty Utilities,Air conditioners; Chillers; Energy Mgmt. Systems/Building Controls; Heat pumps; LED Lighting; Lighting,Incentive min: 7.0000 $/Unit; Incentive max: 280.0000 $/Unit; Incentive min: 6.0000 $; Incentive max: 50.0000 $; Incentive min: 35.0000 $/ton; Incentive max: 50.0000 $/ton; Incentive min: 10.0000 $/ton; Incentive max: 40.0000 $/ton; Incentive min: 40.0000 $/ton; Incentive max: 50.0000 $/ton; Incentive : 130.0000 $,"<p>Liberty Utilities offers a Commercial/Industrial Prescriptive Rebate Program to its non-residential customers in Arkansas who purchase certain high-efficiency equipment for eligible facilities. A variety of prescriptive rebates are available to all electric customers served under any non-residential rate schedule in the Empire service territory. These programs provide a means to reduce operating costs and increase efficiency concepts that are key components to operating successful businesses. Through these programs, Liberty offers incentives to help lower the cost of identifying and purchasing energy-efficient equipment for use in your facilities. Examples of equipment that might be rebated include high-efficiency lighting, air conditioning, heating systems, motors, refrigeration, energy managements systems, and just about anything else that uses electricity. Customers may receive incentive amount up to $20,000 per facility per program year.<br/></p>","Incentive Amount: <ul>
  <li><strong>Custom Rebates</strong>
    <ul>
      <li>Custom project — $0.20 per kWh saved</li>
    </ul>
  </li>

  <li><strong>Lighting Measures</strong>
    <ul>
      <li>LED high &amp; low bay fixture — Per fixture $70.00</li>
      <li>High bay fluorescent fixture (HP T8 &gt;4 lamps) — Per fixture $40.00</li>
      <li>High bay fluorescent fixture (HP T8 &le;4 lamps) — Per fixture $40.00</li>
      <li>High bay fluorescent fixture w/ HE electronic ballast (T5 &gt;4 lamps) — Per fixture $50.00</li>
      <li>High bay fluorescent fixture w/ HE electronic ballast (T5 &le;4 lamps) — Per fixture $50.00</li>
      <li>LED direct linear ambient fixtures &le;35W — Per fixture $30.00</li>
      <li>LED direct linear ambient fixtures 36W–60W — Per fixture $70.00</li>
      <li>LED direct linear ambient fixtures 61W–100W — Per fixture $90.00</li>
      <li>LED linear replacement lamps (Type A or AB), 2 ft — Per fixture $7.00</li>
      <li>LED linear replacement lamps (Type A or AB), 4 ft — Per fixture $8.00</li>
      <li>LED direct linear ambient fixtures &le;35W (Exterior) — Per fixture $30.00</li>
      <li>LED direct linear ambient fixtures 36W–60W (Exterior) — Per fixture $70.00</li>
      <li>LED direct linear ambient fixtures 61W–100W (Exterior) — Per fixture $90.00</li>
      <li>LED linear replacement lamps (Type A or AB), 2 ft (Exterior) — Per fixture $7.00</li>
      <li>LED linear replacement lamps (Type A or AB), 4 ft (Exterior) — Per fixture $8.00</li>
      <li>LED parking garage/canopy (&lt;45W) — Per fixture $40.00</li>
      <li>LED parking garage/canopy (45–75W) — Per fixture $120.00</li>
      <li>LED parking garage/canopy (&ge;75W) — Per fixture $280.00</li>
      <li>LED wall-mounted area lights (&lt;30W) — Per fixture $40.00</li>
      <li>LED wall-mounted area lights (30–75W) — Per fixture $120.00</li>
      <li>LED wall-mounted area lights (&ge;75W) — Per fixture $280.00</li>
      <li>LED exit sign — Per fixture $17.00</li>
      <li>LED flood light (&ge;15W) — Per fixture $40.00</li>
      <li>LED recessed fixture (1×4) — Per fixture $38.00</li>
      <li>LED recessed fixture (2×2) — Per fixture $27.00</li>
      <li>LED recessed fixture (2×4) — Per fixture $28.00</li>
      <li>Photocell occupancy sensor — Per bulb $30.00</li>
      <li>Wall switch occupancy sensor — Per bulb $30.00</li>
      <li>Lighting optimization — remove 4 ft lamp from T8 system — Per fixture $6.00</li>
      <li>Lighting optimization — remove 8 ft lamp from T8 system — Per fixture $8.00</li>
    </ul>
  </li>

  <li><strong>HVAC Measures</strong>
    <ul>
      <li>Water-cooled chiller — Centrifugal — Per ton $50.00</li>
      <li>Water-cooled chiller — Rot/Scr/Scr/Rec — Per ton $35.00</li>
      <li>Room air conditioner (12 EER) — Per unit $20.00</li>
      <li>CAC &lt;65 kBtu — Per ton $30.00</li>
      <li>CAC 65&lt;135 kBtu — Per ton $30.00</li>
      <li>CAC 135&lt;240 kBtu — Per ton $30.00</li>
      <li>CAC 240&lt;760 kBtu — Per ton $10.00</li>
      <li>CAC &ge;760 kBtu — Per ton $10.00</li>
      <li>Heat pump &lt;65 kBtu — Per ton $50.00</li>
      <li>Heat pump 65&lt;135 kBtu — Per ton $50.00</li>
      <li>Heat pump 135&lt;240 kBtu — Per ton $50.00</li>
      <li>Heat pump &ge;240 kBtu — Per ton $50.00</li>
      <li>Packaged terminal air conditioner — Per unit $40.00</li>
      <li>Packaged terminal heat pump — Per unit $40.00</li>
      <li>Guest room energy management — Per unit $130.00</li>
      <li>Variable speed drive — chilled water pump — Per unit $500.00</li>
      <li>Variable speed drive — hot water pump — Per unit $500.00</li>
      <li>Demand-controlled ventilation — Per unit $750.00</li>
    </ul>
  </li>

  <li><strong>Kitchen / Refrigeration &amp; Controls</strong>
    <ul>
      <li>Evaporator fan control (with EMS) — Per unit $80.00</li>
      <li>Strip curtain for walk-in cooler/freezer — Per linear ft $5.00</li>
      <li>Night covers for open refrigerated display cases — Per linear ft $20.00</li>
      <li>Door heater controls (refrigerated display cases) — Per unit $40.00</li>
      <li>Refrigeration economizer, &lt;750W — Per unit $150.00</li>
      <li>LED refrigerator case light — Per ft $6.00</li>
    </ul>
  </li>
</ul>; Maximum Incentive: $20,000 per facility per year; Eligible System Size: See program website.; Equipment Requirements: See program website.; Installation Requirements: ; Ownership of Renewable Energy Credits: ",https://central.libertyutilities.com/all/residential/ways-to-save/arkansas-electric-commercial-industrial-program.html,"November 6, 2025",08/26/2009
22726,updated,True,AZ,Financial Incentive,Rebate Program,State,Arizona – Home Electrification and Appliance Rebate (HEAR) Program,Governor’s Office of Resiliency,Building Insulation; Duct/Air sealing; Heat Pump Water Heater; Heat pumps; Induction Cooking Appliance; Insulation; Water Heaters,Incentive max: 1750.0000 $; Incentive max: 8000.0000 $; Incentive max: 1600.0000 $; Incentive max: 840.0000 $,"<p><i><b>Note: The Federal Inflation Reduction Act (IRA) created the Home Electrification and Appliance Rebate (HEAR) Program. The IRA established the main parameters for this program, but allowed the states to customize the program to meet their state-specific needs. The program is designed to award rebates for purchase of qualifying home electrification equipment and appliances. Residents earning less than 80% of the Area Median Income (<a href=""https://www.huduser.gov/portal/datasets/il.html"">AMI</a>) can receive the full rebate amount, and residents earning between 80% and 150% AMI can receive a partial rebate. See summary below and program website for complete details.</b></i></p><p><i><b>Arizona is launching the HEAR program in phases. As of December 202</b><b>4, only rebates for single-family homes are available. A multifamily pilot is expected in Q2 2025.</b></i></p><p>The Arizona Governor’s Office of Resiliency will receive $76 million in federal funding for the HEAR Program. Incentives are available to owners of single-family homes who earn less than 80% of their county’s AMI or who participate in certain state or federal benefit programs. Residents between 80% and 150% of their county’s AMI are eligible for reduced rebates.</p><p>The maximum incentive is $14,000 per household; rebates are also capped at 100% of project costs for low-income residents (80% AMI threshold) and 50% of project costs for moderate-income residents (150% AMI threshold). When applicable, technologies must be ENERGY STAR certified and/or installed by an authorized program contractor.</p><p>Incentives are available for:</p><ul><li>Heat Pump Water Heaters: up to $1,750</li><li>Heat Pumps for Space Heating: up to $8,000</li><li>Heat Pump Clothes Dryers: up to $840</li><li>Electric Load Service Center (electric panel upgrades): up to $4,000</li><li>Electrical Wiring: up to $2,500</li><li>Insulation, Air Sealing, Ventilation: up to $1,600<br/><br/></li></ul>","Incentive Amount: Heat Pump Water Heater: up to $1,750<br>
Heat Pump for Space Heating: up to $8,000<br>
Heat Pump Clothes Dryer: up to $840<br>
Electric Load Service Center (electric panel upgrades): up to $4,000<br>
Electrical Wiring: up to $2,500<br>
Insulation, Air Sealing, Ventilation: up to $1,600; Maximum Incentive: Up to $14,000 per household<br>
Low-income: up to 100% of costs<br>
Moderate-income: up to 50% of costs<br>; Eligible System Size: Not specified; Equipment Requirements: Equipment must be ENERGY STAR certified; Installation Requirements: Equipment must be installed by an authorized program contractor; Ownership of Renewable Energy Credits: N/A",https://efficiencyarizona.com/,"May 26, 2026",12/12/2024
1683,updated,True,AZ,Financial Incentive,Property Tax Incentive,State,Energy Equipment Property Tax Exemption,Arizona Department of Revenue,,,"<p>&#10;&#9;Arizona’s property tax exemption was established in June 2006 (<a href=""http://www.azleg.gov/legtext/47leg/2r/bills/hb2429s.pdf"" target=""_blank"">H.B. 2429</a>) and originally applied only to “solar energy devices and any other device or system designed for the production of solar energy for on-site consumption.” For property tax assessment purposes, these devices are considered to add no value to the property.</p><p>&#10;&#9;A &#34;solar energy device&#34; for the purpose of this incentive is defined as &#34;a system or series of mechanisms designed primarily to provide heating, to provide cooling, to produce electrical power, to produce mechanical power, to provide solar daylighting or to provide any combination of the foregoing by means of collecting and transferring solar generated energy into such uses either by active or passive means. Such systems may also have the capability of storing such energy for future utilization. Passive systems shall clearly be designed as a solar energy device such as a trombe wall and not merely a part of a normal structure such as a window.&#34;</p><p>&#10;&#9;<a href=""http://www.azleg.gov/legtext/49leg/1r/bills/hb2332s.pdf"" target=""_blank"">H.B. 2332</a>, signed in July of 2009, expanded the exemption to include other renewable energy technologies, as well as combined heat and power systems, and energy efficient building components. The bill defines renewable energy equipment as &#34;equipment that is used to produce energy primarily for on-site consumption from renewable resources, including wind, forest thinnings, agricultural waste, biogas, biomass, geothermal, and low-impact hydropower.&#34;</p><p>&#10;&#9;Energy efficient building components are defined as &#34;high performance building components installed so that the buildings or building components meet or exceed the energy efficiencies prescribed by the United States Environmental Protection Agency Energy Star Program, or by a Leadership in Energy and Environmental Design green building rating standard developed by the U.S. Green Building Council, or an equivalent green building standard, or that are at least fifteen percent more efficient than the International Energy Conservation Code in effect at the time of building permit issuance.&#34;</p><p>&#10;&#9;To qualify for the property tax exemption, the property owner must provide their county assessor with documentation affirming the actual purchase and installation, including costs, of the eligible equipment. This documentation must be submitted no less than six months before the notice of full cash value is issued for the initial valuation year.</p>",Incentive Amount: 100% of increased value; Maximum Incentive: ; Eligible System Size: ; Equipment Requirements: Solar and other renewable energy resources must be used primarily for on-site consumption,,"September 4, 2026",06/26/2006
2984,expired+updated,True,AZ,Financial Incentive,Property Tax Incentive,State,Property Tax Assessment for Renewable Energy Equipment,Arizona Department of Revenue,,,"<p>&#10;&#9;For the purpose of determining property tax, renewable energy and storage equipment owned by utilities and other entities operating in Arizona is assessed at 20% of the &#34;taxable original cost&#34; after deducting depreciation. &#34;Renewable energy equipment&#34; is defined as &#34;electric generation facilities, electric transmission, electric distribution, gas distribution or combination gas and electric transmission and distribution and transmission and distribution cooperative property that is located in this state, that is used or useful for the generation, storage, transmission or distribution of electric power, energy or fuel derived from solar, wind or other nonpetroleum renewable sources not intended for self-consumption, including materials and supplies and construction work in progress, but excluding licensed vehicles and property valued under sections <a href=""https://www.azleg.gov/ars/42/14154.htm"">42-14154</a> and <a href=""https://www.azleg.gov/ars/42/14156.htm"">42-14156</a>.&#34;</p><p><a href=""https://www.azleg.gov/legtext/51leg/2R/laws/0264.pdf"">&#10;&#9;H.B. 2403</a> of 2014 clarified that depreciation should be determined using straight-line depreciation over the useful life of the equipment. The taxable original cost equals the original cost of the equipment, reduced by any investment tax credits, production tax credits, or grants in lieu of investment tax credits.</p>",Incentive Amount: Renewable energy equipment assessed at 20% of its depreciated cost; Maximum Incentive: ; Eligible System Size: ; Equipment Requirements: Energy must not be used on-site,,"September 4, 2026",06/24/2008
2,updated,True,AZ,Financial Incentive,Personal Tax Deduction,State,Qualifying Wood Stove Deduction,,,,"<div>&#10;&#9;This incentive allows Arizona taxpayers to deduct the cost of converting an existing wood fireplace to a qualifying wood stove, a qualified wood fireplace, or a qualified gas-fired fireplace. The cost to purchase and install all necessary equipment is tax deductible, up to a maximum $500 deduction. Qualifying wood stoves and fireplaces must meet the standards of performance for new wood heaters manufactured after July 1990, or sold after July 1992 pursuant to 40 Code of Federal Regulations part 60, subpart AAA. This deduction is for taxable years after December 31, 1993.</div>","Incentive Amount: Total cost, exclusive of taxes, interest and other finance charges; Maximum Incentive: $500; Equipment Requirements: ",,"March 26, 2026",01/01/2000
119,updated,True,AZ,Financial Incentive,Sales Tax Incentive,State,Solar and Wind Equipment Sales Tax Exemption,Department of Revenue,,,"<p>&#10;&#9;Arizona provides a sales tax exemption* for the retail sale of solar energy devices and for the installation of solar energy devices by contractors. The statutory definition of &#34;solar energy device&#34; includes wind electric generators and wind-powered water pumps in addition to daylighting, passive solar heating, active solar space heating, solar water heating, and solar photovoltaics. The sales tax exemption does not apply to batteries, controls, etc., that are not part of the system. (Note that <a class=""summarylink"" href=""http://www.azleg.gov/legtext/47leg/2r/bills/hb2429s.pdf"" target=""_blank"" title=""HB 2429"">H.B. 2429</a>, enacted in June 2006, eliminated the $5,000 limit per device.)</p><p><a href=""http://www.azleg.gov/legtext/50leg/2r/bills/sb1229p.pdf"">S.B. 1229</a> of 2012 extended this exemption to net metering transactions involving photovoltaics, and the sale of renewable energy credits (RECs). RECs are typically sold by a renewable energy generator to a utility  for compliance with the state's <a href=""http://programs.dsireusa.org/system/program/detail/268"">Renewable Energy Standard</a>. S.B. 1229 clarified that sales tax should not be applied to these transactions.</p><p>&#10;&#9;To take advantage of these tax exemptions, a solar energy retailer must register with the Arizona Department of Revenue prior to selling or installing solar energy devices (Arizona <a href=""https://azdor.gov/forms/tpt-forms/solar-energy-devices-application-registration"">Form 6015</a>, Solar Energy Devices – Application for Registration.) The exemption for solar energy retailers has no expiration date.</p><p>&#10;&#9;Most cities have a 0.5% to 2% city privilege (&#34;sales&#34;) tax that is applicable to sales or installations of solar energy devices, unless a city specifically exempts such sales under its city tax code. Solar energy retailers should check with the city in which the retail business is located to find out whether city privilege tax is applicable.</p><p>&#10;&#9;*<i>Technically, the law allows retailers to deduct the amount received from the sale of solar energy devices from their transaction privilege tax base.</i></p>",Incentive Amount: 100% of sales tax on eligible equipment; Maximum Incentive: No maximum; Equipment Requirements: ,,"September 4, 2026",01/01/2000
1429,updated,True,CA,Financial Incentive,Rebate Program,Utility,Pacific Power - wattsmart Business,Pacific Power,Geothermal Heat Pumps,Incentive : 62.0000 $/ton,"<p>Pacific Power's wattsmart Business Program includes incentives and technical assistance for lighting, HVAC and other equipment upgrades that increase energy efficiency and exceed code requirements in a variety of commercial and industrial facilities. Contact Pacific Power for additional details or visit the program website listed above. </p>","Incentive Amount: <a href=""https://www.pacificpower.net/content/dam/pcorp/documents/en/pacificpower/savings-energy-choices/wattsmart-business/california/CA_wattsmart_Business_Incentive_Lists.pdf""> CA Business Incentive List; Maximum Incentive: Evaporative Pre-cooler: 70% of project cost<br>
LED Lighting: up to 70% of qualifying purchases; Eligible System Size: ; Equipment Requirements: ; Installation Requirements: ; Ownership of Renewable Energy Credits: ",https://www.pacificpower.net/savings-energy-choices/business/wattsmart-efficiency-incentives-california.html,"October 7, 2025",04/26/2006
5351,updated,True,CA,Financial Incentive,Sales Tax Incentive,State,Partial Sales and Use Tax Exemption for Agricultural Solar Power Facilities,California State Board of Equalization,,,"<p>&#10;&#9;California provides a partial exemption of the state's sales and use tax for farm equipment and machinery. The exemption only applies to taxes levied by the State, and not sales and use taxes levied by local governments. Further, the exemption does not apply to the taxes imposed or administered pursuant to sections 6051.2 and 6201.2 of the Revenue and Taxation Code, the Bradley-Burns Uniform Local Sales and Use Tax Law, the Transactions and Use Tax Law, or section 35 of article XIII of the California Constitution.</p>&#10;<p>&#10;&#9;The California State Board of Equalization issued a Special Notice in November 2012, clarifying that photovoltaic (PV) systems that are used to provide electricity to farm equipment and machinery may qualify for the partial exemption. For any farm equipment or machinery to qualify for the partial exemption, it must be used primarily in producing and harvesting agricultural products. &#34;Primarily&#34; means 50% or more of the time. In the case of PV, according to the Special Notice, 50% or more of the electricity produced by the system must be used to provide power to farm equipment and machinery. The system does not need to be directly connected to the equipment to qualify. The system can be connected to the local electrical grid and used to offset the farm's electrical use through a net metering arrangement with the local utility. Applicants will need to demonstrate, however, that the farm equipment annually consumes at least half of the amount of electricity annually produced by the PV system.</p>&#10;<p>&#10;&#9;Leased equipment also qualifies for the partial exemption. For more information, including a sample Partial Exemption Certificate, can be found on the web site above.</p>&#10;<p>&#10;&#9; </p>",Incentive Amount: 100% of the taxes levied by the State. Local and district sales taxes will still apply.; Maximum Incentive: ; Equipment Requirements: At least half of the electricity produced by the system must be used to power agricultural equipment.,https://www.cdtfa.ca.gov/formspubs/pub235g.pdf,"September 4, 2026",12/13/2012
558,expired+updated,True,CA,Financial Incentive,Property Tax Incentive,State,Property Tax Exclusion for Solar Energy Systems and Solar Plus Storage System,California State Board of Equalization,,,"<p><span><b><i>Note: <a href=""https://leginfo.legislature.ca.gov/faces/billTextClient.xhtml?bill_id=202520260SB710"">S.B. 710</a>, enacted in October 2025, clarified that systems installed before the January 1, 2027 expiration date will continue to qualify for this tax exclusion until there is a change in ownership. </i></b></span></p><p><span>Section 73 of the California Revenue and Taxation Code allows a property tax exclusion for certain types of solar energy systems installed between January 1, 1999, and June 30, 2026. This section was amended by </span><a class=""summarylink"" href=""http://www.leginfo.ca.gov/pub/07-08/bill/asm/ab_1451-1500/ab_1451_bill_20080928_chaptered.pdf"" target=""_blank"" title=""AB 1451"">AB 1451</a><span> in September 2008 to include the construction of an active solar energy system incorporated by an owner-builder in the initial construction of a new building that the owner-builder does not intend to occupy or use. This only applies if the owner-builder did not already receive an exclusion for the same active solar energy system and only if the initial purchaser purchased the new building prior to that building becoming subject to reassessment to the owner-builder. </span><a class=""summarylink"" href=""http://leginfo.ca.gov/pub/11-12/bill/asm/ab_0001-0050/abx1_15_bill_20110628_chaptered.pdf"" target=""_blank"" title=""ABX1-15"">ABX1-15</a><span> of 2011 clarified that systems installed through sale-leaseback arrangements or partnership flip structures can benefit from this exclusion. Click </span><a class=""summarylink"" href=""http://www.boe.ca.gov/proptaxes/pdf/lta11030.pdf"" target=""_blank"" title=""Letter to Assessors"">here</a><span> and </span><a class=""summarylink"" href=""http://www.boe.ca.gov/proptaxes/pdf/lta11039.pdf"" target=""_blank"" title=""Letter to Assessors"">here</a><span> for Letters to Assessors from the State Board of Equalization that further explain the impact of ABX1-15.   </span><br/></p><p></p><p>The exclusion remains in effect only until there is a subsequent change in ownership, but an active solar energy system that qualifies for the exclusion before January 1, 2027, will continue to receive the exclusion until there is a subsequent change in ownership.</p><p></p><p>Qualifying active solar energy systems are defined as those that &#34;are thermally isolated from living space or any other area where the energy is used, to provide for the collection, storage, or distribution of solar energy.&#34; These include solar space conditioning systems, solar water heating systems, active solar energy systems, solar process heating systems, photovoltaic (PV) systems, and solar thermal electric systems, and solar mechanical energy. Solar pool heating systems and solar hot-tub-heating systems are not eligible.<br/>&#10;&#9;<br/>&#10;&#9;Components included under the exclusion include storage devices, power conditioning equipment, transfer equipment, and parts. Pipes and ducts that are used to carry both solar energy and energy derived from other sources qualify for the exemption only to the extent of 75% of their full cash value. Likewise, dual-use equipment for solar-electric systems qualifies for the exclusion only to the extent of 75% of its value.<br/>&#10;&#9;<br/>&#10;&#9;System owners should contact the applicable county assessor's office for further information. Click <a href=""https://www.boe.ca.gov/proptaxes/countycontacts.htm"">here</a> for a listing of County Assessor offices in California, and <a class=""summarylink"" href=""http://www.boe.ca.gov/proptaxes/pdf/lta08071.pdf"" target=""_blank"" title=""Letter to Assessors"">here</a> for a December 2008 letter to the assessor that further clarifies the terms of the exclusion.</p>",Incentive Amount: 100% of system value; 75% of system value exemption for dual-use equipment; Maximum Incentive: Not specified.; Eligible System Size: ; Equipment Requirements: ,https://boe.ca.gov/proptaxes/active-solar-energy-system/,"September 4, 2026",04/19/2001
1431,updated,True,CA,Financial Incentive,Rebate Program,Utility,SDG&E - Residential Efficiency Rebate Program,San Diego Gas & Electric,Air conditioners; Heat Pump Water Heater; Programmable Thermostats; Water Heaters,Incentive : 15.0000 $; Incentive : 75.0000 $; Incentive : 15.0000 $; Incentive : 500.0000 $,"<p>&#10;&#9;Residential customers of San Diego Gas and Electric (SDG&amp;E) are eligible for point-of-sale or mail-in rebates on various energy efficiency rebates, including clothes washers, smart thermostats, and water heaters. See website above for complete details. </p>&#10;<p><br/></p>","Incentive Amount: Smart Thermostat: $40 - $75<br>
Gas Tank Water Heater: $75<br>
Heat Pump Water Heater (replacing an electric water heater): $500<br>
Room Air Conditioner: $15<br>; Maximum Incentive: ; Eligible System Size: ; Equipment Requirements: See program website for complete details.; Installation Requirements: ; Ownership of Renewable Energy Credits: ",http://www.sdge.com/buyers-guide/399,"October 16, 2025",04/26/2006
22048,expired+updated,True,CA,Financial Incentive,Sales Tax Incentive,State,Sales and Use Tax Exemption for Electric Power Generation and Storage Equipment,California Department of Tax and Fee Administration,,,"<p><a href=""https://leginfo.legislature.ca.gov/faces/billTextClient.xhtml?bill_id=201720180AB1817"">AB 1817 of 2018</a> created an exemption from the sales and use tax for &#34;qualified tangible personal property purchased for use by a qualified person to be used primarily in the generation or production, or storage and distribution, of electric power.&#34; The exemption also applies to contractors who purchase the equipment in the service of a contract with a qualified person. &#34;Qualified person&#34; is defined in the statutes. </p><p>The exemption does not apply to the generation or production of electricity from nuclear energy, large hydro, or fossil fuels, except when used in cogeneration. However, the exemption does apply to the storage and distribution of electric power from any source.  </p><p>The exemption also applies to &#34;special purpose buildings and foundations used as an integral part of the generation or production or storage and distribution of electric power.&#34;</p><p><br/></p><p><br/></p>",Incentive Amount: 100%; Maximum Incentive: ; Equipment Requirements: ,https://www.cdtfa.ca.gov/industry/manufacturing-and-research-and-development-equipment-exemption/,"September 4, 2026",02/08/2018
3306,expired+updated,True,CO,Financial Incentive,Rebate Program,Utility,Atmos Energy (Gas) - Energy Efficiency Rebate Program,,Attic Insulation; Boilers; Duct/Air sealing; Floor Insulation; Furnaces; General Air Sealing; Programmable Thermostats; Tankless Water Heater; Wall Insulation; Water Heaters,Incentive : 80.0000 % of cost; Incentive max: 4500.0000 $; Incentive : 80.0000 % of cost; Incentive max: 5400.0000 $; Incentive : 575.0000 $; Incentive : 75.0000 % of cost; Incentive max: 1550.0000 $; Incentive : 75.0000 % of cost; Incentive max: 1150.0000 $; Incentive : 75.0000 % of cost; Incentive max: 1075.0000 $; Incentive : 663.0000 $; Incentive : 80.0000 % of cost; Incentive max: 800.0000 $; Incentive : 80.0000 % of cost; Incentive max: 700.0000 $; Incentive : 25.0000 $,<p>Atmos Energy offers a variety of rebates to its residential and small commercial customers. All equipment must meet certain energy efficiency standards listed on the program website. Applications must be submitted with a copy of the receipt/invoice and equipment must be purchased in accordance with Atmos Energy guidelines. <br/></p><p><span>Atmos Energy also offers a custom rebate program for large commercial and industrial customers. Contact the utility for more information on this program.</span></p><div><span>Contact Atmos Energy or visit the website listed above for program specifics.</span><div><p><br/></p></div></div>,"Incentive Amount: <ul>
  <li><b>Space Heating</b>
    <ul>
      <li>Furnace maintenance – $140 limited-time rebate (September 15 – November 30, 2025)</li>
      <li>Natural gas furnace – 80% of total cost; up to $4,500</li>
      <li>Natural gas boiler – 80% of total cost; up to $5,400</li>
      <li>Boiler maintenance – $50</li>
      <li>Boiler reset controls – $150</li>
    </ul>
  </li>

  <li><b>Air Sealing and Insulation</b>
    <ul>
      <li>Air sealing – $575</li>
      <li>Attic insulation – 75% of total cost; up to $1,550</li>
      <li>Floor insulation – 75% of total cost; up to $1,150</li>
      <li>Crawlspace/basement insulation – 75% of total cost; up to $1,325</li>
      <li>Wall insulation – 75% of total cost; up to $1,075</li>
      <li>Rim joist insulation – 75% of total cost; up to $125</li>
      <li>Duct sealing – $663</li>
    </ul>
  </li>

  <li><b>Water Heating</b>
    <ul>
      <li>Natural gas tankless water heater – 80% of total cost; up to $800</li>
      <li>Natural gas storage water heater – 80% of total cost; up to $700</li>
      <li>Low-flow showerhead – $10</li>
      <li>Low-flow faucet aerator – $5</li>
    </ul>
  </li>

  <li><b>Thermostats</b>
    <ul>
      <li>Smart thermostat – $100</li>
      <li>Programmable thermostat – $25</li>
    </ul>
  </li>
</ul>; Maximum Incentive: ; Eligible System Size: ; Equipment Requirements: See program website.; Installation Requirements: ; Ownership of Renewable Energy Credits: ",https://www.atmosenergy.com/ways-to-save/colorado-rebates,"November 17, 2025",03/23/2009
3675,expired+updated,True,CO,Financial Incentive,Rebate Program,Utility,Black Hills Energy (Gas) - Commercial Energy Efficiency Program,Black Hills Energy,Boilers; Building Insulation; Commercial Cooking Equipment; Duct Insulation; Equipment Insulation; Food Service Equipment; Furnaces; Heat pumps; Programmable Thermostats; Wall Insulation,Incentive min: 250.0000 $; Incentive max: 650.0000 $; Incentive : 1600.0000 $; Incentive : 6310.0000 $; Incentive max: 150.0000 $; Incentive min: 600.0000 $; Incentive max: 2000.0000 $; Incentive min: 0.2500 $/square foot; Incentive max: 895.0000 $; Incentive : 0.2500 $/square foot; Incentive max: 2665.0000 $; Incentive : 70.0000 % of cost; Incentive max: 460.0000 $; Incentive : 70.0000 % of cost; Incentive max: 600.0000 $,"<p>&#10;&#9;Black Hills Energy offers multiple programs for Colorado commercial and industrial customers to save natural gas in eligible facilities. The commercial prescriptive rebate program provides standardized, predetermined rebates to commercial customers that install or upgrade energy efficient equipment recommended by an energy evaluation. Black Hills Energy also offers the custom rebate program to commercial and industrial customers for projects that reduce energy usage. All custom incentives are calculated based upon energy savings above the program standard. Additionally, new construction incentives are available for new buildings which incorporate efficient design techniques and equipment. Visit the program website for more information on these offerings.</p>","Incentive Amount: <b>HIGH EFFICIENCY COMMERCIAL EQUIPMENT</b><br>
Backup Generator: $230<br>
Swimming Pool Cover: $290<br><br>

<b>NATURAL GAS SPACE HEATING EQUIPMENT</b><br>
Furnace: $250 - $650<br>
Boiler: $1,600<br>
Combination Gas Space & Water Heat: $4,730<br>
Gas Fired Absorption Heat Pump: $6,310<br><br>

<b>NATURAL GAS SPACE HEATING EQUIPMENT</b><br>
Setback Thermostat: Up to $150<br>
Smart Thermostat: Up to $100<br>
Direct Digital Control System: $1,860<br>
Economizer Tune-Up: $150<br><br>

<b>NATURAL GAS COOKING EQUIPMENT</b><br>
Char-Broiler (infrared): $1,650<br>
Upright Broiler (infrared): $1,200<br>
Conveyor Oven: $4,125<br>
Rack Oven: $2,000<br>
Salamander Broiler: $750<br>
Steam Cooker: $600<br><br>

<b>ENVELOPE MEASURE RETROFIT</b><br>
Wall Insulation: $0.25/sq. ft. (Up to $895)<br>
Ceiling Insulation: $0.25/sq. ft. (Up to $2,665)<br>
Duct Insulation: 70% of cost up to $460<br>
Duct Repair and Sealing: 70% of cost up to $2,200<br>
Boiler Pipe Insulation: 70% of cost up to $600<br>
Infiltration Control: $0.50 per perimeter of
windows in feet (Up to $220); Maximum Incentive: ; Eligible System Size: ; Equipment Requirements: See program website. Envelope Measures are for retrofit only, new construction or new additions are not eligible for rebate.; Installation Requirements: ; Ownership of Renewable Energy Credits: ",https://www.blackhillsenergy.com/efficiency-and-savings/commercial-rebates/colorado-gas-commercial-rebates,"November 17, 2025",09/16/2009
4082,updated,True,CO,Financial Incentive,Sales Tax Incentive,Local,City of Boulder - Solar Sales and Use Tax Rebate,,,,"<p>&#10;&#9;In 2006, the City of Boulder established a solar sales and use tax rebate for photovoltaic (PV) and solar water heating installations. Solar system owners may receive a rebate (essentially a tax refund) drawn from the unrestricted tax revenues collected from solar energy sales.</p>&#10;<p>&#10;&#9;Out of the sales and use taxes paid to the City of Boulder for solar projects, approximately 55% of revenues go to restricted funds. Within one year of the city’s final inspection, solar project owners can apply to receive a refund of 35% from the amount paid to unrestricted (general) funds, making the value of the refund about 15% of the city sales and use tax paid. The average rebate is approximately $140 for a 4.5 kW photovoltaic system.</p>&#10;<p>&#10;&#9;The remaining 65% of the unrestricted revenues are used to fund the <a href=""http://programs.dsireusa.org/system/program/detail/2948"">Solar Grant Program</a>. The Solar Grant Program funds solar energy systems for local nonprofit organizations and income-qualified homeowners.</p>&#10;<p>&#10;&#9;An application for Boulder's Solar Energy Sales and Use Tax Rebate is available <a href=""https://bouldercolorado.gov/services/solar-tax-rebates"">here</a>, and an immigration form must be completed and returned with all applications to comply with House Bill 06S-1023.</p><p>Grant Criteria can be found <a href=""https://bouldercolorado.gov/services/solar-tax-rebates"">here.</a></p>",Incentive Amount: ~15% refund on sales and use tax for the solar installation; Maximum Incentive: ; Equipment Requirements: ,https://bouldercolorado.gov/services/solar-tax-rebates,"March 20, 2026",04/08/2010
22718,updated,True,CO,Financial Incentive,Rebate Program,State,Colorado - Home Electrification and Appliance Rebate (HEAR) Program,,Cold Climate Heat Pump; Duct/Air sealing; Electric Cooking Appliance; Electrical Panel; Electrical Wiring; Energy Mgmt. Systems/Building Controls; HVAC; Heat Pump Water Heater; Heat pumps; Insulation,Income Requirements max: 80.0000 % AMI; Incentive max: 14000.0000 $; Income Requirements min: 80.0000 % AMI; Income Requirements max: 150.0000 % AMI; Incentive max: 14000.0000 $; Income Requirements max: 80.0000 % AMI; Income Requirements min: 50.0000 % of LMI tenants; Incentive max: 14000.0000 $; Income Requirements min: 80.0000 % AMI; Income Requirements max: 150.0000 % AMI; Income Requirements min: 50.0000 % of LMI tenants; Incentive max: 14000.0000 $,"<p><b><i>Note: The Federal Inflation Reduction Act (IRA) created the Home Electrification and Appliance Rebate (HEAR) Program. The IRA established the main parameters for this program, but allowed the states to customize the program to meet their state-specific needs. The program is designed to award rebates for purchase of qualifying home electrification equipment and appliances. Residents earning less than 80% of the Area Median Income (AMI) can receive the full rebate amount, and residents earning between 80% and 150% AMI can receive a partial rebate. See summary below and program website for complete details. </i></b></p><p><b></b></p><p><i><b>Application for Region 1 Single-Family Homes (Adams, Arapahoe, Boulder, Broomfield, Clear Creek, Denver, Douglas, Elbert, El Paso, Gilpin, Jefferson, Larimer, Teller, and Weld) closed on April 27, 2026. Applications are still open for Region 2 Single-Family Homes (All Other Counties), until funding is exhausted. Rebates are not yet available for multi-family buildings, though the expected incentives are listed on the website.</b></i></p><p></p><p></p><p>The Colorado Energy Office (CEO) will receive  a total of $140 million in federal funding for two rebate programs for income-qualified Colorado homeowners and renters to improve home energy efficiency and upgrade to electric appliances. These upgrades will reduce greenhouse gas emissions, improve indoor and outdoor air quality, and lower home energy costs. CEO will roll out a limited initial phase of Home Electrification and Appliance Rebates (HEAR) through the <a href=""https://energyoffice.colorado.gov/weatherization-assistance-program"">Weatherization Assistance Program (WAP) </a>to provide home energy upgrades to low-income Coloradans receiving WAP services. Direct-to-consumer rebates are available to eligible single-family home Coloradans who are not receiving WAP services; incentives for multi-family buildings should be available later in 2026. Information on funding availability can be found on the <a href=""https://energyoffice.colorado.gov/hear-dashboard"">CEO's dashboard</a>.</p><p></p>","Incentive Amount: Heat pump water heater: Up to $1,750<br>
Cold-climate heat pump for space heating and cooling: Up to $8,000 <br>
Non-cold-climate heat pump for space heating and cooling: Up to $3,000 <br>
Electric stove, cooktop, range, or oven: Up to $840<br>
Electric panel: Up to $4,000 <br>
Insulation, air sealing, and ventilation: Up to $1,600 <br>
Electrical wiring: Up to $2,500 <br>; Maximum Incentive: Single-Family and Multi-Family Homes:<br>
Below 80% of area median income: 100% of qualified project cost, up to $14,000 per household<br>
80% - 150% of area median income: 50% of qualified project cost, up to $14,000 per household<br>
<br>
Manufactured/Mobile Homes:<br>
Below 80% of area median income and 20% - 24% expected energy savings: 100% of qualified project cost, up to $14,000 per household<br>
Below 80% of area median income and 35%+ expected energy savings: 100% of qualified project cost, up to $16,000 per household<br>
80% - 150% of area median income and 20% - 24% expected energy savings: 50% of qualified project cost, up to $2,000 per household<br>
80% - 150% of area median income and 35%+ expected energy savings: 50% of qualified project cost, up to $4,000 per household; Eligible System Size: Multi-family buildings must be smaller than 50,000 square feet; Equipment Requirements: All upgrades must be ENERGY STAR certified; Installation Requirements: ; Ownership of Renewable Energy Credits: ",https://energyoffice.colorado.gov/home-energy-rebates,"May 12, 2026",11/11/2024
5349,updated,True,CO,Financial Incentive,Loan Program,Local,Colorado Residential Energy Upgrade (RENU) Loan program,Energy Smart Colorado,Air conditioners; Attic Insulation; Boilers; Doors; Duct/Air sealing; Electrical Panel; Floor Insulation; Furnaces; Geothermal Heat Pumps; Heat Pump Water Heater; Heat pumps; Induction Cooking Appliance; Insulation; Level-2 Electric Vehicle Service Equipment; Lithium-ion; Solar Photovoltaics; Tankless Water Heater; Wall Insulation; Water Heaters; Windows,Incentive min: 6.9900 %; Incentive max: 10.9900 %; Incentive max: 15.0000 Years; Incentive min: 6.9900 %; Incentive max: 11.3650 %; Incentive max: 20.0000 Years,"The Colorado RENU Loan is a statewide residential loan program sponsored by the Colorado Clean Energy Fund in partnership with Colorado-based credit unions. It makes home energy upgrades easy and affordable by offering low-cost, long-term financing for energy efficiency and renewable energy improvements.<br/><br/><div style=""text-align: left;"">Loan Terms</div><ul><li>Low, fixed interest rates starting at 6.99% from <a href=""https://cocleanenergyfund.com/wp-content/uploads/2025/03/ECU-rate-sheet-2025.pdf"">Elevations Credit Union</a> and at 7.74% from <a href=""https://cocleanenergyfund.com/wp-content/uploads/2025/03/Westerra-RENU-Rates-March-2025.pdf"">Westerra Credit Union</a></li><li>No money down; finance up to 100% of project cost</li><li>Loan terms up to 15 years (or 20 years for solar PV)</li><li>Loans up to $75,000</li><li>No prepayment penalties<br/></li></ul><br/><div>Eligible improvements<br/></div><ul><li>Solar PV &amp; solar thermal</li><li>Space heating &amp; cooling, including heat pumps and geothermal systems</li><li>Battery and thermal storage</li><li>EV charging</li><li>Insulation &amp; air sealing</li><li>Water heating</li><li>Windows, doors, and skylights</li><li>Check <a href=""https://cocleanenergyfund.com/wp-content/uploads/2025/10/RENU-Eligible-Measures-2.pdf"">here</a> for a full list of eligible improvements<br/></li></ul>","Maximum Loan: $75,000; Loan Term: Up to 15 years (or 20 years for solar PV); Interest Rate: Fixed interest rates starting at 6.99%",https://www.cocleanenergyfund.com/renu#homeowners,"November 24, 2025",12/12/2012
1302,updated,True,CO,Financial Incentive,Loan Program,Utility,Fort Collins Utilities - Epic Loan,Fort Collins Utilities,Air conditioners; Boilers; Building Insulation; Ceiling Fan; Clothes Washers; Comprehensive Measures/Whole Building; Doors; Duct/Air sealing; Electrical Panel; Food Service Equipment; Furnaces; Geothermal Heat Pumps; HVAC; Heat Pump Clothes Dryer; Heat Pump Water Heater; Heat pumps; Induction Cooking Appliance; Insulation; Lighting; Lithium-ion; Personal Computing Equipment; Programmable Thermostats; Refrigerators/Freezers; Solar Photovoltaics; Tankless Water Heater; Water Heaters; Windows,Incentive max: 50000.0000 $; Incentive min: 3.0000 Years; Incentive max: 15.0000 Years; Incentive min: 5.2500 %; Incentive max: 5.9500 %,"<p>&#10;&#9;Fort Collins Utilities offers its residential customers low-interest loans that may be used to finance up to 100% of the cost of eligible energy efficiency and renewable energy projects at existing homes. This loan program offers no-money-down financing for up to 15 years. Payments are made through the customer's utility bill, and there is a limit of one loan per premise. Eligible technologies are those eligible for Fort Collin's <a href=""https://programs.dsireusa.org/system/program/detail/1300"">energy efficiency rebates</a>. See the program website for more information, or see contacts below.<br/></p>","Maximum Loan: $50,000; Loan Term: Tier I: 3 or 5 years<br>
Tier II: 7 or 10 years<br>
Tier III: 15 years; Interest Rate: Tier I: 5.25%<br>
Tier II: 5.55%<br>
Tier III: 5.95%",https://www.fcgov.com/utilities/epicloan,"November 25, 2025",03/13/2006
5583,updated,True,CO,Financial Incentive,Loan Program,State,Green Colorado Credit Reserve,Colorado Housing Finance Authority,,,"<p><span>The Green Colorado Credit Reserve (GCCR) is a loan loss reserve that was created by the Colorado Energy Office (CEO) to incentivize private lenders throughout Colorado to make small commercial loans up to $100,000 for capital improvements that promote energy efficiency and renewable energy. The GCCR is administered by the Colorado Housing Finance Authority (CHFA) on behalf of the CEO.</span><br/></p>&#10;<p>&#10;&#9;<strong>How the Loan Loss Reserve Works</strong></p><p><span>For each loan made by a participating lender, the GCCR will provide a loan loss reserve equal to 15% of the amount of the loan. For example, if a participating lender makes a loan for $100,000, the lender will have $15,000 available to cover any losses in case of loan default.</span></p><p><span>According to the CEO, a 15% loan loss reserve increases lenders’ risk thresholds, enabling them to offer lower interest rates for loans that promote energy efficiency and renewable energy. Furthermore, the loan loss reserve encourages banks to close multiple loans because the reserve aggregates as the lender makes more loans. For example, if a lender makes ten loans for $100,000, the lender will have aggregated $150,000 for any possible loan losses.</span></p><p><span>Contact the CEO Director of Finance &amp; Operations for more information.</span></p>","Maximum Loan: $100,000 (which translates to $15,000 in loan loss reserve provided to the lender); Loan Term: Determined by the lender; Interest Rate: Determined by the lender",https://energyoffice.colorado.gov/green-colorado-credit-reserve,"November 24, 2025",11/05/2014
22763,updated,True,CO,Financial Incentive,Rebate Program,Local,High Country Conservation - Solarize Summit,,,,"<p>Solarize Summit offers up to a $1,650 rebate for residents of Breckenridge, Silverthorne, Frisco and Summit County for installation of solar PV systems. The program's installer, Active Energies Solar, also offers a 5% discount up to $750. The program is open from February 1- May 31, 2025.</p>","Incentive Amount: $1,650; Maximum Incentive: ; Eligible System Size: ; Equipment Requirements: ; Installation Requirements: ; Ownership of Renewable Energy Credits: ",https://highcountryconservation.org/solarize-summit/,"March 21, 2026",03/17/2025
2501,updated,True,CO,Financial Incentive,Property Tax Incentive,State,Local Option - Property Tax Exemption for Renewable Energy Systems,"Department of Local Affairs, Local Governments",,,"<p>Colorado enacted <a href=""http://www.leg.state.co.us/clics/clics2007a/csl.nsf/fsbillcont3/31EEE26AB55EDC4A87257251007D4FBD?open&amp;file=145_enr.pdf"">SB07-145</a> in April 2007, authorizing counties and municipalities to offer property or <a href=""http://programs.dsireusa.org/system/program/detail/2502"">sales</a> tax rebates or credits to residential and commercial property owners who install renewable energy systems on their property. <br/>&#10;&#9;<br/>&#10;&#9;<span><span>Local governments can enact incentive payments or property tax rebates under certain circumstances related to economic development. A county, municipality, or special district can enter into negotiations for an incentive payment with owners of new business facilities. A county, municipality, or special district may also negotiate an incentive payment or credit with owners of existing business facilities, located in their jurisdiction, based on verifiable documentation demonstrating that there is a substantial risk that the owner of the existing business facility will relocate it out of state. The incentives cannot exceed 100 percent of the personal property taxes paid to the county, municipality, or special district. For agreements made prior to August 6, 2014, the agreement cannot last more than ten years. For agreements made after August 6, 2014, the agreement may not last longer than thirty-five years, §§ 30-11-123, 31-15-903, and 32-1-1702, C.R.S. <br/><br/>Other local renewable energy incentives may exist. Contact your local county or municipality for more information.<br/></span><br/>&#10;&#9;<span>Websites for many Colorado cities can be found at the Colorado Municipal League website,<span class=""apple-converted-space""> </span></span></span><a href=""http://www.cml.org/"" target=""_blank"" title=""CML""><span>www.cml.org</span></a><span>.</span><br/>&#10;&#9;<br/>&#10;&#9;<span><span>Websites for Colorado counties can be found at the Colorado Counties, Inc. website,<span class=""apple-converted-space""> </span></span></span><a href=""http://www.ccionline.org/"" target=""_blank"" title=""Colorado Counties""><span>www.ccionline.org</span></a><span>.</span></p>",Incentive Amount: Varies (local option); Maximum Incentive: Varies (local option); Eligible System Size: ; Equipment Requirements: ,,"November 20, 2025",04/27/2007
2502,updated,True,CO,Financial Incentive,Sales Tax Incentive,State,Local Option - Sales and Use Tax Exemption for Renewable Energy Systems,"Department of Local Affairs, Local Governments",,,"<p><b>Note: See the supplemental <a href=""https://tax.colorado.gov/sites/tax/files/documents/SUTT_Renewable_Energy_Components_Sep_2021.pdf"">Sales &amp; Use Tax Topics: Renewable Energy Components</a> Form for more information.</b><br/></p><p>Colorado enacted <a href=""http://www.leg.state.co.us/clics/clics2007a/csl.nsf/fsbillcont3/31EEE26AB55EDC4A87257251007D4FBD?open&amp;file=145_enr.pdf"">S.B. 07-145</a> in April 2007, authorizing counties and municipalities to offer property or sales tax rebates or credits to residential and commercial property owners who install renewable energy systems on their property.<span class=""apple-converted-space""> </span></p>&#10;<p>&#10;&#9;<span>Eligible renewable energy property is defined as &#34;any fixture, product, system, device or interacting group of devices that produce electricity from renewable resources, including, but not limited to, photovoltaic systems, solar thermal systems, small wind systems, biomass systems, or geothermal systems.&#34;</span><br/>&#10;&#9;<br/>&#10;&#9;<span><span>The incentive is administered at the local level by individual cities and counties. Individuals should contact the city and county where their property is located to find out if a tax rebate or credit will be established in their community.</span><br/>&#10;&#9;<br/>&#10;&#9;<span>Websites for many Colorado cities are available on the Colorado Municipal League website,<span class=""apple-converted-space""> </span></span></span><a href=""http://www.cml.org/"" target=""_blank"" title=""CML""><span>www.cml.org</span></a><span>.</span><br/>&#10;&#9;<br/>&#10;&#9;<span><span>Websites for Colorado counties are available on the Colorado Counties, Inc. website,<span class=""apple-converted-space""> </span></span></span><a href=""http://www.ccionline.org/"" target=""_blank"" title=""Colorado Counties""><span>www.ccionline.org</span></a><span>.</span><b><span></span></b></p>",Incentive Amount: Varies (local option); Maximum Incentive: Varies (local option); Equipment Requirements: ,,"December 24, 2025",04/27/2007
3697,updated,True,CO,Financial Incentive,Rebate Program,Utility,Morgan County REA - Efficiency Credit/Rebate Programs,Morgan County Rural Electric Association,Direct Current Fast Charging Equipment; Dual Fuel Air-Source Heat Pump; Ducted Mini-Split Heat Pump; Ductless Mini-Split Heat Pump; Electric Clothes Dryer; Evaporative Cooler; Geothermal Heat Pumps; Heat Pump Clothes Dryer; Heat Pump Water Heater; Induction Cooking Appliance; Level-2 Electric Vehicle Service Equipment; Medium-Duty Electric Vehicles; Motors; Programmable Thermostats; Refrigerators/Freezers; Water Heaters; Whole House Fan,Incentive : 30.0000 $/Unit; Incentive : 90.0000 $/Unit; Incentive : 60.0000 $/Unit; Incentive min: 100.0000 $/Unit; Incentive max: 350.0000 $/Unit; Incentive min: 25.0000 $; Incentive max: 50.0000 $; Incentive : 100.0000 $/Unit; Incentive : 200.0000 $/Unit; Incentive min: 30.0000 $/Unit; Incentive max: 350.0000 $/Unit; Incentive min: 500.0000 $; Incentive max: 1500.0000 $; Incentive min: 250.0000 $/ton; Incentive max: 500.0000 $/ton; Incentive max: 50.0000 % of cost; Incentive max: 1000.0000 $; Incentive max: 50.0000 % of cost; Incentive max: 7500.0000 % of cost; Incentive : 8.0000 $/horsepower; Incentive max: 20000.0000 $; Incentive max: 5000.0000 $,"<p>The Electrify and Save® Program promotes energy efficiency and beneficial electrification for residential, small commercial, and industrial members across the cooperative network. Since 1985, Tri-State has partnered with distribution members to encourage the wise use of electricity and the adoption of efficient electric technologies that enhance productivity, safety, and sustainability. The program offers rebates for a wide range of energy-efficient technologies, including heat pumps, smart thermostats, electric appliances, water heaters, electric vehicle chargers, outdoor power equipment, LED lighting, motors, and more. Incentives are designed to reduce carbon emissions, support sustainable load growth, and make clean technologies more affordable. Customers must verify eligibility and application requirements with their local Cooperative or Public Power District before purchase or installation.</p><p><br/></p><p><span>Contact the Tri-State Generation and Transmission Association at 303-452-6111 to learn more.</span></p>","Incentive Amount: <a href=""https://www.mcrea.org/sites/default/files/Rebates/2025%20Rebates/2025%20ES%20Marketing%20Brochure.pdf""> 2025 Rebate Guide<br />; Maximum Incentive: ; Eligible System Size: ; Equipment Requirements: ; Installation Requirements: ; Ownership of Renewable Energy Credits: ",https://www.mcrea.org/energy-efficiency-rebates,"October 6, 2025",09/24/2009
4210,updated,True,CO,Financial Incentive,Property Tax Incentive,State,Property Tax Exemption for Residential Renewable Energy Equipment,Division of Property Taxation / Local Assessors,,,"<p><b>Property Tax Exemption</b></p><p></p><p>Renewable energy personal property that is located on a residential classified property, owned by the residential property owner, and produces energy that is used by the residential property is exempt from Colorado property taxation.</p><p><span>Independently owned residential solar electric generation facilities that meet the criteria listed in § 39-1-102 (6.8), C.R.S. are exempt from Colorado property taxation under § 39-3-102, C.R.S. To qualify for the exemption the solar electric generation facility must be located on residential real property, used to produce electricity from solar energy primarily for use in the residential improvements, and have a production capacity of no more than 100 kW of AC electricity. Energy storage systems connected to the generation system are included as part of the facility.</span><br/></p><p></p><p><b>Eligible Technologies</b><br/></p><p><span>Most locally assessed renewable energy property meet the criteria to be classified as personal property under § 39-1-102 (11), C.R.S. </span></p><p><span>For Colorado property taxation purposes, solar energy facilities (e.g., PV panels, community solar gardens) property used to produce 2 megawatts (MW) or less of AC electricity and wind energy facilities property used to produce 2 MW or less of AC electricity are locally assessed. In addition, locally assessed renewable energy property includes small or low impact hydroelectric facilities, geothermal energy facilities, and biomass energy facilities as defined in § 39-4-101, C.R.S., used to produce 2 MW or less of AC electricity and placed into use prior to January 1, 2010. Community solar gardens are classified as locally assessed properties. Energy storage systems connected to the generation system are included as a part of the facility for valuation purposes.</span><br/></p><p></p><p><b>Ineligible Technologies</b></p><p></p><p></p><p>Renewable energy property in Colorado is taxable unless specifically exempt by the Colorado Constitution.</p><p>All renewable energy systems with greater than 2 MW of AC electricity <span>generation capacity are valued as public utility property by the State Assessed Properties </span><span>Section of the Division of Property Taxation (Division). Small or low impact hydroelectric </span><span>facilities, geothermal energy facilities, and biomass energy facilities, as defined in 39-4-101, </span><span>C.R.S., that are put into use on or after January 1, 2010 and not primarily designed to supply </span><span>electricity for consumption on site are state assessed regardless of AC generation capacity.</span></p>",Incentive Amount: 100% exemption for renewable energy system property; Maximum Incentive: ; Eligible System Size: ; Equipment Requirements: Energy produced by the system must be used on-site,https://cdola.colorado.gov/renewable-energy,"March 20, 2026",06/16/2010
2388,updated,True,CO,Financial Incentive,Property Tax Incentive,State,Renewable Energy Property Tax Assessment,Department of Local Affairs,,,"<p>&#10;&#9;<strong>Locally Assessed Renewable Energy Property</strong></p><p><span>Solar photovoltaic (PV), including agrivoltaics and floatovoltaics, and wind energy facilities with a capacity of 2 megawatts (MW) AC or less are assessed locally for property taxes. Additionally, low impact hydro, geothermal, and biomass facilities with a capacity of 2 MW or less and which were placed in service prior to January 1, 2010, are also assessed locally for property taxes. In assigning value to renewable energy property, local assessors are required to use the cost approach outlined in the Assessors' Reference Library. Assessors must also examine the sales comparison and income approaches, both described in the Assessor's Reference Library. </span></p>&#10;<p>&#10;&#9;<strong>State Assessed Renewable Energy Property</strong></p>&#10;<p>&#10;&#9;Renewable energy systems with a capacity greater than 2 MW are assessed for property taxes by the State Assessed Properties Section of the Division of Property Taxation. Additionally, small or low impact hydro, geothermal, and biomass facilities of any size which were placed in service on or after January 1, 2010, are assessed by the state for property taxes. These facilities are valued as though their actual value for property taxation is that of a non-renewable energy facility, including all direct and indirect costs. The incremental value of the renewable energy facilities above the non-renewable facilities is disregarded. </p><p><span>The Division of Property Taxation is responsible for determining the nonrenewable comparison value each year. Starting in 2014, state assessed properties use a five-year rolling average of the most recent rates. This valuation methodology applies to renewable energy that is connected to the grid through an interconnection meter. It does not apply to off-grid customer-sited resources.</span><br/></p><p>For 2015, if the renewable energy facility was already in service before January 1, 2012, then only the generation cost of capital threshold rate is applied. For any new facility placed in service on or after this date, the additional delivery capital cost threshold rate will be included. A template spreadsheet is available at the above website that can be used to estimate property taxes for renewable energy property.</p><p><b><i>Generation Cost of Capital Threshold Rate</i></b></p><p>For the 2026 assessment year, the following <a href=""https://drive.google.com/file/d/17JoMP3qA7_ms6Yn84vgY7f57giR2QVvH/view"">capital cost threshold rates</a> are to be applied for generation, based on the nameplate capacity of the facility:</p><p></p><ul><li><span>Up to 2 MW: $679 per kW</span></li><li><span>2.001-5 MW: $679 per kW</span></li><li><span>5.001-10 MW: $679 per kW</span></li><li><span>10.001-50 MW: $712 per kW</span></li><li><span>50.001-100 MW: $530 per kW</span></li><li><span>100.001-200 MW: $381 per kW</span></li><li>Over 200 MW: $298 per kW</li></ul><p><span><b><i>Delivery Cost of Capital Threshold Rate</i></b></span></p><p><span></span></p><p>For renewable energy facilities going into service on or after January 1, 2012, there is an additional valuation component to be considered for associated transmission lines. The typical non-renewable delivery threshold in 2026 is $70,000.</p><p></p>",Incentive Amount: Varies depending on rate set annually by the Division of Property Taxation; Maximum Incentive: ; Eligible System Size: ; Equipment Requirements: ,https://dpt.colorado.gov/renewable-energy,"April 13, 2026",02/16/2007
4850,updated,True,CO,Financial Incentive,Rebate Program,Local,Roaring Fork Valley - Energy Smart Colorado Home Energy Upgrade Rebates,Community Office for Resource Efficiency (CORE),Attic Insulation; Cold Climate Heat Pump; Duct/Air sealing; Electrical Panel; Floor Insulation; General Air Sealing; Heat Pump Water Heater; Heat pumps; Insulation; Smart Electrical Panel; Wall Insulation,Incentive max: 2000.0000 $; Incentive max: 2000.0000 $,"<p>Energy Smart Colorado is the first rural multi-jurisdictional consortium in the U.S. to implement a comprehensive residential energy efficiency program.</p>&#10;<p>Residents of counties with an <a href=""https://energysmartcolorado.org/program-partners/"">Energy Smart Colorado Partner</a> are eligible for energy efficiency and renewable energy assistance, rebates, and financing through the Energy Smart Colorado program. The program helps homeowners identify, finance, and complete energy improvements in their homes.</p><p>In addition to this, the program also offers utility efficiency rebates of varying sizes for customers of City of Aspen Electric, Atmos Energy, Black Hills Energy, Empire Electric, City of Gunnison Electric, Gunnison County Electric, Holy Cross Energy, La Plata Electric, Mountain Parks Electric, San Isabel Electric, San Miguel Power, SDCEA, Xcel Energy, and Yampa Valley Energy.</p>&#10;<p>&#10;&#9;Each participating county operates an Energy Resource Center (ERC), providing homeowners and contractors with a local, reliable one-stop-shop for information and service. Each ERC is staffed with a Building Performance Institute certified Home Energy Advisor who provides expert advice, coaching, and assistance with enrollments, home energy assessments, and improvement projects.</p>&#10;<div>&#10;&#9;<p>&#10;&#9;&#9;<strong>Energy Smart in Roaring Fork Valley</strong></p>&#10;</div>&#10;<div>&#10;&#9;<p>&#10;&#9;&#9;The Energy Smart program serves the Roaring Fork Valley through the Community Office for Resource Efficiency (CORE), a nonprofit organization promoting renewable energy and energy efficiency in western Colorado. The Roaring Fork Valley Energy Smart program is funded through the <a href=""http://www.dsireusa.org/incentives/incentive.cfm?Incentive_Code=CO16R&amp;re=0&amp;ee=0"">Renewable Energy Mitigation Program (REMP)</a>. (Energy Smart Colorado serves Garfield County through the Clean Energy Economy for the Region.)</p>&#10;</div>&#10;<p>&#10;&#9;<strong>Home Energy Assessment</strong></p>&#10;<p>&#10;&#9;Interested homeowners can schedule a reduced-cost home energy assessment with a qualified Energy Smart Analyst who will come to the home and perform a comprehensive home safety and energy assessment. There are a variety of free improvements the Energy Smart Analyst may install at the time of the assessment including a programmable thermostat, efficient lighting, hot and cold water pipe insulation, a hot water tank insulation blanket, and door weather-stripping.</p>&#10;<p>&#10;&#9;<strong>Rebates</strong></p>&#10;<div>&#10;&#9;<p>&#10;&#9;&#9;In addition to the Home Energy Assessment, the homeowner may also be eligible to receive an Energy Smart rebate. Energy Smart provides direct rebates for energy improvement projects and also maintains up-to-date information on other financial incentives from utilities, state and local governments, and federal tax credits. More information on available rebates can be found <a href=""https://energysmartcolorado.org/eecbg-home-energy-upgrade-rebates/"">here</a>.</p></div>&#10;<p>&#10;&#9;<strong>Loans</strong></p>&#10;<p>&#10;&#9;For information on the Loan Program, click <a href=""http://programs.dsireusa.org/system/program/detail/5349"">here</a>. </p>","Incentive Amount: Weatherization improvements: up to $2,000. Includes air sealing and insulation<br>
Electrification improvements: up to $2,000. Includes cold climate heat pump, heat pump water heater, or electrical panel upgrade; Maximum Incentive: ; Eligible System Size: ; Equipment Requirements: Contact program administrator for more information; Installation Requirements: Contact program administrator for more information; Ownership of Renewable Energy Credits: ",https://energysmartcolorado.org/rebates-for-your-home/,"May 13, 2026",06/01/2011
5628,updated,True,CO,Financial Incentive,Loan Program,Utility,Xcel Energy - Commercial Energy Efficiency Financing,Xcel Energy,,,"<p>&#10;&#9;Xcel Energy offers tailored, one-stop financing for energy efficiency upgrades through the National Energy Improvement Fund (NEIF). </p><p><span>To get started, contact either NEIF directly or your local contractor and tell them you'd like to review a monthly payment proposal. Following this, apply online. Notification of approval typically takes 2-3 business days. Finally, sign closing documents and schedule installation.</span><span></span></p><p></p><p>For contractors and further information, visit the program website.</p><p></p>","Maximum Loan: ; Loan Term: Varies based on lending instrument employed; typical term is 1-7 years, though longer terms are available for larger projects or government projects.; Interest Rate: Varies based on term, project size and borrower credit quality.<br>
Commercial and Non-Profit: typically 8% - 13%<br>
Municipal: typically 4% - 7%",https://co.my.xcelenergy.com/s/business/financing,"November 24, 2025",12/03/2014
5627,updated,True,CO,Financial Incentive,Loan Program,Utility,Xcel Energy - Residential Energy Efficiency Financing,,Comprehensive Measures/Whole Building; Direct Current Fast Charging Equipment; Duct/Air sealing; HVAC; Solar Photovoltaics; Water Heaters; Windows; Yes; specific technologies not identified,Incentive max: 75000.0000 $,"<p>&#10;&#9;Xcel Energy connects residential customers with third-party lender Elevations Credit Union to provide qualifying residential customers with access to loan products for home energy efficiency improvements. Loans for qualifying home energy efficiency projects can be combined with rebates to make projects even more affordable (loans are also available for non-rebated measures).</p><p><b>Elevations Energy Loans:</b> In Boulder County, homeowners have access to low interest loans for energy improvements through the Energy Smart program. Further programs are offered throughout the State of Colorado through the RENU program, sponsored by the Colorado Clean Energy Fund.<br/></p><p>Visit the program website for more information.<br/></p>","Maximum Loan: Up to $75,000; Loan Term: 3 years to 15 years (20 years for solar); Interest Rate: Starts at 6.99%",https://co.my.xcelenergy.com/s/residential/home-rebates/energy-efficiency-financing,"November 24, 2025",12/03/2014
1581,updated,True,CO,Financial Incentive,Rebate Program,Utility,Xcel Energy - Residential Energy Efficiency Rebate Programs,Xcel Energy,Attic Insulation; Boilers; Dual Fuel Air-Source Heat Pump; Ducted Mini-Split Heat Pump; Ductless Mini-Split Heat Pump; Evaporative Cooler; Furnaces; General Air Sealing; Geothermal Heat Pumps; Heat Pump Water Heater; Programmable Thermostats; Tankless Water Heater; Wall Insulation; Water Heaters,Incentive min: 1100.0000 $/ton; Incentive max: 3300.0000 $/ton; Incentive min: 300.0000 $/ton; Incentive max: 2250.0000 $/ton; Incentive min: 300.0000 $; Incentive max: 1200.0000 $; Incentive : 225.0000 $; Incentive min: 225.0000 $; Incentive : 325.0000 $; Incentive : 50.0000 $; Incentive min: 750.0000 $/Unit; Incentive max: 2250.0000 $/Unit; Incentive : 50.0000 $/Unit; Incentive : 100.0000 $; Incentive : 30.0000 % of cost; Incentive max: 400.0000 $; Incentive : 30.0000 % of cost; Incentive max: 350.0000 $; Incentive : 30.0000 % of cost; Incentive max: 500.0000 $,"<p>&#10;&#9;Xcel Energy residential customers in Colorado can qualify for cash incentives on a variety of energy efficient products and home improvements. Standard rebates are available for heat pumps, central A/C systems, ground source heat pumps, heat pump water heaters, and insulation that meet the program requirements. Consult the program website for more specific information on the rebate structure. Only equipment which meets minimum efficiency standards will be included in rebate program. Measures may require installation by pre-qualified contractors and are subject to Xcel Energy installation verification. </p>","Incentive Amount: <a href=""https://xcelnew.my.salesforce.com/sfc/p/#1U0000011ttV/a/R300000AUK1y/XduxJdUQb8WEZ6U.nLV58gRcuIY.h1wUkY6PG8lLVHE""> 2025 Rebate Summary</a><br />; Maximum Incentive: ; Eligible System Size: ; Equipment Requirements: See program website.; Installation Requirements: Some technologies must be installed by an Xcel Energy registered contractor; Ownership of Renewable Energy Credits: ",https://co.my.xcelenergy.com/s/residential/home-rebates,"October 6, 2025",06/05/2006
1772,updated,True,CT,Financial Incentive,Rebate Program,Utility,Groton Utilities - Residential Energy Efficiency Rebate Program,Groton Utilities,Attic Insulation; HVAC; Heat Pump Water Heater; Programmable Thermostats,Incentive min: 2.0000 $/square foot; Incentive max: 2.5000 $/square foot; Incentive max: 5000.0000 $; Incentive max: 2000.0000 $; Incentive : 2500.0000 $; Incentive max: 100000.0000 $; Incentive : 200.0000 $,"<p>Groton Utilities offers a variety of rebates to residential customers for the purchase and installation of energy efficient equipment. All items must meet or exceed efficiency standards included in the program guidelines. Customers should view the program web site listed above for more application and equipment information.  For customers with electrically heated homes, Groton Utilities offers the Home Energy Savings Program which provides incentives for efficiency measures such as air sealing, duct testing and sealing, hot-water saving measures, rebates for appliance replacements, installation of CFLs, and insulation upgrades. </p>&#10;<p><span>Visit the program web site for more information and specific requirements</span><br/></p>","Incentive Amount: Attic insulation: $2 - $2.50/sq ft<br />; Maximum Incentive: Attic insulation (single family): $5,000<br />
Attic insulation (multi family): $2,000<br />
Heat pump water heater: $2,500<br />
HVAC Mini-split AC/heater: $5,000 per compressor<br />
HVAC Mini-split AC/heater: $3,000 per ton<br />
HVAC Mini-split AC/heater: $100,000 per customer<br />
Programmable thermostats: $200<br />; Eligible System Size: ; Equipment Requirements: Heat Pump/Central AC: View program application for efficiency requirements <br />

; Installation Requirements: ; Ownership of Renewable Energy Credits: ",https://grotonutilities.com/energy-conservation/rebate-center/,"October 17, 2025",07/11/2006
3111,updated,True,CT,Financial Incentive,Rebate Program,Utility,Norwich Public Utilities - Commercial Energy Efficiency Rebate Program,Norwich Public Utilities,Air conditioners; Boilers; Dual Fuel Air-Source Heat Pump; Furnaces; Level-2 Electric Vehicle Service Equipment; Motor VFDs; Plug-in Electric Hybrid Vehicles; Tankless Water Heater; Water Heaters,Incentive min: 200.0000 $/ton; Incentive max: 300.0000 $/ton; Incentive : 1200.0000 $/ton; Incentive : 100.0000 $; Incentive : 400.0000 $; Incentive min: 600.0000 $; Incentive max: 3000.0000 $; Incentive min: 250.0000 $; Incentive max: 450.0000 $; Incentive : 250.0000 $; Incentive max: 1000.0000 $; Incentive max: 4000.0000 $; Incentive max: 3000.0000 $,"<p>Norwich Public Utilities offers a variety of efficiency programs and rebates designed to help residential, commercial, and industrial customers reduce energy use and save on utility costs. The programs begin with a free energy analysis to identify opportunities for improvement and may include upgrades for lighting, heating, cooling, and process equipment. Businesses can also access incentives for variable frequency drives, financing options for larger projects, and programs supporting efficient natural gas systems.</p><p><br/></p><p>For residential customers, NPU provides rebates on qualifying Energy Star appliances, electric heat pumps, water heaters, and electric vehicle charging equipment. The goal is to make energy efficiency accessible, cost-effective, and environmentally beneficial for all customers.</p>","Incentive Amount: Air Conditioning (Cool Choice): $200 - $300/ton<br />
Air-source heat pump (Cool Choice): $200 - $300/ton<br />
Air-source heat pump (CHIPP): $1,200/ton<br />
Geothermal heat pump (CHIPP): $1,200/ton<br />
Variable Frequency Drive: $100/unit<br />
Natural Gas Furnace: $400<br />
Natural Gas Boilers: $600 - $3,000<br />
Natural Tankless Water Heater: $250 - $450<br />
Natural Gas Water Heater: $250<br />
New Electric Vehicle: Up to $1,500<br />
New Plug in Hybrid Electric Vehicle: Up to $1,000<br />
Used Electric Vehicle: Up to $1,000<br />
Used Plug in Hybrid Electric Vehicle: Up to $500<br />
Residential Level 2 Electric Vehicle Service Equipment: Up to $1,000<br />
Commercial Level 2 Electric Vehicle Service Equipment (Multifamily): Up to $3,000<br />
Commercial Level 2 Electric Vehicle Service Equipment (Public): Up to $4,000<br />; Maximum Incentive: ; Eligible System Size: ; Equipment Requirements: Requirements varied. See program website for more details; Installation Requirements: ; Ownership of Renewable Energy Credits: ",https://www.norwichpublicutilities.com/309/Efficiency-Programs-Rebates,"October 21, 2025",11/04/2008
5245,updated,True,DC,Financial Incentive,Property Tax Incentive,State,Solar Energy System and Cogeneration System Personal Property Tax Credit,,,,"<p>&#10;&#9;The District of Columbia Council created a <i>personal</i> property tax exemption for solar energy systems and cogeneration systems within the District by enacting B19-0749 in December of 2012. Systems using exclusively solar energy as defined in <a href=""https://code.dccouncil.gov/us/dc/council/code/sections/34-1431#(14)"">D.C. Code § 34-1431(14) </a>are exempt from personal property tax; provided, that, notwithstanding any other provision of law, the Chief Financial Officer shall transfer $120,000 from the certified revenues deposited in the Renewable Energy Development Fund established by § 34-1436 to the unrestricted fund balance of the General Fund of the District of Columbia and shall recognize the $120,000 as local funds revenue in fiscal year 2013 and in each subsequent fiscal year.</p>&#10;<p>&#10;&#9;Eligible solar systems Solar energy is defined by <a href=""https://code.dccouncil.gov/us/dc/council/code/sections/34-1431#(14)"">D.C. Code § 34-1431</a><a href=""https://advance.lexis.com/documentpage/?pdmfid=1000516&amp;crid=4c671731-286e-4cba-bb28-40933946c33f&amp;nodeid=AAFAALAADAAEAAB&amp;nodepath=%2FROOT%2FAAF%2FAAFAAL%2FAAFAALAAD%2FAAFAALAADAAE%2FAAFAALAADAAEAAB&amp;title=§+34-1431.+Definitions.&amp;config=00JABiNDg1YzdlZi1kMDFiLTQ5YmQtYjM2Yi03ZWY3MmNiNmE1NTEKAFBvZENhdGFsb2f7r915sHTEilgUZv8sJAwq&amp;pddocfullpath=%2Fshared%2Fdocument%2Fstatutes-legislation%2Furn%3AcontentItem%3A8KHB-03J2-8T6X-71D9-00008-00&amp;ecomp=g35vkkk&amp;prid=f8142827-80b0-4be4-b631-a17c5b617cc4""> </a>to mean &#34;radiant energy, direct, diffuse, or reflected, received from the sun at wavelengths suitable for conversion into thermal, chemical, or electrical energy, that is collected, generated, or stored for use at a later time&#34;. This seemingly broad definition can include solar photovoltaics (PV), solar thermal, or any other energy technology that uses solar energy.</p>&#10;<p>&#10;&#9;Eligible cogeneration systems are defined as those which &#34;produce both electric energy and steam or forms of useful energy which are used for industrial, commercial, heating or cooling purposes&#34;.</p>",Incentive Amount: 100% exemption; Maximum Incentive: ; Eligible System Size: ; Equipment Requirements: ,,"March 20, 2026",08/02/2012
22803,updated,True,DC,Financial Incentive,Property Tax Incentive,State,"Solar, Storage, and Electric Vehicle  Charging Real Property Tax Exemption",,,,"<p>Existing law exempts nonprofit organizations from property tax on their <i>real</i> property. However, if the real property is used to secure rent or income for an activity other than that for which the exemption was granted, the property will be assessed and taxed. However, <a href=""https://lims.dccouncil.gov/downloads/LIMS/58199/Signed_Act/B26-0340-Signed_Act.pdf?Id=219873"">D.C. Act 26-145</a>, established that buildings or grounds used for solar energy generation, energy storage, solar energy management activities that comply with Energy Star guidelines, or electric vehicle charging are exempt from this treatment.</p>",Incentive Amount: 100% of the assessed value; Maximum Incentive: ; Eligible System Size: ; Equipment Requirements: ,,"March 20, 2026",03/20/2026
5399,expired+updated,True,DC,Financial Incentive,Rebate Program,Utility,Sustainable Energy Utility - Residential Energy Efficiency Rebate Program,Sustainable Energy Utility,Air conditioners; Clothes Washers; Commercial Cooking Equipment; Dehumidifiers; Ducted Mini-Split Heat Pump; Ductless Mini-Split Heat Pump; Electric Clothes Dryer; Heat Pump Water Heater; Programmable Thermostats; Refrigerators/Freezers,Incentive min: 750.0000 $; Incentive max: 1600.0000 $; Incentive min: 75.0000 $; Incentive max: 100.0000 $; Incentive min: 400.0000 $; Incentive max: 800.0000 $; Incentive min: 75.0000 $; Incentive max: 100.0000 $; Incentive : 35.0000 $; Incentive : 50.0000 $; Incentive min: 175.0000 $; Incentive max: 600.0000 $; Incentive min: 1000.0000 $; Incentive max: 5000.0000 $; Incentive : 250.0000 $,"<div>The District of Columbia Sustainable Energy Utility (DCSEU) offers a variety of rebates to District residents to install energy- efficient equipment in their homes. Incentives are available for a wide range of measures.<br/></div><div>Incentives are also available for income-qualified customers through the <a href=""https://www.dcseu.com/solar-for-all"">Solar For All</a> and <a href=""https://www.dcseu.com/income-qualified-efficiency-kit"">Energy Conservation Kit</a> programs. Visit website for more information.</div>","Incentive Amount: <b>DC Electrification</b><br />
Heavy-Up (Electric Panel Upgrade to 200 Amps): $2,000<br />
Electrical Circuit Add-On: $400/circuit<br />
Water Heater Electric Heat Pumps: $750 - $1,600<br />
Ducted Air Source Heat Pumps: $1,000 - $5,000<br />
Variable Speed (Ductless) Mini-Split Heat Pumps: $1,000 - $5,000<br />
Conventional Electric Clothes Dryer: $175 - $250<br />
Electric Heat Pump Clothes Dryer: $400 - $600<br />
Electric Range/Stovetop: $400 - $600<br />
Induction Range/Stovetop: $600 - $800<br />

<b>Appliances </b> <br />
Refrigerators: $75-$100 <br />
Clothes Dryers: $175-$600 <br />
Clothes Washers: $75-$100 <br />
Dehumidifiers: $35 <br />
Air Purifier: $50<br />
Energy Star TV: $25<br />
Energy Star Desktop: $25<br />

<b>Heating and Cooling </b> <br />
Water Heater Electric Heat Pumps: $750 - $1,600<br />
Ducted Air Source Heat Pumps: $1,000 - $5,000<br />
Variable Speed (Ductless) Mini-Split Heat Pumps:  $1,000 - $5,000<br />
Central Air Conditioners: $250<br />
Smart Thermostat: $50<br /><br />

<b>Electric Lawn Care</b><br />
Electric Riding Lawn Mower: $75 - $500 off<br />; Maximum Incentive: ; Eligible System Size: ; Equipment Requirements: See program website.; Installation Requirements: ; Ownership of Renewable Energy Credits: ",https://www.dcseu.com/homes,"November 13, 2025",03/20/2013
4386,updated,True,DE,Financial Incentive,Rebate Program,Utility,Delaware Electric Cooperative - Green Energy Program Incentives,Energize Delaware,Fuel Cells using Renewable Fuels; Geothermal Heat Pumps; Solar Photovoltaics; Solar Space Heat; Solar Water Heat; Wind (All); Wind (Small),Incentive : 0.7000 $/W; Incentive max: 10000.0000 $; Incentive max: 2000.0000 $; Incentive max: 50.0000 % of cost,"<p><span><b>Solar Grant Delaware Implementation as of April 2024.</b></span></p><p><span>Energize Delaware sponsors the Solar Grant Delaware Program to offset the installed cost of the photovoltaic (solar) system for Delaware Electric Cooperative customers. To receive the one-time grant payment, the system owner is required to sign over the ownership of their Solar Renewable Energy Credits (SRECs) generated by the entire system to the Delaware Sustainable Energy Utility, DBA Energize Delaware.<br/><br/>The grant amount is based on the eligible system size and is $0.70/eligible watt installed. Grant maximums are set by the organization and may be periodically changed; the grant cannot exceed 50% or more of the total project cost. <a href=""https://solargrantdelaware.com/incentives/"">Effective April 1, 2024</a>, the grant amount is capped at $2,000 for residential systems and $10,000 for commercial systems, per service address. The system owner or the contractor may be the recipient of the grant funds.<br/><br/>Participation in the Solar Grant Delaware Program precludes the system owner or contractor from selling SRECs generated by the system at procurement auctions or exchanging SRECs generated by the system in any other programs.</span></p><p></p><p>Grant funding is limited and is provided on a first-come first-serve basis. Part One of the<br/>grant application must be submitted by the contractor or system owner to reserve funding.<br/>Part Two of the grant application must be submitted after final interconnection approval and<br/>within six months of the Program Admin’s verification of Part One. Failure to submit Part Two<br/>within the allotted timeframe may result in the application being canceled.<br/></p><p>NOTES:<br/>• These incentives apply to Delaware Electric Cooperative (DEC) customers only.<br/>• Grant applications are evaluated by site address, not electric meter.<br/>• The system must be installed by an approved contractor.<br/>• The grant amount is based on the eligible system size.<br/>• The system owner must agree to transfer the ownership of their Solar Renewable Energy Credits (SRECs) to obtain the grant. Failure to agree to the transfer will result in dismissal of the grant.</p><p>See <a href=""https://solargrantdelaware.com/eligibility/"">Eligibility Rules and Regulations</a> for complete information.</p><p></p><p><span><br/></span></p><p></p><p><b>Prior Implementation</b></p><p>Previously, t<span>he Delaware Electric Cooperative (DEC) provides incentives for solar photovoltaic (PV), solar thermal, wind, fuel cells, and geothermal installed by DEC member-owners. Eligibility is limited to systems that are intended to supply on-site energy needs. Incentives are available to both residential and non-residential member-owners based upon average peak demand over a 12 month period. Class A  member-owners are defined as those with an average monthly peak electric demand of 50 kilowatts (kW) or less over the previous twelve months. Class B member-owners are those with an average monthly peak electric demand of greater than 50 kW over the previous twelve months. </span><br/></p><p></p><p>&#10;&#9;<br/>&#10;&#9;<strong>Background</strong><br/></p><p>Under the 2005 Delaware renewable portfolio standard (RPS) legislation, electric cooperatives were allowed to opt out of the RPS schedule if they met certain other requirements. One such requirement was that they contribute to the existing Green Energy Fund for investor-owned utilities or create their own green energy fund supported by an equal surcharge (i.e. $0.000178/kWh). The Delaware Electric Cooperative (DEC), the state's lone cooperative, opted out of the RPS requirements and established its own green energy fund.<br/>&#10;&#9;<br/>&#10;&#9;In 2010 the Delaware RPS was amended by SS 1 for S.B. 119 and the section (26 Del. C. § 363) detailing the obligations of electric cooperatives was slightly revised. While these amendments change several other opt-out requirements, the provision mandating green energy fund contributions in the event of an opt-out remains unchanged.</p>&#10;<p>&#10;&#9; </p>","Incentive Amount: Residential: $0.70/Watt
<br>Commercial: $0.70/Watt; Maximum Incentive: Residential: $2,000
<br>Commercial: $10,000
<br>(Up to 50% of total project cost); Eligible System Size: Not specified; Equipment Requirements: ; Installation Requirements: ; Ownership of Renewable Energy Credits: Delaware Sustainable Energy Utility, DBA Energize Delaware",https://solargrantdelaware.com/,"March 26, 2026",02/01/2007
5223,updated,True,FL,Financial Incentive,Loan Program,Local,City of Lauderhill - Revolving Loan Program,City of Lauderhill,Air conditioners; Clothes Washers; Dishwasher; Other EE; Refrigerators/Freezers; Solar Photovoltaics; Solar Water Heat; Tankless Water Heater,Incentive max: 2500.0000 $,"<p>&#10;&#9;The City of Lauderhill offers interest-free loans for EnergyStar appliances through a municipal revolving loan program. Loans from $400 to $2,500 are available to homeowners purchasing new Energy Star-certified appliances from eligible retailers. Tankless water heaters, solar photovoltaic systems, and solar water heating systems are also eligible for the loan program. Loan funds have a one or two-year repayment plan. Eligibility will be determined within 10 business days.</p>&#10;<p>&#10;&#9;Loan funds are made payable directly to the retailer within a week of the time the final loan documents are signed. A check will be made payable to the retailer; you must have a quote or invoice from a retailer with the name of the retailer and address. The check will be payable to the contractor with a 10% holdback for Solar Powered Systems. The holdback check will be released upon submittal of a Completion Certificate signed by both the borrower and the contractor and copies of all required city permits (if applicable). Any costs in excess of the contractors bid/quote will be the customer’s responsibility.</p>&#10;<p>&#10;&#9;Loan applications are available through the program website.</p>","Maximum Loan: $2,500; Loan Term: no more than 2 years; zero interest; Interest Rate: ",https://www.lauderhill-fl.gov/community-services/interest-free-loans,"January 2, 2026",07/13/2012
4225,updated,True,FL,Financial Incentive,Loan Program,Utility,City of Tallahassee Utilities - Efficiency Loans,City of Tallahassee Utilities,Air conditioners; Building Insulation; Doors; Furnaces; Heat pumps; Lighting; Reflective Roofs; Refrigerators/Freezers; Roofs; Solar Photovoltaics; Water Heaters; Windows,Incentive max: 15000.0000 $; Incentive max: 20000.0000 $,"<p>&#10;&#9;The City of Tallahassee Utilities offers loans with an interest rate of 5% for more than 25 different energy-saving measures. Under this program, residential and commercial customers may borrow up to $15,000 for varying energy efficiency measures. For Solar Photovoltaics or ENERGY STAR roofing, the maximum loan amount is $20,000 so long as no other loan measures are bundled with these. For detailed information contact the utility. </p>","Maximum Loan: $15,000 <br>
$20,000 (for solar, with restrictions); Loan Term: General: up to 7 years <br />
Solar/Other: up to 10 years; Interest Rate: 5%",http://www.talgov.com/you/you-products-home-loans.aspx,"January 2, 2026",06/25/2010
1774,updated,True,FL,Financial Incentive,Grant Program,Utility,City of Tallahassee Utilities - Grant Programs,City of Tallahassee Utilities,,,<p>The City of Tallahassee Utilities offers several grant programs for its customers. These programs include: </p><ul><li>Ceiling Insulation Grants</li><li>Code Enforcement Rehabilitation Grants</li><li>Energy-Efficiency Retrofit Grants</li></ul><p>The City of Tallahassee has also received funding from the State of Florida to fund the entire cost of connecting residents to the city sewer system (rather than reliance on septic tanks).</p><p>Contact the utility or visit the program website for more details.</p><p><br/></p>,"Incentive Amount: <b>Ceiling Insulation Grant</b>: The City will pay 80% of the installed cost up to a maximum contribution of $400 (or 100% of the installed cost up to $500 maximum contribution for those who qualify by income).<br /><br />

<b>Energy-Efficiency Retrofit Grants</b>: Up to $500 for repairs on evaporator coil cleaning, refrigerant leak repair and charging, duct leak repair, and hot water leak repair<br />; Maximum Incentive: ; Equipment Requirements: ; Installation Requirements: ",http://www.talgov.com/you/you-products-home-index.aspx,"March 16, 2026",07/12/2006
22634,updated,True,FL,Financial Incentive,Grant Program,State,Florida - National Electric Vehicle Infrastructure (NEVI) Formula Grant Program,Florida Department of Transportation,,,"<p>The Florida Department of Transportation's (DOT) <a href=""https://www.fhwa.dot.gov/environment/nevi/ev_deployment_plans/fl_nevi_plan.pdf"">strategy </a>for funding deployment begins in FY22, which will focus on planning. With federal funding unlocked for FY23, the state will also focus on procurement and implementation of charging infrastructure. As the state nears FY25 and FY26, NEVI funding will be utilized for operations and maintenance of infrastructure, with additional opportunities for funding to be analyzed through the next five years. The state will add about 6,772 charging ports across 6,244 miles of designated EV corridors. The DOT's advertising for Phase 1 Request for Applications (RFAs) started in Summer 2023 and was published then as well; Phase 2 is anticipated to follow Phase 1. Phase 1 will focus on interstates statewide, and Phase 2 will include non-interstate AFCs. The Florida DOT released the 2023 deployment plan <a href=""https://fdotwww.blob.core.windows.net/sitefinity/docs/default-source/emergingtechnologies/evprogram/2023_florida's-evidp_update_092923.pdf?sfvrsn=1e4aee0_1"">updated </a>on October 2, 2023, detailing that federal fiscal year 2024 will focus on continuing planning and awarding Phase 1 sites along interstate systems. </p><p>The formal RFA will be <a href=""https://www.fdot.gov/emergingtechnologies/home/evprogram/rfa"">advertised </a>on MyFlorida Marketplace, during this period the FDOT will seek applicants interested in the EV infrastructure deployment program to submit an application for funding of EV charging sites along specific EV alternative fuel corridors.</p>",Incentive Amount: Varies; Maximum Incentive: ; Equipment Requirements: ; Installation Requirements: ,https://www.fdot.gov/planning/policy/ev/electric-vehicle-infrastructure-funding,"January 2, 2026",06/12/2024
3869,updated,True,FL,Financial Incentive,PACE Financing,State,Florida PACE programs,Programs administered locally,,,"<p>&#10;&#9;<span><b><i><span>Note: </span></i></b></span><b><i><span>In 2010, the Federal Housing Finance Agency (FHFA), which has authority over mortgage underwriters Fannie Mae and Freddie Mac, </span></i></b><a href=""https://www.fhfa.gov/Media/PublicAffairs/Pages/FHFA-Statement-on-Certain-Energy-Retrofit-Loan-Programs.aspx""><b><i><span><span>directed</span></span></i></b></a><b><i><span><a href=""https://www.fhfa.gov/Media/PublicAffairs/Pages/FHFA-Statement-on-Certain-Energy-Retrofit-Loan-Programs.aspx""> </a>these enterprises against purchasing mortgages of homes with a PACE lien due to its senior status above a mortgage. Most residential PACE activity subsided following this directive; however, some residential PACE programs are now operating with loan loss reserve funds, appropriate disclosures, or other protections meant to address FHFA's concerns. Commercial PACE programs were not directly affected by FHFA’s actions, as Fannie Mae and Freddie Mac do not underwrite commercial mortgages. Visit <a href=""https://www.pacenation.org/"">PACENation</a> for more information about PACE financing, and for a comprehensive list of all PACE programs across the country.</span></i></b></p><p><b><i></i></b></p><p><b><i>Property-Assessed Clean Energy (PACE) Overview</i></b></p><p></p>&#10;<p>&#10;&#9;Property-Assessed Clean Energy (PACE) financing effectively allows property owners to borrow money to pay for energy improvements. Eligible improvements include energy efficiency, water conservation, renewable energy generation, and resiliency upgrades. The amount borrowed is typically repaid via a special assessment on the property over a period of years. Florida statutes authorize municipalities and counties to establish dependent special districts with the authority to collect revenue via a special assessment. (Not all local governments in Florida offer PACE financing; <i>contact your local government to find out if it has established a PACE financing program</i>.)</p><p>In Florida, there are two types of PACE programs, “Residential PACE” which covers residential properties (1 to 4 family homes), and “Commercial PACE” which covers multifamily (5+ family homes), retail, hotels, industrial, and other types of commercial properties.  Some states have enabled both types of PACE, while others have just enabled C-PACE.</p><p>PACE assessments can be prepaid at any time and Residential PACE  programs do not have any prepayment fees.  Because the assessment is attached to the property, rather than the owner of the property, if the property owner sells the property before the assessment is paid off, the balance of the assessment remains with the property.  The assessment can transfer to the new owner without any need to approve the purchaser of the property.</p>&#10;<p>&#10;&#9;<strong>Florida PACE Programs</strong></p>&#10;<p>&#10;&#9;To be eligible for PACE financing, a local program at the city or county level must be available in your area. Jurisdictional eligibility rules vary by county and municipality; municipalities in an eligible county are not automatically eligible for PACE financing. Counties with PACE programs as of August 2014 included Flagler, Gadsden, Gulf, Indian River, Jefferson, Loen, Martin, Miami-Dade, Nassau, Palm Beach, Pinellas, and St. Lucie.</p>&#10;<p>&#10;&#9;Examples of active local PACE programs in Florida include:</p>&#10;<ul>&#10;&#9;<li>&#10;&#9;&#9;Flager County and the City of Kissimmee chartered the <a href=""http://www.floridapace.gov/"" target=""_blank"" title=""go to Florida PACE Funding Agency"">Florida PACE Funding Agency</a> offer PACE financing to residential and commercial entities</li>&#10;&#9;<li>&#10;&#9;&#9;Leon County created the  <a href=""https://floridajobs.org/community-planning-and-development/community-services/low-income-home-energy-assistance-program"">Leon Energy Assistance Program (LEAP)</a></li>&#10;&#9;<li>&#10;&#9;&#9;Miami-Dade County created the <a href=""http://programs.dsireusa.org/system/program/detail/4932"">Voluntary Efficiency and Renewable Energy Program</a></li>&#10;&#9;<li>&#10;&#9;&#9;Town of Lantana and Town of Magnolia Park joined to incorporate the <a href=""http://www.floridagreenenergyworks.com/"" target=""_blank"" title=""go to Florida Green Energy Works"">Florida Green Energy Works</a> program, administered by the Florida Green Finance Authority. Since first formed by Lantana and Magnolia Park, the towns of West Palm Beach, Delray Beach, Boynton Beach, Tequesta and Lake Worth have also joined the Florida Green Finance Authority.</li>&#10;&#9;<li>&#10;&#9;&#9;The communities of Cutler Bay, Miami, South Miami, Pinecrest, Coral Gables, Palmetto Bay, and Miami Shores formed the <a href=""https://alternateenergycompany.com/pace-program-miami-dade-florida/"">Clean Energy Green Corridor District</a></li>&#10;&#9;<li>&#10;&#9;&#9;The <a href=""https://solarenergyloanfund.org/"">Solar and Energy Loan Fund (SELF) Program</a> based in St. Lucie offers a commercial PACE program.</li>&#10;</ul>&#10;<p>&#10;&#9;<strong>Program Provisions</strong></p>&#10;<p>&#10;&#9;Specific qualifying improvements are locally determined. The loans made to property owners are secured with a lien that is equal to county taxes and assessments. To participate in this program, property owners must have paid property taxes and not been delinquent for the previous three years. Additionally, the total assessment cannot be for an amount greater than 20% of the assessed value of the property. Local governments may pool together with other local governments to finance and administer programs.</p>&#10;<p>&#10;&#9;<strong>Program Creation</strong></p>&#10;<p>&#10;&#9;Local governments were granted clear authority to create PACE financing programs with the passage of HB 7179 in May 2010. This legislation authorizes local governments - including counties, municipalities and dependent special districts - to levy non-ad valorem assessments to fund energy efficiency and conservation improvements, renewable energy improvements, and wind resistance improvements. </p>&#10;<p>&#10;&#9;In addition to authority granted by HB 7179, existing Florida law authorizes municipalities and counties to create special districts for financing a variety of projects that serve the public purpose and benefit the municipality or county. Many special districts currently exist to finance public infrastructure and administer various programs that serve the public purpose and benefit property owners and the municipality or county. A municipality or county can create a dependent special district to administer a PACE program. The Special District Information Program of the Florida Department of Community Affairs has a <a href=""http://www.floridajobs.org/community-planning-and-development/assistance-for-governments-and-organizations/special-district-information-program/florida-special-district-handbook-online"" target=""_blank"" title=""go to handbook"">handbook</a> that summarizes how counties and municipalities may create a dependent special district.</p><p>In 2014 a suit was filed against the Leon County Energy Improvement District that was seeking to offer PACE financing. The Florida Supreme Court ruled in October 2015 that Leon County had the authority to issue a $200,000 bond in Case No. SC14-710.</p><p>In 2024, S.B. 770 was enacted, allowing PACE financing programs to be offered in a county only if authorized via a local ordinance.</p>",Terms: Determined locally,https://floridapace.gov/about-pace/,"January 2, 2026",01/04/2010
4608,updated,True,FL,Financial Incentive,Rebate Program,Utility,JEA - Commercial Energy Efficiency Rebate Program,JEA,Air conditioners; Commercial Refrigeration Equipment; Custom/Others pending approval; Direct Current Fast Charging Equipment; HVAC; Level-2 Electric Vehicle Service Equipment; Lighting; Lighting Controls/Sensors; Motor VFDs; Roofs; Water Heaters; Windows,Incentive max: 5000.0000 $; Incentive : 0.1000 $/square foot; Incentive : 0.4000 $/square foot; Incentive : 50.0000 $/horsepower; Incentive : 0.1200 $/W-AC; Incentive min: 10.0000 $; Incentive max: 20.0000 $; Incentive min: 25.0000 $/ton; Incentive max: 50.0000 $/ton; Incentive : 50.0000 $/Unit; Incentive min: 50.0000 $/Unit; Incentive max: 75.0000 $/Unit; Incentive min: 30.0000 $/Unit; Incentive max: 250.0000 $/Unit; Incentive : 0.0500 $/kWh; Incentive : 3000.0000 $; Incentive : 850.0000 $,"<p>&#10;&#9;JEA offers a variety of rebates to commercial customers for purchasing and installing energy-efficient equipment in eligible facilities. Some incentives are awarded on a flat rebate amount while others are calculated based on capacity, efficiency, or energy savings. All equipment must meet or exceed the stated program efficiency requirements. Measures not covered by a prescribed incentive may be eligible for the custom incentive amount.</p>&#10;<p>&#10;&#9;Contact JEA or view the program website listed above for more information on eligible equipment, facilities, or measures.</p>","Incentive Amount: <b>Electric Measures</b><br />
Level 2 Charger: $850<br>
DCFC: $3,000<br>
Lighting: $0.12 per watt reduced<br />
Lighting Controls: $10 - $20 per control<br/ >
3-phase unitary air conditioner: $25 - $40 per ton<br />
3-phase unitary heat pump: $25 - $40 per ton<br />
Single-phase unitary A/C and heat pump (less than 65,000 BTU/hr): $150 per system<br />
All Chillers: ($5 x tons) + ($175 x tons) + (min IPLV - actual IPLV)<br />
PTAC and PTHP: $50 per ton<br />
HVAC Tune-Up: $50 per system<br />
VFDs: $50 per HP<br />
Refrigeration: $50 - $75 per unit<br />
Cool Roof: $0.10 per square foot<br />
Window Film: $0.40 per square foot<br />
Heat Pump Water Heater: $250 per unit<br />
High-efficiency Electric Storage Water Heater: $30 per unit<br />
All Custom: $0.05 per kWh reduced<br />; Maximum Incentive: ; Eligible System Size: ; Equipment Requirements: See program web site for full details; Installation Requirements: ; Ownership of Renewable Energy Credits: ",https://www.jea.com/business_resources/rebates_for_businesses/,"April 3, 2026",08/18/2009
22120,updated,True,FL,Financial Incentive,Loan Program,Utility,Lakeland Electric - Residential Energy Efficiency Loan Program,Lakeland Electric,Building Insulation; Duct/Air sealing; Geothermal Heat Pumps; HVAC; Solar Photovoltaics; Solar Water Heat; Water Heaters; Windows,Incentive max: 5000.0000 $,"<p>Lakeland Electric offers a zero-interest loan program to its customers who wish to make energy efficiency upgrades. Eligible measures include windows, HVAC, heat pump water heaters, air sealing and insulation, solar PV, geothermal heat pumps, and solar water heater systems. The minimum loan amount is $500 and the maximum is $5,000. There is also a one-time filing fee that will be applied to a customer's utility bill. For a $5,000 loan, this fee has been around $90.50. Loans are repaid monthly after the project has been completed.</p>","Maximum Loan: $5,000; Loan Term: Not specified; Interest Rate: 0%",https://lakelandelectric.com/programs-and-services/energy?tab=tabrebate,"January 2, 2026",05/21/2020
4932,updated,True,FL,Financial Incentive,PACE Financing,Local,Miami-Dade County - Florida PACE Finance Programs,Miami-Dade County,,,"<p><b>Note:  In 2010, the Federal Housing Finance Agency (FHFA), which has authority over mortgage underwriters Fannie Mae and Freddie Mac, <a href=""https://www.fhfa.gov/Media/PublicAffairs/Pages/FHFA-Statement-on-Certain-Energy-Retrofit-Loan-Programs.aspx"">directed</a> these enterprises against purchasing mortgages of homes with a PACE lien due to its senior status above a mortgage. Most residential PACE activity subsided following this directive; however, some residential PACE programs are now operating with loan loss reserve funds, appropriate disclosures, or other protections meant to address FHFA's concerns. Commercial PACE programs were not directly affected by FHFA’s actions, as Fannie Mae and Freddie Mac do not underwrite commercial mortgages. Visit <a href=""https://www.pacenation.org/"">PACENation</a> for more information about PACE financing and a comprehensive list of all PACE programs across the country.</b></p><p>&#10;&#9;In November 2010, the Miami-Dade County Board of County Commissioners adopted <a href=""http://www.miamidade.gov/cob/library/Registry/Ordinances/Board-of-County-Commissioners/2010/10-78.pdf"" target=""_blank"" title=""go to ordinance 10-78"">Ordinance No. 10-78</a>, creating the Voluntary Energy Efficiency and Renewable Energy Program, which could be adopted by municipalities within the County. In July 2016, the Board approved <a href=""http://www.miamidade.gov/govaction/matter.asp?matter=161715&amp;file=true&amp;yearFolder=Y2016"">Resolution R-734-16</a>, which extended PACE to the unincorporated areas of the County. <br/></p><p><span>The 2016 Resolution also approved agreements between the County and Green Corridor Property Assessment Clean Energy District (Green Corridor) and its administrator, Ygrene Energy Fund Florida. Per the terms of the agreement, Ygrene will administer the County's PACE program on its behalf and with participation from the County. However, in 2023, the agreement between the County and Green Corridor Property Assessment Clean Energy District and its administrator, Ygrene Energy Fund Florida, was <a href=""https://www.miamidade.gov/govaction/legistarfiles/Matters/Y2023/231700.pdf"">terminated</a>.<br/></span></p><p></p><p><b>Summary:</b></p><p>Miami-Dade County homeowners, businesses and industries in unincorporated Miami-Dade County interested in solar panels, hurricane windows and other energy saving upgrades now have another financing option through the Property Assessed Clean Energy (PACE) program.</p><p>PACE allows property owners to receive upfront financing for a variety of energy-related home improvements, then repay the debt through voluntary assessments on their property tax bills.</p><p>Although the County has to authorize PACE programs to operate in unincorporated Miami-Dade County, the County does not administer or operate the programs in any way. All contractual PACE agreements are between property owners and the PACE district, a non-County entity.</p><p>To foster competition and protect consumers, Miami-Dade County has included compliance requirements in its agreements with each PACE provider such as provisions for clear communication with customers, disclosure of all fees and risks associated with participating in the program, prepayment penalties and hardship exceptions, and mandatory data reporting.</p><p><br/></p><p><br/></p><p>For a list of current PACE providers please visit the cited website. </p><p></p>",Terms: ,https://www.miamidade.gov/global/economy/resilience/energy.page,"January 2, 2026",07/26/2011
3128,updated,True,FL,Financial Incentive,Green Building Incentive,Local,Miami-Dade County - Green Building Expedited Plan Review,"Miami-Dade County, District 8",,,"<p>In an effort to promote environmentally sensitive design and construction, the Miami-Dade County Commissioners passed an ordinance in June 2005 to expedite the permitting process for “green” buildings certified by a recognized environmental rating agency. Commercial, industrial, and residential projects are all eligible as long as they are located in unincorporated Miami-Dade County and the City of West Miami. Additionally, solar water heating and solar photovoltaic projects are included in the &#34;fast track&#34; for permitting review.</p>&#10;<p><b> Project must meet the following criteria:</b></p><p>1. Limited to new construction of residential, commercial and industrial projects.</p><p>2. Additions, alterations, repairs and the new construction of accessory structures are not eligible for the expedited program. </p><p>3. The project has a dollar value of $50,000 or more.</p><p>4. The applicant has to submit, at time of permit application, an original or certified copy of a letter from the Florida Green Building Coalition or the United States Green Building Council indicating that the design has been registered or certified as a green building by the organization. </p><p>See the Miami-Dade Cou<span>nty Building Department </span><a target=""_blank"" href=""http://www.miamidade.gov/building/home.asp"">web site</a><span> for additional information.</span></p>",Permit Fee Waiver / Reduction: ; Expedited Permitting Process: ; Density Bonus: ,https://www.miamidade.gov/permits/home.asp?cat=build&subcat=plan&filter1=green,"January 2, 2026",11/11/2008
5426,expired+updated,True,FL,Financial Incentive,Property Tax Incentive,State,Property Tax Abatement for Renewable Energy Property,,Geothermal Heat Pumps; Lithium-ion; Solar Photovoltaics; Solar Water Heat; Wind (All); Wind (Small),Incentive : 80.0000 %; Incentive : 100.0000 %,"<p>&#10;&#9;Florida provides a 100% property tax exemption for residential renewable energy property and an 80% property tax abatement for non-residential renewable energy property. </p><p>Eligible renewable energy property includes solar photovoltaic (PV) systems, solar PV plus storage systems, wind energy systems, solar water heaters, and geothermal heat pumps installed on or after January 1, 2013. For the purpose of assessing property taxes for a home, an increase in the just value of the property attributable to the installation of this equipment should be ignored. The exemption applies to the following types of equipment used as part of a solar, wind or geothermal system:</p>&#10;<ul>&#10;&#9;<li>&#10;&#9;&#9;<span>Solar energy collectors, photovoltaic modules, and inverters.</span></li>&#10;&#9;<li>&#10;&#9;&#9;<span>Storage tanks and other storage systems, excluding swimming pools </span><span>used as storage tanks.</span></li>&#10;&#9;<li>&#10;&#9;&#9;Rockbeds.</li>&#10;&#9;<li>&#10;&#9;&#9;Thermostats and other control devices.</li>&#10;&#9;<li>&#10;&#9;&#9;Heat exchange devices.</li>&#10;&#9;<li>&#10;&#9;&#9;Pumps and fans.</li>&#10;&#9;<li>&#10;&#9;&#9;Roof ponds.</li>&#10;&#9;<li>&#10;&#9;&#9;Freestanding thermal containers.</li>&#10;&#9;<li>&#10;&#9;&#9;Pipes, ducts, wiring, structural supports, refrigerant handling systems, and other components used as integral parts of<span> such systems; however, such equipment does not include </span><span>conventional backup systems of any type or any equipment or structure that would be required in the absence of the renewable energy source device.</span></li>&#10;&#9;<li>&#10;&#9;&#9;Windmills and wind turbines.</li>&#10;&#9;<li>&#10;&#9;&#9;Wind-driven generators.</li>&#10;&#9;<li>&#10;&#9;&#9;Power conditioning and storage devices that store or use solar energy, wind energy, or energy derived from geothermal deposits to <span>generate electricity or mechanical forms of energy.</span></li>&#10;&#9;<li>&#10;&#9;&#9;Pipes and other equipment used to transmit hot geothermal water to <span>a dwelling or structure from a geothermal deposit.</span></li>&#10;</ul>&#10;<p>&#10;&#9;<span>This residential exemption applies to assessments beginning January 1, 2014, and for equipment installed on or after January 1, 2013. The non-residential abatement applies to devices installed on or after January 1, 2018 and expires December 31, 2037. </span></p><p><span>The abatement does not apply to devices installed as part of projects planned for location in a fiscally constrained county, for which an application for a comprehensive plan amendment or planned unit development zoning has been filed on or before December 31, 2017.</span></p>","Incentive Amount: Residential: 100% of the added value<br>
Non-Residential: 80% of the added value; Maximum Incentive: ; Eligible System Size: ; Equipment Requirements: ",,"January 2, 2026",07/10/2013
243,updated,True,FL,Financial Incentive,Sales Tax Incentive,State,Solar and CHP Sales Tax Exemption,Florida Department of Revenue,,,"<p>&#10;&#9;Solar energy systems have been exempt from Florida's sales and use tax since July 1, 1997. The term &#34;solar energy system&#34; means the equipment and requisite hardware that provide and are used for collecting, transferring, converting, storing, or using incidental solar energy for water heating, space heating and cooling, or other applications that would otherwise require the use of a conventional source of energy such as petroleum products, natural gas, manufactured gas or electricity. </p>&#10;<p>&#10;&#9;This exemption was originally set to expire on July 1, 2002, but it was extended for three more three years. In May 2005, the exemption was made permanent upon the enactment of <a href=""https://www.flhouse.gov/Sections/Bills/billsdetail.aspx?BillId=16420&amp;SessionId=38"">H.B. 805.</a><br/>&#10;&#9;<br/>&#10;&#9;In addition, the exemption applies to machinery and equipment used at a fixed location for the purpose of producing electrical or steam energy resulting from the burning of boiler fuels other than residual oil. However, such energy must be primarily used for manufacturing, processing, compounding, or producing for sale items of tangible personal property in Florida. In facilities where machinery and equipment are necessary to burn both residual and non-residual fuels, the exemption is prorated.</p><p>Furthermore, the purchase of machinery and equipment primarily used in the production, storage, transportation, compression, or blending of green hydrogen (as long as the machinery and equipment are used at a fixed location) is exempt. The exemption also applies to green hydrogen-derived ammonia, if the ammonia is converted back to green hydrogen before use or sale; and machinery and equipment necessary to produce electricity resulting from the electrochemical reaction of green hydrogen and oxygen in a fuel cell.</p>",Incentive Amount: 100%; Maximum Incentive: No limit; Equipment Requirements: Solar equipment must be certified by Florida Solar Energy Center,,"January 2, 2026",01/01/2000
4977,updated,True,FL,Financial Incentive,Loan Program,Local,Solar and Energy Loan Fund (SELF),Solar and Energy Loan Fund (SELF),Air conditioners; Building Insulation; Caulking/Weather-stripping; Solar Photovoltaics; Solar Thermal Electric; Windows,Incentive max: 55000.0000 $,"<p>The non-profit Solar and Energy Loan Fund (SELF) provides unsecured personal loans to qualifying Florida Homeowners for:</p>&#10;<p>SELF gives qualifying homeowners the ability to secure financing for:</p>&#10;<ul>&#10;    <li>Weatherization and insulation</li>&#10;    <li>Replacement of inefficient air-conditioning systems</li>&#10;    <li>Solar thermal and solar photovoltaic (PV) systems</li><li>Roofs, windows, doors, and hurricane shutters</li><li>disability products and aging in place</li>&#10;</ul>&#10;<p><span>SELF provides home improvement loans up to $55,000.</span></p><p><b>History</b><br/></p><p>In June 2010, St. Lucie County received a grant award through the U.S. Department of Energy’s Energy Efficiency Block Grant Program (EECBG). The $2.9 million award was used to kick-start the SELF pilot loan program, which began taking applications and making loans in early 2011. SELF has now expanded statewide.</p>&#10;<p><em>SELF is a Community Development Financial Institution (CDFI), certified by the U.S. Department of Treasury.</em><br/></p>","Maximum Loan: $55,000; Loan Term: Solar System Loans: 7.90-8.50% APR with 10 to 15-year loan term<br/>
Home Improvement Project Loan (not including solar PV): 5-10.5% APR with 3 to 8-year term<br/>
KIVA Crowdfunded Loans: 5% fixed interest with 3-5 year terms; Interest Rate: ",http://www.solarenergyloanfund.org,"January 2, 2026",08/24/2011
22478,updated,True,GA,Financial Incentive,Loan Program,Non-Profit,ACE Georgia - Business Loan Program,ACE Georgia,,,"<p>ACE is a Georgia 501(c)(3) nonprofit and community development financial institution (CDFI) that provides capital, coaching, and connections to help borrowers create and grow sustainable businesses that generate jobs. <br/></p><p>Ace offers a variety of loans for businesses depending on their size and needs. See the <a href=""https://aceloans.org/"">website </a>above for full details. A small breakdown of available loans is described below.</p><p></p><p><b>Small Business Loans<br/></b>Small Business Loans $50,000 and Under<b>. <a href=""https://aceloans.org/apply-for-a-loan/small-business-loans/"">Apply Online.</a><br/></b></p><b>Commercial Loans<br/></b>Business Loans Over $50,001, up to $1,000,000<b>. <a href=""https://aceloans.org/apply-for-a-loan/commercial-loans/"">Apply Online.</a><br/></b><p></p><p><b>Veteran Loan Program<br/></b>Business Loans from $15,000 to $1,000,000<b>. <a href=""https://aceloans.org/apply-for-a-loan/loan-prescreening/"">Apply Online.</a><br/></b></p><p><b>South Georgia Start-Up Loans (South Georgia Service Areas Only)<br/></b>Small Business Loans $50,000 and Under<b>. <a href=""https://aceloans.org/apply-for-a-loan/loan-prescreening/"">Apply Online.</a></b></p>",Maximum Loan: Varies by loan type. See website for details.; Loan Term: Varies by loan type. See website for details.; Interest Rate: Varies by loan type. See website for details.,https://aceloans.org/,"January 3, 2026",10/03/2022
2112,updated,True,GA,Financial Incentive,Loan Program,Utility,Blue Ridge Mountain Electric Membership Corporation - Residential Heat Pump Loan Program,Blue Ridge Mountain Electric Membership Corporation,Heat pumps,Incentive max: 15000.0000 $,"Blue Ridge Mountain EMC and TVA offer a loan program to help finance electric heat pumps. Qualified homeowners can borrow up to $15,000 payable in 10 years. The heat pump must be installed by a member of the Quality Contractor network, and will require an inspection before payment of the system.&#10;More information is available online at the website listed above.<br/>","Maximum Loan: $15,000; Loan Term: 10 years or 120 months; Interest Rate: 8%",https://www.brmemc.com/heat-pump-financing/,"November 11, 2025",09/01/2006
22057,updated,True,GA,Financial Incentive,Loan Program,State,Central Georgia EMC - PowerUp Lending Program,Central Georgia Electric Membership Corporation,Building Insulation; Doors; Geothermal Heat Pumps; Heat pumps; Roofs; Solar Photovoltaics; Solar Water Heat; Water Heaters; Windows,Incentive max: 25000.0000 $,"<p>Central Georgia EMC offers a loan program to homeowners who wish to pursue energy efficiency improvements. All energy efficiency improvements must meet Energy Star Criteria in order to qualify for the loan program. Loan amounts vary depending on the project. </p><p>If a customer needs help determining what energy efficiency improvements could be made in their home, Central Georgia EMC offers in-home energy audits. To find out more about audits, contact the utility through its website or call (770)-775-7857.</p>","Maximum Loan: $25,000; Loan Term: Max loan term is 96 months; Interest Rate: 9.9% APR",https://www.cgemc.com/powerup,"January 2, 2026",07/25/2018
22720,updated,True,GA,Financial Incentive,Rebate Program,State,Georgia - Home Efficiency Rebate (HER) Program,Georgia Environmental Finance Authority,Comprehensive Measures/Whole Building,Incentive max: 16000.0000 $,"<p><b><i>Note: The Federal Inflation Reduction Act (IRA) created the Home Efficiency Rebates (HER) Program. The IRA established the main parameters for this program but allowed the states to customize the program to meet their state-specific needs. The program is designed to provide rebates for whole-home energy improvements. Actual rebate amounts are determined by the level of modeled or measured energy savings and the income level of the applicant. See summary below and program website for complete details. </i></b></p><p><b><i>Georgia’s HER program fully launched on March 31, 2025, transitioning out of the pilot phase.</i></b></p><p>Georgia’s HER program helps households finance whole-home energy efficiency retrofits and upgrades. The incentives are based on a household’s area median income and the amount of energy savings as a result of the upgrades.  </p><p>For more information on Georgia’s HER program, <a href=""https://energyrebates.georgia.gov/home-efficiency-rebates"">click here</a>. </p><p>To find an approved contractor, <a href=""https://energyrebates.georgia.gov/find-approved-contractor"">click here.</a></p>","Incentive Amount: ; Maximum Incentive: To be determined, based on energy savings<br>
Energy savings 20-34% - up to 50%, max $2,000 for non-low income; up to 98%, max $10,000 for low income<br>
Energy savings 35%+ - up to 50%, max $4,000 for non-low income; up to 98%, max $16,000 for low income; Eligible System Size: ; Equipment Requirements: ; Installation Requirements: ; Ownership of Renewable Energy Credits: ",https://energyrebates.georgia.gov/home-efficiency-rebates,"January 2, 2026",11/15/2024
22719,updated,True,GA,Financial Incentive,Rebate Program,State,Georgia - Home Electrification and Appliance Rebate (HEAR) Program,Georgia Environmental Finance Authority,Duct/Air sealing; Heat pumps; Insulation; Load Management; Water Heaters,Incentive max: 1.0000 $; Incentive max: 8.0000 $; Incentive max: 1.0000 $; Incentive max: 4.0000 $,"<p><b><i>Note: The Federal Inflation Reduction Act (IRA) created the Home Electrification and Appliance Rebate (HEAR) Program. The IRA established the main parameters for this program but allowed the states to customize the program to meet their state-specific needs. The program is designed to award rebates for purchase of qualifying home electrification equipment and appliances. Residents earning less than 80% of the Area Median Income (AMI) can receive the full rebate amount, and residents earning between 80% and 150% AMI can receive a partial rebate. See summary below and program website for complete details.</i></b></p><p><b><i>Georgia’s HEAR program fully launched on March 31, 2025, transitioning out of the pilot phase.</i></b></p><p>Georgia’s HEAR program helps low-and-moderate income households saving money on specific appliance purchases, including heat pumps, insulation, heat pump water heaters, heat pump clothes dryers, among other appliances. <span>Heat pump purchases will require an assessment before installation to qualify.</span></p><p>For more information on Georgia’s HEAR program, <a href=""https://energyrebates.georgia.gov/home-electrification-and-appliance-rebates"">click here</a>.</p><p>To find an approved contractor, <a href=""https://energyrebates.georgia.gov/find-approved-contractor"">click here.</a></p>","Incentive Amount: ; Maximum Incentive: Heat Pump Water Heater: $1,750<br>
Heat Pump for Space Heating or Cooling: $8,000<br>
Electric Stove, Cooktop, Range, Oven, Heat Pump Clothes Dryer: $840<br>
Electric Load Service Center: $4,000<br>
Insulation, Air Sealing, Ventilation: $1,600<br>
Electric Wiring: $2,500; Eligible System Size: ; Equipment Requirements: ; Installation Requirements: Heat pump purchases require an assessment before installation to qualify for a rebate.; Ownership of Renewable Energy Credits: ",https://energyrebates.georgia.gov/home-electrification-and-appliance-rebates,"January 2, 2026",11/15/2024
22635,updated,True,GA,Financial Incentive,Grant Program,State,Georgia - National Electric Vehicle Infrastructure (NEVI) Formula Grant Program,Georgia Department of Transportation,,,"<p>The Georgia Department of Transportation (DOT) will conduct a competitive solicitation process using NEVI funding to complete NEVI-compliant charging infrastructure. The public-private partnerships created will advance the state's <a href=""https://www.fhwa.dot.gov/environment/nevi/ev_deployment_plans/ga_nevi_plan.pdf"">plan</a> to build out 1,523 miles of EV corridors. An RFP was released on July 25, 2023, with an end date of November 17, 2023 (later updated to November 27, 2023). The Georgia DOT released its 2023 plan <a href=""https://ago-item-storage.s3.amazonaws.com/3bba0e52c8074e8caf81483fc2fd0de2/GDOT_NEVI_Plan.pdf?X-Amz-Security-Token=IQoJb3JpZ2luX2VjEKX%2F%2F%2F%2F%2F%2F%2F%2F%2F%2FwEaCXVzLWVhc3QtMSJHMEUCIQD%2FpP6FhekasDoeE4k1%2BDf9ks%2Fv8gY3zUxhY7r2RAClBQIgJt7c7kpcInsivYnWJfnouT0118CdvUyF077sPIbdamcqvQUIvv%2F%2F%2F%2F%2F%2F%2F%2F%2F%2FARAAGgw2MDQ3NTgxMDI2NjUiDM76vq3P%2B%2FkBUKLx9yqRBTGYF%2F7OBHOMfFLyAuJZwqhtnxnzKp99p2aY4t2wsuox%2BVoqlmzqcFJMGPimM85DPQiJm2jU4uVxVe%2Blm%2BlWmcMJHywC9gmmATDmGa9RXNIih0Eir7lASQLo5yGPRzIQaK7Vf52OZG4D%2BWnfR0ODJ0mkT5YghVArUR5xAQI6g%2BvWqmjbn0yEYex9ousEtbWgD6mhDoMHAoI0ISze1DFZ%2FgswpJsoIyah68NxHMxhJdjugJR2GhY8TtPtmPotzyyVZFwQZu8vdHmnM5hhqpoU3tt85RzSF36wdhnXXnIiVGvgc95i7e82WdbYMK%2BThb5yF0yDx2qf1APkleNf9CD8W3EgM6E%2BEh1xJqPhdwHjaLEZG9IwZLqnf%2BYPusFhguJ4knjGcNlCAQ0akjlHd1x9HvvrMrU1ILciHLRZvVHlehqS9pXfNA4GYhJ5xy1GvwmqFOoY45Y%2Ffu7o3Rc2rUWyEzU1otgzh%2F2yONUaplAcgfOS6ht0l8xs4WL7wvL8IQdDcLFxkMAlaUzQITLs%2B2uN1S5AKo3YJreFecknCwsq%2BMYmzEDvMwE2QL%2BXM3Bo%2FLYVtIWuyNYh7t2liJvU66m6GZHb%2Bn%2B98WE2DVnauWhfXfq%2FjCRqoEvfQ%2Fit4xzktLGHES1jBjuUImKR4KL3h0xLiXT5pVrUfiDpBZ0bZ0OST6HYaAY6y34chorkKZPIpspQ5MMP4juK05k9EulHxUvgAEyisnKqj8%2BB6DMNHVnfcx2PFMmzwKVJ0Hbs%2FOPtcDfGHI%2Fq%2BRk4qEx%2FUrAOoaclLsdcUJfzwxvQT2q5SI3sTEvxjadiW%2FpzI6Jm%2B5xFx8sJ7TQBpZk4y5KVi0XSof7pGnyQ7AtBNID%2Fj75VBUtGjNPtWjDBzsSpBjqxAc%2B52FVGedq6DdpYVX4V5%2F1pOOY1i5yeB6QBe%2FpyoFCbT3HdOx4UmtqdIG5WGGpUi2vnfP5fsV6ONFiVeTPS1hJZFn2P1vbh0Be%2BVlqYOxG8AStIrKOvm%2FK4%2F7964QJNvfRKU6J%2FybMqfKm28Whd7F1xx0ImDGzInc41lIu%2BpHNXdkqsW8%2Bpe1KIFwY4ZwpCFb6IviNwOod7CswCyDrjkVxoDpXwWA3B1XFT5sMvXPnnog%3D%3D&amp;X-Amz-Algorithm=AWS4-HMAC-SHA256&amp;X-Amz-Date=20231019T141647Z&amp;X-Amz-SignedHeaders=host&amp;X-Amz-Expires=300&amp;X-Amz-Credential=ASIAYZTTEKKERYGBLW5X%2F20231019%2Fus-east-1%2Fs3%2Faws4_request&amp;X-Amz-Signature=ee16a19713665aa37248e17e9b16c912e44dba2f2f765b0c9ecf033822e629d8"">update </a>during Q3 2023, detailing that it expects to award the first contracts in early 2024 as a result of its July 2023 RFP.</p><p>In preparation for Round 2, the Georgia DOT filed an <a href=""https://ssl.doas.state.ga.us/gpr/eventDetails?eSourceNumber=PE-48401-RFQC-2024-000000118&amp;sourceSystemType=gpr20"">NOIA </a>in early May 2024, which had an end date of July 1, 2024. The agency has identified 33 locations for NEVI Round 2. Round 2's RFP was open from July 1, 2024, to September 30, 2024; selections were made on February 20, 2025, for 33 locations, but the procurement was paused due to federal suspension of the program.</p><p>Another updated <a href=""https://www.dot.ga.gov/systems/ProjectDocuments/GANEVI/GDOT%20NEVI%20Plan.pdf"">plan</a> was approved in September 2025, which details 20 ports that are funded by FY2022-2023 that will be operational by the end of 2025 at the latest. The state further mentioned that it will restart its Round 2 solicitation, for which the Georgia DOT awarded $24.4 million for 26 charging station locations on November 20, 2025.</p>",Incentive Amount: Varies; Maximum Incentive: ; Equipment Requirements: ; Installation Requirements: ,https://nevi-gdot.hub.arcgis.com/,"January 3, 2026",06/12/2024
3175,updated,True,GA,Financial Incentive,Rebate Program,Utility,Georgia Power - Home Energy Improvement Program,Georgia Power Company,,,"<p>Note: Current program cycle is January 2026 - December 2028</p><p>Georgia Power provides rebates to its residential customers through the Home Energy Improvement Program and the Multifamily Home Energy Improvement Program.</p><p style=""text-align: center;"">Home Energy Improvement Program</p><p style=""text-align: left;"">Under this program customers work with a participating program contractor to get a home energy assessment. Georgia Power will pay for 50% of the cost or up to $150 off the assessment. Schedule a<a href=""https://heip.programprocessing.com/findacontractor/""> </a><a href=""https://www.georgiapower.com/residential/solutions/home-solutions/heip.html#dynamic-content-modal"">home energy assessment</a> for more information.<br/></p><p style=""text-align: center;"">Multifamily Home Energy Improvement Program</p><p style=""text-align: left;"">The Home Energy Improvement Program empowers residential property owners to implement multifamily energy efficiency measures. To qualify for rebates, a participating program contractor must complete your test-in and test-out energy assessments. Higher rebates are available for eligible income-qualified multifamily customers. Visit the <a href=""https://www.georgiapower.com/residential/solutions/home-solutions/heip-multifamily.html"">Multifamily Interest Application</a> to get started.<br/></p>","Incentive Amount: <b>Single Family:</b><br>
The following items may qualify for rebates of 50% of the cost up to:<br>

    <i>Program Contractor Required:</i><br>
        Air Sealing - $400 <br>
        Home Energy Assessment - $150<br />
        Home Comfort Bundle (Electric) - $1,700 <br>
 <br>
   <i> Program Contractor or Licensed Professional Required:</i><br>
        Duct Sealing - $600<br>
        Air Source & Ground Source Heat Pumps - $1,500<br>
        Water Heater (Solar) - $250<br>
        HVAC Service - $75<br>
<br>
   <i>   Self Installation/DIY:</i><br>
Attic Insulation - $300<br>
Smart Thermostat - $150<br>
 Level 2 EV Charger - $50 <br>
Air Purifier - $75 <br>
Clothes Washer/Dryer - $50 <br>
Pool Pump - $35 <br>
Freezer - $35 <br>
Advanced Power Strip - $20<br />
Refigerator - $25<br>
Oven/Dishwasher/Cooktop - $20<br>
Microwave - $15 <br>
Thermostatic Shower Restriction Valve - $25<br>
Dehumidifier - $30 <br>
Circulation Pump - $30 <br>
Ceiling Fan - $30 <br>
<br>
<b>Multi-Family Improvements:</b><br>
15% Whole House Reduction - 50% of cost, up to $1,250/unit <br>
Home Energy Assessment - 50% of cost, up to $75/unit, completed by a participating program contractor<br>
Smart Thermostats - 50% of cost, up to $75 for ducted, central heating & air systems; Maximum Incentive: Single Family: $2,500/year per customer<br>
Multifamily: Capped at 50% of installed cost, up to $575/year; Eligible System Size: ; Equipment Requirements: See website for more details; Installation Requirements: ; Ownership of Renewable Energy Credits: ",https://www.georgiapower.com/residential/save-money-and-energy/products-programs/home-energy-efficiency-programs/home-energy-improvementprogram.html,"September 1, 2026",12/11/2008
4177,updated,True,GA,Financial Incentive,PACE Financing,State,Local Option - Special Improvement Districts,Programs administered locally,,,"<p><span><b><i><span>Note: In 2010, the Federal Housing Finance Agency (FHFA), which has authority over mortgage underwriters Fannie Mae and Freddie Mac, <a href=""https://www.fhfa.gov/Media/PublicAffairs/Pages/FHFA-Statement-on-Certain-Energy-Retrofit-Loan-Programs.aspx"">directed</a> these enterprises against purchasing mortgages of homes with a PACE lien due to its senior status above a mortgage. Most residential PACE activities subsided following this directive; however, some residential PACE programs are now operating with loan loss reserve funds, appropriate disclosures, or other protections meant to address FHFA's concerns. Commercial PACE programs were not directly affected by FHFA’s actions, as Fannie Mae and Freddie Mac do not underwrite commercial mortgages. Visit <a href=""https://www.pacenation.org/"">PACENation</a> for more information about PACE financing and a comprehensive list of all PACE programs across the country.</span></i></b></span></p>&#10;<p>&#10;&#9;Property-Assessed Clean Energy (PACE) financing effectively allows property owners to borrow money to pay for energy improvements. The amount borrowed is typically repaid via a special assessment on the property over a period of years. Georgia has authorized certain local governments to establish such programs, as described below. (Not all local governments in Georgia offer PACE financing; contact your local government to find out if it has established a PACE financing program.)<br/>&#10;&#9;<br/>&#10;&#9;Georgia has authorized the expansion of &#34;business improvement districts&#34; to allow county, city, or town development authorities to provide financing for the installation of renewable energy systems, energy efficiency or conservation improvements, and water efficiency or conservation improvements to residential, commercial, industrial or other qualifying property.</p>",Terms: Determined locally.,,"January 3, 2026",05/27/2010
3441,updated,True,GA,Financial Incentive,Rebate Program,Utility,Marietta Power & Water - Residential Energy Efficiency Rebate,Marietta Power & Water,Air conditioners; Clothes Washers; Dishwasher; Heat pumps; Programmable Thermostats; Refrigerators/Freezers; Water Heaters,Incentive : 150.0000 $/Unit; Incentive max: 500.0000 $/Unit; Incentive min: 25.0000 $; Incentive max: 50.0000 $; Incentive min: 30.0000 $; Incentive max: 100.0000 $; Incentive : 50.0000 $; Incentive : 50.0000 $; Incentive : 30.0000 $,"<p>Marietta Power &amp; Water provides rebates for electric water heaters ($250) and electric and dual-fuel heat pumps ($150). If both a water heater and heat pump are installed simultaneously, a rebate of $500 is available. Electric and dual-fuel heat pumps may be installed in newly constructed homes or replace an existing residential gas system. The developer, owner or builder must request to participate in this program before replacing or installing any new electric appliances and must enter into the program by signing MP&amp;W's contract. The developer, owner or builder must schedule with a utility representative an inspection date for the unit after installation. See the program web site for more information and the program guidelines.</p><p>Marietta Power &amp; Water also offers rebates for the purchase of Energy Star certified appliances, programmable thermostats, or water heater blankets. See the application<a href=""https://www.mariettaga.gov/DocumentCenter/View/9096/Energy-Efficiency-Rebate-application-2019-edit-with-logo?bidId=""> </a>for more details.<br/>  <br/></p>","Incentive Amount: <b>HVAC Rebates</b><br>
Heat Pump: $150<br />
Water Heater: $250<br />
Heat Pump and Water Heater: $500<br />
Energy Star Electric Central AC: $100 <br><br>

<b>Appliance Rebates</b><br>
Freezer: $25 <br />
Room air conditioner: $30<br />
Clothes washer: $50<br />
Dishwasher: $50<br />
Full size Refrigerator/Freezer: $50<br />
Heat Pump Water Heater: $250<br><br>

<b>Other Rebates</b><br>
Programmable thermostat: $30<br>
Water heater blanket: $10<br><br>

<b>Toilet Rebates</b><br>
WaterSense ultra high efficiency toilet: $75<br />; Maximum Incentive: ; Eligible System Size: ; Equipment Requirements: See program for details; Installation Requirements: ; Ownership of Renewable Energy Credits: ",http://www.mariettaga.gov/765/Rebates-Incentives,"November 12, 2025",06/12/2009
22589,updated,True,GU,Financial Incentive,Property Tax Incentive,State,Guam - Photovoltaic Property Tax Exemption,,,,<p>Bill No. 1-37 of 2023 provided an exemption from property taxes for photovoltaic solar panels and photovoltaic roof tiles installed on buildings. <br/></p>,Incentive Amount: 100% of the added value; Maximum Incentive: None; Eligible System Size: None; Equipment Requirements: ,,"March 23, 2026",01/04/2024
2895,updated,True,IA,Financial Incentive,Rebate Program,Utility,Ames Electric Department - Commercial Energy Efficiency Rebate Programs,Ames Electric Department,Air conditioners; Dual Fuel Air-Source Heat Pump; Geothermal Heat Pumps; Heat Pump Water Heater; Programmable Thermostats; Solar Photovoltaics,Incentive min: 500.0000 $; Incentive max: 1000.0000 $; Incentive min: 200.0000 $/ton; Incentive max: 500.0000 $/ton; Incentive min: 200.0000 $; Incentive max: 400.0000 $; Incentive : 25.0000 $; Incentive : 400.0000 $; Incentive : 500.0000 $/kW,"<p>The Ames Electric Department provides free energy audits and multiple energy efficiency rebates for commercial and industrial customers. The rebate programs available include: the Efficient Appliance Rebate Program, The Efficient Air Conditioner Rebate Program, The Power Factor Correction Rebate Program, the Commercial Custom Rebate Program, and the EV Charger Rebate Program. </p><p>All programs require that the customer submit a completed application form within 60 days of equipment installation. Rebates can be submitted online via rebate portals, or customers can request to submit a paper form via mail. Contact the utility for more information.</p>","Incentive Amount: Air Source Heat Pump: $500 - $1,000<br />
Geothermal Heat Pump: $200 - $500 per ton<br />
Air Conditioner: $200 - $400<br />
Smart Thermostat: $25<br />
Heat Pump Water Heaters: $400<br />
Solar Rebate Application: $500/kW (DC) installed<br />; Maximum Incentive: ; Eligible System Size: ; Equipment Requirements: ; Installation Requirements: ; Ownership of Renewable Energy Credits: ",https://www.cityofames.org/My-Government/Departments/Electric/Smart-Energy/Commercial-Programs,"October 6, 2025",03/18/2008
3241,updated,True,IA,Financial Incentive,Rebate Program,Utility,Ames Electric Department - Residential Energy Efficiency Rebate Programs,Ames Electric Department,Air conditioners; Clothes Washers; Comprehensive Measures/Whole Building; Dehumidifiers; Dishwasher; Electric Clothes Dryer; Geothermal Heat Pumps; Heat pumps; Induction Cooking Appliance; Level-2 Electric Vehicle Service Equipment; Programmable Thermostats; Refrigerators/Freezers; Solar Photovoltaics; Water Heaters,Incentive min: 200.0000 $/ton; Incentive max: 500.0000 $/ton; Incentive : 500.0000 $/kW; Incentive : 50.0000 $; Incentive : 50.0000 $; Incentive : 25.0000 $; Incentive min: 25.0000 $; Incentive max: 75.0000 $; Incentive : 25.0000 $; Incentive : 400.0000 $; Incentive min: 500.0000 $; Incentive max: 1000.0000 $; Incentive min: 200.0000 $; Incentive max: 400.0000 $; Incentive : 3000.0000 $; Incentive : 500.0000 $; Incentive : 50.0000 $; Incentive : 25.0000 $,"<p>The City of Ames Electric Services offers a variety of services and rebates for residential customers interested in purchasing energy efficient appliances or making energy efficiency improvements to eligible homes. They also offer the Net Zero Ready Home Rebate program for new homes that meet certain Energy Star standards described on the program web site. <br/>&#10;<br/>&#10;To assess the energy needs of customers, the City of Ames Electric Services offers free energy audits to any interested residential customers. Audits are performed by certified energy experts who assess the energy efficiency level of the home and will supply the customer with certain free energy saving measures such as equipment insulation.</p><p>&#10;Rebates are available on the purchase of Energy Star appliances. Ames also offers rebates for the purchase of energy efficient central air conditioners and heat pumps. All equipment must meet certain energy efficiency requirements listed on the program web site. By accepting any of the air conditioner rebates customers agree to allow City of Ames Electric Services to install a load control switch on central air conditioners.</p>","Incentive Amount: <b>Efficient Appliance Rebate Application</b><br>
Washing machine: $50<br>
Electric dryer: $50<br>
Dehumidifier: $25<br>
Dishwasher: $25<br>
Induction range or cooktop: $50<br>
Refrigerator, or freezer 17.5 cubic ft. or smaller: $25<br>
Refrigerator, or freezer 17.6 cubic ft. or larger: $75<br><br>

<b>HVAC</b><br>
Heat Pump Water Heater: $400<br>
Air Source Heat Pump: $500 - $1,000<br>
Geothermal Heat Pump: $200 - $500/ton<br>
Whole-House Air Conditioner: $200 - $400<br>
Smart Thermostat: $25 <br><br>

<b>Others</b><br>
Level 2 Electric Vehicle Chargers: Up to $500<br>
Electric Lawn Mower: $50<br>
Photovoltaic solar panels: $500 per kW<br>
Energy-Efficiency New Residential Construction: $3,000<br>
Energy Audit: FREE; Maximum Incentive: Rebates will not exceed 50% of installed equipment cost; Eligible System Size: ; Equipment Requirements: ; Installation Requirements: ; Ownership of Renewable Energy Credits: ",https://www.cityofames.org/My-Government/Departments/Electric/Smart-Energy/Residential-Programs,"November 4, 2025",01/30/2009
966,updated,True,IA,Financial Incentive,Corporate Tax Exemption,State,Energy Replacement Generation Tax Exemption,Iowa Department of Revenue,,,"<p>&#10;&#9;Iowa imposes a replacement generation tax of $0.0006 per kilowatt-hour (kWh) on various forms of electricity generated within the state. This tax is imposed in lieu of a property tax on generation facilities.<br/>&#10;&#9;<br/>&#10;&#9;Under the Energy Replacement Generation Tax Exemption, the following facilities are exempt from the replacement tax:</p>&#10;<ul>&#10;&#9;<li>&#10;&#9;&#9;All energy generated by methane gas conversion property to the extent the property is used in connection or conjunction with a publicly-owned sanitary landfill or used to collect waste that would otherwise be collected by or deposited with a publicly-owned sanitary landfill,</li>&#10;&#9;<li>&#10;&#9;&#9;Wind energy conversion property that is eligible for a tax credit or that is subject to the <a href=""https://programs.dsireusa.org/system/program/detail/142/local-option-special-assessment-of-wind-energy-devices"">special valuation of wind energy conversion property</a>, and</li><li>Facilities owned by or leased to a state university or university of science and technology, to the extent electricity generated by such facilities is consumed exclusively by such state university or university of science and technology,<br/></li>&#10;&#9;<li>&#10;&#9;&#9;Self-generators with on-site facilities. In order to qualify for the exemption, self-generators must wholly own or lease the facility in question and produce electricity solely for their own consumption, except for inadvertent unscheduled deliveries to their electric utility. However, facilities that do not consume all energy on-site are not required to pay the replacement tax on energy that is used to operate the facility.</li>&#10;</ul>&#10;<p>&#10;&#9;In addition, large hydroelectric generators (100 megawatts or more) pay a reduced generation tax equivalent to $0.000001847 per kWh.</p>","Incentive Amount: 100% exemption for self-generators, landfill gas and wind<br> 
Reduced rate for large hydro; Maximum Incentive: None",https://tax.iowa.gov/,"March 27, 2026",07/10/2003
142,updated,True,IA,Financial Incentive,Property Tax Incentive,State,Local Option - Special Assessment of Wind Energy Devices,Iowa Department of Natural Resources,,,"<p>Any city or county in Iowa may pass an ordinance assessing wind energy conversion equipment at a special valuation for property tax purposes, beginning at 0% of the net acquisition cost in the first assessment year and increasing annually by five percentage points to a maximum of 30% of the net acquisition cost in the 7th and succeeding years.<br/>&#10;<br/>&#10;If a city or county repeals the ordinance, the wind energy property shall be valued at the special rate until the end of the 19th assessment year following the first assessment year.  Once this period has ended, the property is valued at the market value rather than 30% of the net acquisition cost. The taxpayer must file for the special valuation by February 1 of the assessment year in which the wind system is first assessed for property tax purposes. <br/>&#10;<br/>&#10;An October 2008 <a href=""https://revenue.iowa.gov/media/219/download?inline"">opinion</a> from the Iowa Department of Revenue (DOR) clarifies that Iowa Code § 427B.26 does not allow for partial assessments of wind energy property and that wind plants are not subject to assessment until they are completed. <br/>&#10;<br/>&#10;If an ordinance has not been adopted, or if the taxpayer fails to file for the special valuation, the system shall be assessed by the DOR under Iowa Code 428.24 to 428.29 and 441.21(8). These statutes provide that the assessable and taxable value of the property shall not increase with the new construction of wind or solar energy systems for five years. </p>","Incentive Amount: Property valued at 0% of the net acquisition cost in the first assessment year, increasing annually by 5 percentage points to a maximum of 30% of the net acquisition cost in the 7th and succeeding years; Maximum Incentive: ; Eligible System Size: ; Equipment Requirements: ",https://www.legis.iowa.gov/docs/code/427b.26.pdf,"November 4, 2025",01/01/2000
185,updated,True,IA,Financial Incentive,Property Tax Incentive,State,Methane Gas Conversion Property Tax Exemption,Iowa Department of Revenue,,,"<p><span>Under Iowa's methane gas conversion property tax exemption, real and personal property used to decompose waste and convert the waste to gas, collect the methane or other gases, convert the gas to energy, or collect waste for these purposes is exempt from property tax. This section was formerly written to only apply to facilities operated in connection with or in conjunction with a publicly-owned sanitary landfill. </span><br/></p><p><span>For facilities that are not connected with or in conjunction with a publicly-owned sanitary landfill, the exemption may only be claimed if the facility is placed in service between January 1, 2008, and December 31, 2012, and is only limited to 10 years. The 10-year restriction is not placed on facilities at a publicly-owned sanitary landfill. If other fuels in addition to methane are burned, the exemption is equal to the ratio of methane in the overall fuel mix. </span></p><p><span>The claimant must file an application (<a href=""https://revenue.iowa.gov/media/2394/download?inline"">Form 54-065</a>) annually with the local assessor by February 1 of each year in order to claim the exemption.</span></p>","Incentive Amount: 100% exemption (as long as the property is utilized for methane gas conversion) <br>
Varies for property that also consumes fuel other than methane; Maximum Incentive: ; Eligible System Size: ; Equipment Requirements: Beginning January 1, 2013, the exemption only applies to property connected to or in conjunction with publicly-owned sanitary landfills.","https://revenue.iowa.gov/taxes/tax-guidance/tax-credits-deductions-exemption/tax-credits-and-exemptions#:~:text=Iowa%20Methane%20Gas%20Conversion%20Property%20Tax%20Exemption&text=Eligibility%3A%20Property%20must%20be%20used,or%20before%20December%2031%2C","November 4, 2025",01/01/2000
184,updated,True,IA,Financial Incentive,Property Tax Incentive,State,Property Tax Exemption for Renewable Energy Systems,Iowa Department of Natural Resources,,,"<p>&#10;&#9;In Iowa, the market value added to a property by a solar or wind energy system is exempt from the state's property tax for 5 full assessment years. Residential geothermal systems are exempt for 10 years. Eligible systems include:</p>&#10;<ul>&#10;&#9;<li>&#10;&#9;&#9;a system of equipment capable of collecting and converting incident solar radiation or wind energy into thermal, mechanical, or electrical energy and transforming these forms of energy by a separate apparatus to storage or to a point of use which is constructed or installed after January 1, 1978;</li>&#10;&#9;<li>&#10;&#9;&#9;a system that uses the basic design of the building to maximize solar heat gain during the cold season and to minimize solar heat gain in the hot season and that uses natural means to collect, store, and distribute solar energy which is constructed or installed after January 1, 1981; and</li>&#10;&#9;<li>&#10;&#9;&#9;a residential geothermal system, new or retrofitted, installed on or after July 1, 2012, including all equipment included in the installation or labor required for the construction, as well as the proportionate value of any well field associated with the system or attributed to the owner.</li>&#10;</ul>&#10;<p>&#10;&#9;The Iowa Department of Revenue (DOR) issued an opinion determining that the solar and wind exemption can be applied to systems whose &#34;primary purpose&#34; is to store or provide electricity for use at the site where the system is located. This clarifies that solar and wind systems which periodically export electricity to the grid (e.g., net-metered systems) are eligible to claim the exemption as long as they are used primarily to serve on-site electricity demand.</p>&#10;<p>&#10;&#9;For the geothermal tax exemption, the person claiming an exemption must submit the appropriate <a href=""https://revenue.iowa.gov/taxes/tax-guidance/tax-credits-deductions-exemption/tax-credits-and-exemptions"">forms</a> to the assessor and must file the forms no later than February 1<sup>st</sup> of the first assessment year that the exemption is requested.</p>","Incentive Amount: Solar and wind: 100% exemption for 5 years<br>
Geothermal: 100% exemption for 10 years; Maximum Incentive: Not specified; Eligible System Size: ; Equipment Requirements: ",,"November 4, 2025",01/01/2000
56,updated,True,IA,Financial Incentive,Sales Tax Incentive,State,Renewable Energy Equipment Exemption,Iowa Department of Revenue,,,"<p>&#10;&#9;Iowa allows a sales tax exemption for solar, wind, and hydroelectricity equipment. As of August 2024, the Iowa sales tax rate is 6%.</p>&#10;<p>&#10;&#9;<strong>Wind</strong></p>&#10;<p>&#10;&#9;For wind energy, the exemption includes the total cost of wind energy equipment and all materials used to manufacture, install, or construct wind energy systems. The exemption does not apply to equipment used to construct a plant to manufacture wind energy systems.</p>&#10;<p>&#10;&#9;<strong>Solar</strong></p>&#10;<p>&#10;&#9;Effective July 1, 2006, solar energy equipment is also exempt from the state sales tax. Solar equipment means any equipment that is used to convert incident solar radiation to energy, or equipment used to transform the converted energy to storage or to some point of use.</p><p>Additional guidance on the solar exemption has been provided in the Iowa Sales and Use Tax Guide: &#34;Iowa Code section 423.3(90) defines solar energy equipment as “equipment that is primarily used to collect and convert incident solar radiation into thermal, mechanical, or electrical energy or equipment that is primarily used to transform such converted solar energy to a storage point or to a point of use.” This includes but is not limited to panels, inverters, solar roof tiles or shingles, and energy transmission devices. It does not include a battery or other storage point, equipment used for safety or security of the equipment such as fencing, or equipment not used to collect, convert, or transmit solar energy. It also does not include materials used to manufacture, install, or construct solar energy equipment, such as racking to install or mount solar energy equipment or pads or foundations to support a solar energy equipment installation.&#34;</p>&#10;<p>&#10;&#9;<strong>Hydroelectricity </strong></p>&#10;<p>&#10;&#9;In May 2013 a sales tax exemption was also added for hydroelectricity conversion equipment through the enactment of <a href=""https://www.legis.iowa.gov/legislation/BillBook?ga=85&amp;ba=HF%20630"">H.F. 630</a>. This includes but is not limited to, generators, turbines, powerhouses, intakes, coffer dams, walls, water conduits, tailraces, other concrete components, electric equipment substations, poles, wires, transformers, breakers, and switches used to convert water, water power, or hydroelectricity to a form of usable energy.</p>",Incentive Amount: 100% of sales tax; Maximum Incentive: None; Equipment Requirements: ,https://tax.iowa.gov/iowa-sales-and-use-tax-guide,"January 12, 2026",01/01/2000
1227,updated,True,ID,Financial Incentive,Personal Tax Deduction,State,Income Tax Deduction for Energy Efficiency Upgrades,Idaho Tax Commission,,,"<p>&#10;&#9;Idaho residents with homes built or under construction before 2002, or who had a building permit issued before January 1, 2002, qualify for an income tax deduction for 100% of the cost of installing new insulation or other approved energy efficiency improvements in an existing residence. Any insulation added must be in addition to, not a replacement of, existing insulation. Other energy efficiency measures that may be deducted are windows that are more energy efficient than existing windows, storm windows, weather stripping and caulking, and duct sealing and insulation.  Efficiency measures must meet or exceed the criteria for the component in the version of Idaho's energy code in effect in the year the improvement was made. The home must be the primary residence and located within the State of Idaho to qualify for the deduction. </p>&#10;<p>&#10;&#9;Customers should claim the deduction on <a href=""http://tax.idaho.gov/search-formspublications.cfm?ch=ind&amp;t=tt&amp;y=9999"" target=""_blank"" title=""forms"">forms</a> <span>from the Idaho State Tax Commission; contact the Idaho State Tax Commission for the most recent form.</span></p>",Incentive Amount: 100% of cost; Maximum Incentive: ; Equipment Requirements: ,,"March 27, 2026",07/28/2005
1653,updated,True,ID,Financial Incentive,Rebate Program,Utility,Intermountain Gas Company (IGC) - Energy Efficiency Rebate Program,Customer Service,Boilers; Comprehensive Measures/Whole Building; Furnaces; Programmable Thermostats; Tankless Water Heater; Water Heaters,Incentive : 800.0000 $; Incentive : 350.0000 $; Incentive min: 300.0000 $; Incentive max: 325.0000 $; Incentive : 100.0000 $; Incentive : 115.0000 $; Incentive min: 700.0000 $; Incentive max: 900.0000 $,"<p>The Intermountain Gas Company's (IGC) Gas Heating Rebate Program offers customers a variety of rebates for energy efficiency measures, including a whole home rebate and rebates for various appliances. More information can be found on the program <a href=""https://www.intgas.com/energy-efficiency_program/residential-energy-efficiency/"">website</a>.</p>","Incentive Amount: Combination Boiler for Space and Water Heat: $800<br>
Furnace: $350<br>
Boiler: $800<br>
Storage Water Heater: $115<br>
Tankless Water Heater Tier I: $325<br>
Tankless Water Heater Tier II: $300<br>
Smart Thermostat: $100<br>
Whole Home Tier I: $900<br>
Whole Home Tier II: $700<br>; Maximum Incentive: ; Eligible System Size: ; Equipment Requirements: Combination Boiler for Space and Water Heat: 95% AFUE<br>
Furnace: 95% AFUE<br>
Boiler: 95% AFUE<br>
Storage Water Heater: .68 UEF<br>
Tankless Water Heater Tier I: .91 UEF<br>
Tankless Water Heater Tier II: .87 UEF<br>
Smart Thermostat: ENERGY STAR® Certified<br><br>
<b>Whole Home Tier I:</b> HERS rated/Air sealing at or below 3 ACH at 50 Pa/Ceiling insulation at or above R-49/Ducts and air handler located inside conditioned space or duct leakage to outside of less than 4 CFM25/100 ft2 CFA/Furnace efficiency at or above 97% AFUE<br><br />
<b>Whole Home Tier II:</b> HERS rated/Air sealing at or below 4 ACH at 50 Pa/Ducts and air handler located inside conditioned space or duct leakage to outside of less than 4 CFM25/100 ft2 CFA/Furnace efficiency at or above 95% AFUE<br>; Installation Requirements: ; Ownership of Renewable Energy Credits: ",https://www.intgas.com/energy-efficiency_program/residential-energy-efficiency/,"October 23, 2025",06/23/2006
22079,updated,True,ID,Financial Incentive,Rebate Program,Utility,Kootenai Electric Cooperative - Commercial Energy Efficiency Rebate Program,Kootenai Electric Cooperative,Custom/Others pending approval; Dual Fuel Air-Source Heat Pump; Ductless Mini-Split Heat Pump; Heat pumps; Lighting,Incentive max: 70.0000 % of cost; Incentive min: 150.0000 $/ton; Incentive max: 1000.0000 $/ton; Incentive min: 300.0000 $/ton; Incentive max: 1000.0000 $/ton; Incentive min: 50.0000 $; Incentive max: 150.0000 $; Incentive min: 0.2500 $/kWh; Incentive max: 0.3500 $/kWh,"<p>Kootenai Electric Cooperative offers a variety of rebates to its commercial customers for the installation of energy efficient improvements, including for lighting and heat pumps. Custom incentives are also available. See the program website for more information.</p>","Incentive Amount: Lighting: Varies, Rebate will not exceed 70% of installed cost<br />
Air Source Heat Pump Retrofit: $1,000/ton <br />
Air Source Heat Pump Upgrade: $150/ton <br />
Ductless Heat Pump Retrofit: $1,000/ton <br />
Ductless Heat Pump Upgrade: $300/ton<br />
Advanced Rooftop Unit Control: up to $200/ton<br>
Packaged Terminal Heat Pump: $150/unit (retrofit), $50/unit (new)<br>
Custom Incentives: $0.25/kWh-$0.35/kWh <br />; Maximum Incentive: Custom incentives will not exceed 70% of project cost.; Eligible System Size: ; Equipment Requirements: See program website.; Installation Requirements: ; Ownership of Renewable Energy Credits: ",https://www.directefficiency.com/kec-commercial-rebates/,"October 28, 2025",04/18/2019
2453,updated,True,ID,Financial Incentive,Rebate Program,Utility,Kootenai Electric Cooperative - Residential Efficiency Rebate Program,Kootenai Electric Cooperative,Attic Insulation; Clothes Washers; Comprehensive Measures/Whole Building; Doors; Ductless Mini-Split Heat Pump; Electric Clothes Dryer; Floor Insulation; Furnaces; Geothermal Heat Pumps; Heat Pump Water Heater; Level-2 Electric Vehicle Service Equipment; Programmable Thermostats; Wall Insulation; Windows,Incentive : 5.0000 $/square foot; Incentive : 5.0000 $/square foot; Incentive : 0.7500 $/square foot; Incentive : 0.7500 $/square foot; Incentive : 0.7500 $/square foot; Incentive : 25.0000 $/Unit; Incentive : 25.0000 $/Unit; Incentive : 350.0000 $; Incentive : 500.0000 $; Incentive : 1150.0000 $; Incentive min: 1000.0000 $; Incentive max: 1200.0000 $; Incentive : 300.0000 $; Incentive : 900.0000 $; Incentive : 100.0000 $,"<div>&#10;&#9;Kootenai Electric Cooperative offers incentives for residential customers to increase the energy efficiency of participating homes. Rebates are available for the purchase of ENERGY Star qualified clothes washers, certified homes, as well as water heaters, air-source and geothermal heat pumps, and windows. Qualified homes must have a heat pump installed according to ENERGY Star specifications. <br/>&#10;&#9;<br/>&#10;&#9;For more information, visit the website listed above or contact Kootenai directly.</div>","Incentive Amount: Windows: $5 per sq. ft.<br />
Patio Doors: $5 per sq. ft.<br />
Exterior Door: $32<br />
Attic Insulation: $0.75 per sq. ft.<br />
Floor Insulation: $0.75 per sq. ft.<br />
Wall Insulation: $0.75 per sq. ft.<br />
Clothes Washer: $25 per unit<br />
Electric Clothes Dryer: $25 per unit<br />
Level 2 Electric Vehicle Chargers: $350<br />
Heat Pump Water Heater: $500<br />
New Manufactured Home: $1,150<br />
Air Source Heat Pump Furnace: $1,000 - $1,200<br />
Air Source Heat Pump: $300<br />
Ground Source Heat Pump: $3,000<br />
Ductless Heat Pump: $900<br />
Programmable Thermostat: $100<br />; Maximum Incentive: ; Eligible System Size: ; Equipment Requirements: ; Installation Requirements: ; Ownership of Renewable Energy Credits: ",https://www.directefficiency.com/kec-residential-rebates/,"October 14, 2025",03/19/2007
4198,updated,True,ID,Financial Incentive,Rebate Program,Utility,Northern Lights Inc. - Energy Conservation Rebate Program,,Clothes Washers; Comprehensive Measures/Whole Building; Ductless Mini-Split Heat Pump; Electric Clothes Dryer; Programmable Thermostats,Incentive : 30.0000 $; Incentive : 60.0000 $; Incentive : 1000.0000 $; Incentive : 920.0000 $; Incentive : 140.0000 $,"<p><span>Northern Lights Inc. offers a variety of rebates for the purchase and installation of energy efficient appliances and measures. A list of eligible equipment and rebate amounts can be found on the program <a href=""https://www.nli.coop/save/rebates/"">website</a>. Equipment and manufactured homes must meet all program efficiency standards to receive rebates. All members who receive electric service from Northern Lights qualify for incentives.  Interested customers should contact Northern Lights for more general information on the rebate process.</span><br/></p><p></p>","Incentive Amount: Clothes Washer: $30<br />
Clothes Dryer: $60<br/>
NEEM Manufactured Home (electric heat): $1,000<br />
Ductless Heat Pumps: $920 <br />
Air Source/Geothermal Heat Pumps: Contact Northern Lights<br />
Smart Thermostat: $140<br />; Maximum Incentive: ; Eligible System Size: ; Equipment Requirements: Clothes Washer: Energy Star<br />
Clothes Dryer: Energy Star<br/>
NEEM Manufactured Home (electric heat): See Program Website<br />
Ductless Heat Pumps zonal:  See Program Website<br />
Ductless Heat Pumps electric forced air:  See Program Website<br />
Air Source/Geothermal Heat Pumps:  See Program Website<br />; Installation Requirements: ; Ownership of Renewable Energy Credits: ",http://www.nli.coop/rebates/,"October 23, 2025",06/08/2010
2786,updated,True,ID,Financial Incentive,Property Tax Incentive,State,"Property Tax Exemption for Wind, Solar, and Geothermal Energy Producers",Idaho State Tax Commission,,,"<p>&#10;&#9;In 2007, Idaho enacted a bill that restructured the method of taxation for producers of wind energy from a property tax to a tax on production. The aim of this restructuring was to ease the burden on commercial wind farms in the early years of operation. In 2008, Idaho enacted further legislation to include geothermal energy producers under this method of taxation, and solar energy producers were included under legislation (<a href=""https://legislature.idaho.gov/wp-content/uploads/sessioninfo/2016/legislation/H0534.pdf"">H.B. 534</a>) enacted in 2016. </p><p>Under these policies, commercial wind, solar, and geothermal energy producers, excluding those regulated by the Idaho Public Utilities Commission, are exempt from paying taxes on real estate, fixtures or property related to their renewable energy systems. In lieu of property taxes, however, wind and geothermal energy producers must instead pay a tax of three percent (3%) of gross energy earnings. Solar energy producers must pay a tax of three and a half percent (3.5%) of gross energy earnings.</p>","Incentive Amount: 100% of property taxes, replaced with 3% tax on production for wind and geothermal or 3.5% for solar energy; Maximum Incentive: ; Eligible System Size: ; Equipment Requirements: ",,"October 8, 2025",03/30/2007
137,updated,True,ID,Financial Incentive,Personal Tax Deduction,State,Residential Alternative Energy Tax Deduction,Idaho Tax Commission,,,"<p>&#10;&#9;This statute allows taxpayers an income tax deduction of 40% of the cost of a solar, wind, geothermal, and certain biomass energy devices used for heating or electricity generation. Taxpayers can apply this 40% deduction in the year in which the system is installed and can also deduct 20% of the cost each year for three years thereafter. The maximum deduction in any one year is $5,000. The total maximum deduction is $20,000.<br/>&#10;&#9;<br/>&#10;&#9;Eligible biomass energy devices include a pellet stove or EPA-certified wood stove if:</p>&#10;<ul>&#10;&#9;<li>&#10;&#9;&#9;it is in the taxpayer's residence,</li>&#10;&#9;<li>&#10;&#9;&#9;it replaces an old wood stove that does not meet EPA requirements,</li>&#10;&#9;<li>&#10;&#9;&#9;the purchase and replacement occurs within the same year, and</li>&#10;&#9;<li>&#10;&#9;&#9;the old wood stove is dropped off at a Department of Environmental Quality (DEQ)-approved site within 30 days.<br/>&#10;&#9;&#9;(Also applies to new natural gas or propane heating units that meet these criteria.)</li>&#10;</ul>&#10;<p><span>The deduction for full year residents is calculated on the Idaho Supplemental Schedule </span><span>39</span><span>R</span><span>,</span><span> section B, with the result transferred to Idaho Form 40. For part year and non-residents of Idaho, the deduction is calculated on Idaho Form </span><span>39N</span><span>R</span><span>, section B, with the results transferred to Idaho Form 43. </span><span>Forms, instructions, and publications for the current and previous years can be found </span><a class=""summarylink"" href=""http://tax.idaho.gov/m-formpub.cfm"" target=""_blank"" title=""tax forms"">here</a><span>. </span><br/></p>&#10;<p>&#10;&#9; </p>","Incentive Amount: 40% in the first year; 20% per year for next three years; Maximum Incentive: $5,000 per year; $20,000 total deduction; Equipment Requirements: ",,"March 27, 2026",01/01/2000
22233,updated,True,IL,Financial Incentive,Rebate Program,Utility,ComEd - Distributed Generation and Storage Rebates,Commonwealth Edison,,,"<p>As required by Illinois law, Commonwealth Edison offers rebates for distributed generation installation. Rebates are available as follows:</p><ul><li>For systems not owned by Residential or Under 100 kW Demand Class, or for Community Solar systems, the available rebate is $250 per kW </li><li>For these customers, an additional rebate of $250 per kW is available for installation of energy storage systems</li><li>For systems owned by Residential or Under 100 kW Demand Class customers, the available rebate is $300 per kW</li><li>For these customers, an additional rebate of $300 per kW is available for installation of energy storage systems</li></ul><p><a href=""https://www.ilga.gov/Documents/Legislation/PublicActs/104/PDF/104-0458.pdf"">Public Act 104-458 (2026)</a> modifies the requirements to apply to stand-alone energy storage (previously, only storage associated with solar was eligible). The law added further requirements to existing language delineating that electric utilities with over 300,000 customers must provide additional compensation for distribution grid services. Upon proof of participation in the frequency regulation market, the customer will be entitled to a rebate equal to the cost of the interconnection facilities paid to ComEd, plus the cost of software, telecommunications hardware, and telemetry paid to enable participation. The utility must file tariffs in accordance with these requirements within 120 days of the law's effective date. </p>Receipt of a distributed generation rebate requires customers to receive a lower credit rate for net-metered electricity; the credit rate is the same as that received by community solar subscribers, including the energy supply, capacity, and transmission values but not delivery service charges. Receipt of a rebate for energy storage installation (but not the distributed generation installation) does not require net metering customers to move to the lower credit rate.","Incentive Amount: Commercial and community solar: $250 per kW for generation and $250/kWh for battery associated with eligible DG facility <br>
Residential and small commercial:  $300 per kW for generation and $300/kWh for battery associated with eligible DG facility; Maximum Incentive: ; Eligible System Size: Below 5 MW; Equipment Requirements: ; Installation Requirements: ; Ownership of Renewable Energy Credits: ",https://www.comed.com/smart-energy/my-green-power-connection/solar-energy/solar-rebates,"March 26, 2026",06/18/2021
22174,updated,True,IL,Financial Incentive,Other Incentive,State,Electric Vehicle Fleet Fee Exemption,,,,<p>The State of Illinois charges a $20 per vehicle fee on fleets of 10 or more vehicles. Electric vehicles are exempt from this fee.</p>,,https://www.ilga.gov/legislation/ilcs/fulltext.asp?DocName=041501200K35,"November 4, 2025",06/03/2021
4493,updated,True,IL,Financial Incentive,Rebate Program,Utility,Jo-Carroll Energy - Energy Efficiency Rebate Program (Electric),"Jo-Carroll Energy Cooperative, Inc.",Agricultural Equipment; Air conditioners; Clothes Washers; Comprehensive Measures/Whole Building; Compressed air; Dehumidifiers; Dishwasher; Dual Fuel Air-Source Heat Pump; Electric Clothes Dryer; Furnaces; Geothermal Heat Pumps; Heat Pump Water Heater; LED Lighting; Lighting Controls/Sensors; Programmable Thermostats; Water Heaters,Incentive min: 50.0000 $/Unit; Incentive max: 500.0000 $/Unit; Incentive : 25.0000 $; Incentive : 5.0000 $; Incentive max: 500.0000 $; Incentive min: 150.0000 $; Incentive max: 300.0000 $; Incentive : 300.0000 $; Incentive : 500.0000 $; Incentive : 175.0000 $/ton; Incentive : 35.0000 $; Incentive : 25.0000 $; Incentive min: 400.0000 $/ton; Incentive max: 600.0000 $/ton,"<p>JCE Co-op offers an array of incentives for both residential and commercial members to encourage energy-efficient upgrades. Electric incentive categories include: appliance &amp; lighting upgrades, water heaters, new-home programs, and HVAC systems (air-source heat pumps, geothermal ground-source systems, etc.). Commercial/industrial and agricultural accounts also qualify under specific electric-ag incentive offerings. The total rebate cap is $20,000 per account per year, and rebates must be submitted within three months of purchase or installation.</p><p>To participate, members should select qualified equipment, keep purchase/installation documentation, and submit the rebate application within the required timeframe. For more info or to take advantage of these programs, contact JCE Co-op at 800-858-5522.</p>","Incentive Amount: <b>Electric Ag - Commercial & Industrial</b><br />
Electric forklift battery charger: $200<br />
Dairy plate cooler / well water pre-cooler: $500<br />
Low / zero energy livestock waterer: $50<br />
Exhaust fan: $1 per inch<br />
Circulation fan: $1 per inch<br />
Scroll refrigerator compressor: $30 per hp<br />
Variable frequency drive (VFD): $30 per hp<br />
<b>Electric appliances & lighting</b><br />
All-in-one washer/dryer combo: $25<br />
Electric clothes dryer: $25<br />
Clothes washer: $25<br />
Dehumidifier: $25<br />
Dishwasher: $25<br />
Refrigerator/Freezer: $25<br />
Window air conditioner: $25<br />
Occupancy Sensor: $5<br />
LED Lamp & Fixture: total lumens / (800 lumens x $0.50)<br />
LED Exit Sign: $5<br />
<b>Electric Compressed Air Audit</b><br />
Up to $500<br />
<b>Electric Water Heaters</b><br />
Residential high efficiency electric water heater: $150<br />
Residential high efficiency electric water heater: $300<br />
Commercial electric water heater: $150<br />
Commercial electric water heater: $300<br />
Heat pump water heater: $300<br />
<b>ElectricSense new home program</b><br />
$500<br />
<b>Electric Residential HVAC</b><br />
Air-source heat pump & mini-split: $175/ton<br />
New furnace w/ECM blower motor: $35<br />
Smart Thermostat: $25<br />
<b>Commercial electric HVAC</b><br />
Commercial air-source heat pump & PTHPs: $175/ton<br />
Residential & Commercial electric HVAC - geothermal ground source system: $400 - $600/ton<br />; Maximum Incentive: Incentives cap at $20,000 per member account per year<br>; Eligible System Size: ; Equipment Requirements: ; Installation Requirements: ; Ownership of Renewable Energy Credits: ",https://jcecoop.com/incentives,"October 20, 2025",12/13/2010
3507,updated,True,IL,Financial Incentive,Rebate Program,Utility,MidAmerican Energy - Residential Energy Efficiency Rebate Programs,MidAmerican Energy Company,Air conditioners; Clothes Washers; Dual Fuel Air-Source Heat Pump; Ductless Mini-Split Heat Pump; Electric Clothes Dryer; Furnaces; Geothermal Heat Pumps; Heat Pump Water Heater; Programmable Thermostats; Refrigerators/Freezers,Incentive min: 225.0000 $/Unit; Incentive max: 600.0000 $/Unit; Incentive min: 150.0000 $/Unit; Incentive min: 300.0000 $/Unit; Incentive : 90.0000 $/ton; Incentive min: 300.0000 $/Unit; Incentive max: 450.0000 $/Unit; Incentive min: 900.0000 $/Unit; Incentive max: 1200.0000 $/Unit; Incentive : 225.0000 $/Unit; Incentive : 1.8000 $/MBTUh; Incentive : 45.0000 $/Unit; Incentive : 35.0000 $/Unit; Incentive min: 25.0000 $/Unit; Incentive max: 50.0000 $/Unit; Incentive max: 100.0000 $/Unit,"<p>MidAmerican Energy offers instant discounts and rebates to qualifying residential customers in Illinois to help encourage investments in energy-efficient home equipment. The instant discounts are automatically applied at purchase when you buy eligible equipment (such as heat pumps, central air conditioners, geothermal systems, heat pump water heaters, or natural gas furnaces) from participating dealers and installers. The rebates are available after installation for ENERGY STAR® certified appliances and systems such as air purifiers, washers/dryers, refrigerators, smart thermostats, and more.</p><p><br/></p><p>To be eligible, equipment must be purchased, installed, and operational within the 2025 calendar year, and rebate applications must be submitted within 90 days of purchase (or by December 31, 2025). Discounts and rebates cannot be combined with other incentive programs, and payments are limited to a portion of the equipment’s cost (excluding labor). The program also provides links to qualification details by state, and a provider search tool for locating participating contractors.</p><p><br/></p><p>If you want to learn more or apply, you can email energyexpert@midamerican.com <span>or call 877-932-0616. For general inquiries, the main contact number is 888-427-5632.</span></p>","Incentive Amount: <b>Discounts</b><br />
Air-source heat pumps: $225 - $375/unit<br />
Cold climate air-source heat pumps: $450 - $600/unit<br />
Central air conditioner: $150 - $300/unit<br />
Central air conditioner: $90/ton<br />
Ductless split heat pumps: $300/unit<br />
Cold climate ductless split heat pumps: $450/unit<br />
Geothermal heat pumps: $900 - $1,200/unit<br />
Desuperheater: $112.50/unit<br />
Heat Pump Water Heaters: $225/unit<br />
Natural gas furnaces: $1.80/MBtuh<br />
<b>Rebates</b><br />
Air purifiers: $20/unit<br />
Clothes Washers: $45/unit<br />
Electric clothes dryers: $35/unit<br />
Freezers: $25/unit<br />
Heat pump water heaters: $225/unit<br />
Refrigerators: $50/unit<br />
Smart thermostats: Up to $100/unit<br />; Maximum Incentive: ; Eligible System Size: ; Equipment Requirements: See program website.; Installation Requirements: ; Ownership of Renewable Energy Credits: ",https://www.midamericanenergy.com/il-ee-rebates,"October 15, 2025",07/14/2009
3567,updated,True,IL,Financial Incentive,Bond Program,State,Renewable Energy and Energy Efficiency Project Financing,Illinois Finance Authority,,,"<p>&#10;&#9;The Illinois Finance Authority (IFA) is a state conduit issuer of tax-exempt bonds and credit enhancement for projects in Illinois. IFA funding is available to commercial and non-profit entities as long as those entities meet strict eligibility criteria. In 2012, the legislature also added schools and community colleges to the list of eligible entities for energy conservation funding. Entities seeking funding must demonstrate that their projects provide a significant public benefit for the citizens of Illinois. In 2009, the IFA was authorized by legislation (S.B. 1906 and S.B. 390) to provide funding via issuance of tax-exempt bonds for renewable energy projects and energy efficiency projects.<br/>&#10;&#9;<br/>&#10;&#9;For the purposes of this program, renewable energy projects include those that utilize wind, solar thermal energy, photovoltaic cells and panels, biodiesel, crops and organic waste biomass, trees and tree trimmings, hydropower, Illinois-produced landfill gas, geothermal, and &#34;other alternative sources of environmentally preferable energy.&#34; Transmission lines and associated equipment used to transfer electricity created by renewable energy and renewable energy storage technologies are also eligible.</p><p>The Climate and Equitable Jobs Act of 2021 created the Illinois Climate Bank within the IFA. The Climate Bank operates several funding programs (e.g. <a href=""https://programs.dsireusa.org/system/program/detail/22747/energy-efficiency-revolving-loan-fund"">https://programs.dsireusa.org/system/program/detail/22747/energy-efficiency-revolving-loan-fund</a>). </p>",Incentive Amount: Varies by project; Maximum Incentive: ; Terms: ,,"January 14, 2026",07/31/2009
4365,updated,True,IN,Financial Incentive,Rebate Program,Utility,AES Indiana - Business Energy Incentives Program,AES Indiana,Air conditioners; Commercial Refrigeration Equipment; Compressed air; Dishwasher; Dual Fuel Air-Source Heat Pump; Ductless Mini-Split Heat Pump; Electric Cooking Appliance; Energy Mgmt. Systems/Building Controls; Geothermal Heat Pumps; Heat Pump Water Heater; Heat pumps; LED Lighting; Lighting Controls/Sensors; Programmable Thermostats; Vending Machine Controls,Incentive min: 50.0000 $/ton; Incentive max: 80.0000 $/ton; Incentive : 55.0000 $/Unit; Incentive : 40.0000 $/ton; Incentive : 55.0000 $/Unit; Incentive : 60.0000 $/ton; Incentive : 240.0000 $/ton; Incentive : 100.0000 $; Incentive min: 75.0000 $; Incentive max: 200.0000 $; Incentive : 500.0000 $; Incentive : 8.7500 $/horsepower; Incentive min: 1.0000 $; Incentive max: 250.0000 $; Incentive min: 0.1000 $/W; Incentive max: 0.4500 $/W; Incentive min: 250.0000 $; Incentive max: 2000.0000 $; Incentive min: 375.0000 $; Incentive max: 1400.0000 $; Incentive min: 75.0000 $; Incentive max: 1500.0000 $; Incentive : 20.0000 $,"<p>The AES Indiana's Incentives Program assists commercial and industrial customers with reducing energy consumption through three common types of equipment: lighting, HVAC, and kitchen. The program also offers Custom Incentives to provide incentives for energy efficiency projects involving other technologies. Participants interested in the Custom program should define the project and submit an application early, as they must be pre-screened and pre-approved. Once an application gains approval, an incentive is reserved until project completion. Contact IPL for more information on this offering.</p>","Incentive Amount: <ul>
  <li><b>HVAC & Mechanical Equipment Rebates</b>
    <ul>
      <li>Central Air Units: $50–$80 per ton (varies by capacity)</li>
      <li>Packaged Terminal Air Conditioners: $55 per unit</li>
      <li>Ductless Mini-Split Heat Pump: $40 per ton</li>
      <li>Packaged Terminal Heat Pumps: $55 per unit</li>
      <li>Air Source Heat Pumps: $60 per ton</li>
      <li>Geothermal Heat Pumps: $240 per ton</li>
      <li>Programmable or Wi-Fi Thermostat: $100 each</li>
      <li>Guest Room Energy Management Controls: $75–$200 per room</li>
      <li>Demand Control Ventilation: $0.10 per sq ft</li>
      <li>Advanced Rooftop Controls: $130–$200 per ton</li>
      <li>Heat Pump Water Heater: $500 each</li>
      <li>VFD on HVAC Fans or Pumps: $90 per HP</li>
      <li>VFD on Compressor: $95 per HP</li>
      <li>Compressed Air Low-Pressure Drop Filter: $8.75 per HP</li>
      <li>No-Loss Condensate Drain/Valve: $500 each</li>
    </ul>
  </li>

  <li><b>Lighting & Controls Rebates</b>
    <ul>
      <li>ENERGY STAR LED Downlight or Track Light: $10 each</li>
      <li>Under-Cabinet Task Light: $5 each</li>
      <li>High/Low Bay LED Fixtures: $40 – $240 each (by lumen range)</li>
      <li>LED Exit Signs: $10 each</li>
      <li>Case Lighting (Freezer/Cooler): $30 per light</li>
      <li>Case Lighting Controls: $4 per light controlled</li>
      <li>8′ LED Retrofits: $0.30 per watt reduced</li>
      <li>Linear LED Lamps: $2.50 per lamp</li>
      <li>LED 1x4, 2x2, 2x4 Fixtures: $5 – $40 each (by lumen range)</li>
      <li>Delamping (T8/T12): $1 per lamp removed</li>
      <li>Exterior LED Fixtures: $50 – $250 each (by lumen range)</li>
      <li>Lighting Controls: $0.10 – $0.15 per watt controlled</li>
      <li>Networked Lighting Controls: $0.45 per watt or $0.10 per sq ft</li>
    </ul>
  </li>

  <li><b>Kitchen Equipment Rebates</b>
    <ul>
      <li>Combo Oven: $1,200 each</li>
      <li>Convection Oven: $700 each</li>
      <li>Fryer: $250 per vat</li>
      <li>Griddle: $1,000 each</li>
      <li>Steam Cookers: $950 – $2,000 (3- to 6-pan)</li>
      <li>Dishwashers: $375 – $1,400 (varies by type)</li>
      <li>Ice Machines: $75 – $1,500 (varies by capacity)</li>
      <li>Glass/Solid Door Freezers: $50 – $600 each</li>
      <li>Glass/Solid Door Refrigerators: $40 – $175 each</li>
      <li>Evaporative Fan Controller: $110 each</li>
      <li>Anti-Sweat Heater Control: $100 per door</li>
      <li>Strip Curtains: $75 – $150 each</li>
      <li>Auto-Closer for Walk-In Doors: $250 per door</li>
      <li>Night Covers: $25 per linear ft</li>
      <li>Door Gaskets: $10 per linear ft</li>
      <li>EC Motors (Walk-In / Reach-In): $200 each</li>
      <li>Snack Machine Motion Controller: $20 each</li>
      <li>Beverage or Cold Drink Vending Controller: $35 each</li>
    </ul>
  </li>
</ul>; Maximum Incentive: ; Eligible System Size: ; Equipment Requirements: See program website; Installation Requirements: ; Ownership of Renewable Energy Credits: ",https://www.aesindiana.com/your-business,"October 27, 2025",09/30/2010
2671,expired+updated,True,IN,Financial Incentive,Rebate Program,Utility,Dubois REC - Residential Energy Efficiency Rebate Program,Dubois REC,Dual Fuel Air-Source Heat Pump; Geothermal Heat Pumps; Heat pumps,Incentive min: 300.0000 $; Incentive max: 500.0000 $; Incentive : 2000.0000 $,"<div>Dubois REC offers a variety of rebates for residential customers to save energy in new or existing homes. Rebates are offered for HVAC equipment. All equipment must meet certain standards listed on the program web site. Qualifying residents must occupy the home where the equipment is installed year-round (12 months) and unit must heat and cool the whole home, unless otherwise stated. Further program restrictions apply, see website for details. <br/></div>","Incentive Amount: Air Source/Duel Fuel Heat Pump: $300 - $500<br>
Mini-Split Heat Pump: $300 - $500<br>
Geothermal Heat Pump: $2,000<br>; Maximum Incentive: ; Eligible System Size: ; Equipment Requirements: See program website.; Installation Requirements: ; Ownership of Renewable Energy Credits: ",https://www.duboisrec.com/electric-hvac-and-water-heating-rebates/,"November 17, 2025",08/13/2007
2297,updated,True,IN,Financial Incentive,Rebate Program,Utility,Duke Energy - Commercial Energy Efficiency Rebate Program,Duke Energy,,,"<p>The Duke Energy Smart $aver® Business Non-Lighting Program helps Indiana businesses save money on energy costs by offering prescriptive rebates for qualifying high-efficiency equipment. Incentives are available for a wide range of non-lighting upgrades, including HVAC systems, chillers, fans, refrigeration, commercial kitchen appliances, water-saving devices, and building envelope improvements like insulation and cool roofs. Rebates are typically capped at 75% of the equipment cost and are designed to offset the upfront investment required to install efficient technologies. Custom incentives are also available for projects not covered under the prescriptive list. To qualify, equipment must meet program efficiency requirements, be installed at facilities served by Duke Energy, and result in measurable energy savings.</p><p><br/></p><p>Questions? Call 866.380.9580 or visit duke-energy.com/SaveMoney</p>","Incentive Amount: <a href=""https://www.duke-energy.com/-/media/pdfs/for-your-business/incentives/2025/2025-in-non-ltg-application.pdf?rev=0c8e5366349b401fb2f26385b654bbc1""> 2025 Rebate Application</a>; Maximum Incentive: ; Eligible System Size: ; Equipment Requirements: ; Installation Requirements: ; Ownership of Renewable Energy Credits: ",https://www.duke-energy.com/business/products/smartsaver/commercial-equipment,"October 3, 2025",09/26/2006
2684,expired+updated,True,IN,Financial Incentive,Rebate Program,Utility,Marshall County REMC - Residential Energy Efficiency Rebate Program,Marshall County REMC,Dual Fuel Air-Source Heat Pump; Geothermal Heat Pumps; Heat Pump Water Heater; Heat pumps; Programmable Thermostats,Incentive : 500.0000 $; Incentive min: 250.0000 $; Incentive max: 1800.0000 $; Incentive : 800.0000 $; Incentive min: 250.0000 $; Incentive max: 2000.0000 $; Incentive : 75.0000 $,"<div>The Power Moves Residential Rebates program offers homeowners incentives through their local electric cooperative to upgrade high-energy systems in their homes—especially heating, cooling, and hot water systems. The program covers a range of upgrades including dual-fuel heat pumps, air-source heat pumps, geothermal heat pumps, heat pump water heaters and Wi-Fi thermostats. Applications can be submitted online or via mail, and each project must meet eligibility requirements (including completion and application deadlines in some cooperative regions).</div>&#10;&#10;","Incentive Amount: Dual Fuel Heat Pump: $500/unit<br />
Air-source heat pump: $250 - $1,800<br />
Heat pump water heater: $800<br />
Geothermal heat pumps: $250 - $2,000<br />
Wi-Fi Thermostat: $75<br />; Maximum Incentive: ; Eligible System Size: ; Equipment Requirements: See program website; Installation Requirements: ; Ownership of Renewable Energy Credits: ",https://www.powermoves.com/rebates/residential/,"November 20, 2025",08/20/2007
54,expired+updated,True,IN,Financial Incentive,Property Tax Incentive,State,Renewable Energy Property Tax Exemption,Indiana Department of Local Government Finance,,,"<p><b><i><span>Note: S.B. 1 of 2025 amended this exemption to make it apply only to property taxes imposed for an </span><span>assessment date before January 1, 2025.  The exemption itself expires entirely on January 1, 2027. </span></i></b></p><p><span>Systems that generate energy using wind, hydropower, geothermal, and solar energy heating or cooling systems are exempt from property tax.* Systems using solar power devices—including solar thermal, photovoltaic (PV), and other solar energy—are exempt from property tax only if they were installed after December 31, 2011. </span></p><p><span>For most eligible renewable energy systems, the assessed value of the system is exempt from property tax. One exception is solar energy heating or cooling systems which are exempt from property tax the amount equal to the out-of-pocket expenditures for the components and labor associated with the system. </span></p><p><span>The property tax exemption is allowed every year that a qualifying system functions. The property tax exemption applies to both real property and mobile homes equipped with renewable energy systems and may only be claimed by property owners. Public utilities and other electricity retailers (excluding net metered customers) may not claim a property tax exemption for wind or solar power devices.</span></p><p><b>Claiming the Property Tax Incentive</b></p>&#10;<p>&#10;&#9;<span>Property owners that wish to claim this deduction must fill out<a href=""https://www.google.com/url?sa=t&amp;rct=j&amp;q=&amp;esrc=s&amp;source=web&amp;cd=1&amp;ved=0CB8QFjAA&amp;url=https%3A%2F%2Fforms.in.gov%2Fdownload.aspx%3Fid%3D4797&amp;ei=E1ZSVc-fDoL7gwSzm4CICw&amp;usg=AFQjCNGgd2sdBHuJRsaFw50EpRkqyTRR-w&amp;sig2=HVDxayVxyiJsR2sBMSKTtw&amp;bvm=bv.92885102,d.eXY&amp;cad=rja""><span class=""apple-converted-space""> Form 18865</span></a><a target=""_blank"" title=""Form 18865""><span style=""color: black;""></span></a><span class=""apple-converted-space""> </span>and file it with the local county auditor. Questions about this incentive should be directed to the local auditor or assessor. <a href=""http://www.in.gov/dlgf/2440.htm"">Click here</a><a target=""_blank"" title=""contact information""><span style=""color: black;""></span></a><span class=""apple-converted-space""> </span>to find contact information for local officials. The Department of Local Government Finance<span class=""apple-converted-space""> <a href=""https://forms.in.gov/Download.aspx?id=6015"">outlines </a></span><a href=""https://forms.in.gov/Download.aspx?id=6015""><span class=""apple-converted-space""></span></a>the incentive. Properties are still eligible if ownership changes.<br/></span></p>&#10;<p>&#10;&#9;<span>*  <em>Solar energy heating or cooling systems include solar energy systems used for domestic hot water and space heating, including heating of swimming pools, as well as industrial pre-heating.</em></span></p>","Incentive Amount: Solar energy systems used for heating or cooling: out-of-pocket expenditures by the owner for the components and labor<br />
Wind, hydroelectric, geothermal, solar thermal, solar PV, and other solar energy systems: the assessed value of the system; Maximum Incentive: None specified; Eligible System Size: None specified; Equipment Requirements: None specified",https://www.in.gov/dlgf/deductions-property-tax/,"September 4, 2026",01/01/2000
5106,updated,True,IN,Financial Incentive,Sales Tax Incentive,State,Sales and Use Tax Exemption for Electrical Generating Equipment,Indiana Department of Revenue,,,"Indiana does not have a specific sales and use tax exemption for equipment used in the production of renewable electricity. Therefore, such equipment is presumed to be subject to sales and use tax. However, in Indiana, transactions involving manufacturing machinery, tools, and equipment are exempt from the state gross retail tax if the property is directly used for the direct production of tangible personal property (which includes electricity) for sale. Therefore, equipment, machinery, and tools used in the production of renewable electricity for sale could possibly be eligible for this exemption. Furthermore, a manufacturer of other tangible personal property can purchase equipment used in the production of renewable electricity exempt from Indiana sales and use tax to the extent that the electricity produced would be directly used in the direct production of the other tangible personal property for sale.<div><br/></div><div>The Indiana Department of Revenue (DOR) has issued revenue rulings for wind energy and solar photovoltaics equipment in relation to the manufacturing exemption. In these two rulings, they found some components of the renewable energy systems to be exempt from the sales and use tax under the manufacturing exemption described above for the specific facts and circumstances described. However, DOR has not ruled on the specific components of other renewable energy systems. The rulings specifically note the caveat that &#34;<i>other taxpayers with substantially identical factual situations may rely on this ruling for informational purposes in preparing returns and making tax decisions. If a taxpayer relies on this ruling and the Department discovers, upon examination, that the fact situation of the taxpayer is different in any material respect from the facts and circumstances given in this ruling, then the ruling will not afford the taxpayer any protection. It should be noted that subsequent to the publication of this ruling a change in statute, regulation, or case law could void the ruling. If this occurs, the ruling will not afford the taxpayer any protection.</i>&#34; <br/><b><br/></b><div><b>Wind Energy</b><br/><br/></div><div>In 2009, DOR issued a ruling specifically for wind turbines, clarifying that the foundation, tower, nacelle, gearbox, generator, yaw motors, blades and related component parts in the particular case considered were all exempt from the state sales and use tax because they were being directly used in the direct production of electricity for sale. However, the DOR ruled that that any &#34;property which consists of or becomes part of a transformer in an electrical interconnection system for a wind turbine&#34; are taxable because they would not be directly used in the direct production of electricity.<br/><br/><b>Solar PV</b></div><div><p><span>In 2014, the DOR issued a ruling specifically for solar PV arrays, clarifying that the modules, racking, and inverters in the particular case considered were all exempt from the state sales and use tax because they were being directly used in the direct production of electricity for sale. However, the DOR ruled that transformers were not exempt, as “use of transformers involves the economics of transmission and distribution, not production.” Further, monitoring equipment was found not to be exempt, because it “does not have an immediate impact on the production of electricity.” </span><br/></p><b>Claiming the Exemption</b></div><div><p><span>Since equipment used in the production of renewable electricity is presumed to be subject to Indiana sales and use tax, a person claiming that they qualify for the manufacturing exemption would need to provide the Indiana seller with a properly executed Indiana General Sales Tax Exemption Certificate, </span><a href=""https://forms.in.gov/Download.aspx?id=2717"">Form ST-105</a><span>. </span></p><p><span>Renewable energy property used in the production of electricity for residential use would typically <i>not</i> be exempt under the manufacturing exemption, even if all or part of the electricity generated reverts to the electrical grid of a utility, as the electricity is not being generated for sale.</span></p><br/></div></div>",Incentive Amount: The manufacturing exemption is dependent upon the extent that equipment is directly used in the direct production of tangible personal property.; Maximum Incentive: None specified; Equipment Requirements: See below,,"September 4, 2026",02/08/2012
5114,updated,True,IN,Financial Incentive,Rebate Program,Utility,Wabash Valley Power Association (28 Member Cooperatives) - Residential Energy Efficiency Program,Wabash Valley Power Association,Dual Fuel Air-Source Heat Pump; Geothermal Heat Pumps; Heat Pump Water Heater; Heat pumps; Programmable Thermostats,Incentive : 800.0000 $/Unit; Incentive min: 250.0000 $/Unit; Incentive max: 2000.0000 $/Unit; Incentive min: 250.0000 $/Unit; Incentive max: 1800.0000 $/Unit; Incentive : 75.0000 $/Unit,"<p>Wabash Valley Power Association (WVPA) is a generation and transmission cooperative which provides wholesale electricity to 28 distribution systems in Indiana, Ohio, Michigan, Missouri, and Illinois. View the WVPA membership webpage to view all participating members of the association. WVPA offers a number of rebates to residential customers of these member organizations. Rebates are available for heat pump water heaters, geothermal and air-source heat pumps, and HVAC equipment.</p><p>A signed application and installation invoice must be received by Wabash Valley Power within 60 days of the installation completion date. View the program web site listed above for more program or equipment information. The maximum total incentive payment per member for all eligible projects and equipment types is $10,000 per year.</p><p><b>*Members must have all projects completed by May 31, 2025. </b></p><p><b>*All applications must be submitted by July 31, 2025.</b></p>&#10;<p>&#10;&#9; </p>","Incentive Amount: Dual Fuel Heat Pump: $500<br/>
Air-Source Heat Pump: $250 - $1,800<br/>
Heat Pump Water Heater: $800/unit<br />
Geothermal Heat Pump: $250 - 2,000<br/>
Wi-Fi Thermostat: $75/unit<br />; Maximum Incentive: ; Eligible System Size: ; Equipment Requirements: ; Installation Requirements: ; Ownership of Renewable Energy Credits: ",https://www.powermoves.com/rebates/residential/,"November 17, 2025",02/22/2012
5238,updated,True,KY,Financial Incentive,Rebate Program,Utility,Columbia Gas of Kentucky - Low Income Furnace Replacement Program,,Furnaces,Incentive : 100.0000 % of cost,"<p>Columbia Gas of Kentucky offers a rebate to low-income residential customers for a free replacement of an old, non-working, or inefficient furnace. </p><p>To see if you are eligible, contact the Community Action Council at 1-800-244-2275.</p>",Incentive Amount: 100% of cost; Maximum Incentive: ; Eligible System Size: ; Equipment Requirements: ; Installation Requirements: ; Ownership of Renewable Energy Credits: ,https://www.columbiagasky.com/energy-efficiency/for-your-home,"October 28, 2025",05/06/2010
3999,updated,True,KY,Financial Incentive,Grant Program,State,On-Farm Energy Efficiency Grant Program,"County Agricultural Development Councils, Governor's Office of Agricultural Policy",Agricultural Equipment; Boilers; Building Insulation; Custom/Others pending approval; Furnaces; Heat recovery; LED Lighting; Lighting; Lighting Controls/Sensors; Motor VFDs; Motors; Other EE; Processing and Manufacturing Equipment; Programmable Thermostats; Roofs; Siding; Solar Water Heat; Tankless Water Heater; Water Heaters; Windows,Incentive : 50.0000 %,"<p><span><b><i>Note: The program website is currently not functioning as of early January 2026; however, based on 2025 information, it appears that the program is still operating.</i></b></span></p><p><span>Under the County Agricultural Investment Program (CAIP), the Governor's Office of Agricultural Policy (OAP) offers grants for farms that incorporate energy efficiency into their operations. A wide range of energy efficiency technologies are eligible for grants, given they meet the energy savings criteria.* Applications are accepted on a rolling basis. New applications and guidelines are available for each calendar year. Customers may also contact the Office of Agricultural Policy about loans in addition to the grant.</span><br/></p>&#10;<p>&#10;&#9;Eligible projects include:</p>&#10;<ul>&#10;&#9;<li>&#10;&#9;&#9;Upgrades to farm equipment</li>&#10;&#9;<li>&#10;&#9;&#9;Energy efficient lighting</li>&#10;&#9;<li>&#10;&#9;&#9;Building Insulation</li>&#10;&#9;<li>&#10;&#9;&#9;Programmable thermostats and controllers</li>&#10;&#9;<li>&#10;&#9;&#9;Fans</li>&#10;&#9;<li>&#10;&#9;&#9;Windows, doors, skylights, roofing</li>&#10;&#9;<li>&#10;&#9;&#9;Cool Roof systems</li>&#10;&#9;<li>&#10;&#9;&#9;Tankless, solar, or other efficient water heaters</li>&#10;&#9;<li>Motors</li><li>Other equipment specified in the guidelines</li>&#10;</ul>&#10;<p>Program guidelines can be found <a href=""https://agpolicy.ky.gov/energy/Documents/energy_guidelines.pdf"">here</a>.</p>","Incentive Amount: Up 50% of cost, not to exceed $10,000 for a single program year; Maximum Incentive: Projects totaling more than $50,000 must provide documentation of funding sources; Equipment Requirements: Improvements to personal residences, non-farm commercial property, and any other non-farm structures are not eligible.<br>
Windows, doors, skylights, roofing, and lighting must be Energy Star rated<br>
Tankless, solar, or water heaters must have thermal efficiency of at least 90%<br>
Tractors or other vehicles/equipment with internal combustion motors are not eligible for funding. <br>
Waste oil or biomass fired boilers, hydronic furnaces, heaters and stoves must be EPA-approved.; Installation Requirements: ",https://mtassociation.org/energy/funding-for-farm-energy-projects-in-kentucky-in-2025/,"January 13, 2026",01/15/2010
22572,updated,True,KY,Financial Incentive,Sales Tax Incentive,State,Sales Tax Exemption - Machinery for New and Expanded Industry,,,,"<p>Kentucky offers a sales and use tax exemption for machinery for new and expanded industry. In 2021, the Kentucky Department of Revenue offered guidance on how this exemption may apply to solar energy systems.</p><p>According to the guidance, solar energy system components that are involved in the production of electricity for sale may be exempt from sales and use tax. The exemption would not apply to components not directly involved in electricity production, like distribution lines, transformers, and battery storage systems. The exemption would also only apply to solar energy systems that produce electricity for sale, rather than for on-site use.</p>",Incentive Amount: Exemption from sales and use tax.; Maximum Incentive: ; Equipment Requirements: ,,"September 4, 2026",12/05/2023
2306,updated,True,KY,Financial Incentive,Rebate Program,Utility,Salt River Electric - Residential Energy Efficiency Rebate Programs,Salt River Electric Cooperative,Comprehensive Measures/Whole Building; Heat pumps,Incentive : 750.0000 $; Incentive min: 250.0000 $; Incentive max: 750.0000 $,"<p>Salt River Electric serves as the rural electric provider in Kentucky's Bullitt, Nelson, Spencer, and Washington counties. Residential customers are eligible for a variety of cash incentives for energy efficiency. The Touchstone Energy Home Program provides a rebate of up to $750 to elegible customers building new homes that satisfy the energy efficiency requirements of the program, and who wish to install an electric water heater and either a Geothermal Heating/Cooling System or an Electric Heat Pump.  Salt River Electric also provides an incentive for retrofitting electric heat pumps. In addition, Salt River Electric provides a Simple Saver program for reducing electricity use during peak times.</p><p>Commercial customers are also eligible for lighting upgrades.</p><p> For more information on the available amounts for these rebates contact Salt River Electric directly.</p>&#10;<p> </p>","Incentive Amount: Touchstone Energy New Home Program: $750 <br>
Electric Heat Pump (retrofit): $250-$750; Maximum Incentive: ; Eligible System Size: ; Equipment Requirements: ; Installation Requirements: ; Ownership of Renewable Energy Credits: ",https://www.srelectric.com/rebates/,"October 28, 2025",09/27/2006
2283,updated,True,KY,Financial Incentive,Rebate Program,Utility,Together We Save - Kentucky's Touchstone Energy Cooperatives (16 Cooperatives),Kentucky Touchstone Energy Cooperatives,,,"Together We Save Kentucky is a statewide initiative by Kentucky’s Touchstone Energy Cooperatives that helps residential members lower energy costs through efficiency programs, home upgrades, and renewable energy options. Participating local cooperatives offer incentives and rebates for measures such as insulation, heat pumps, ENERGY STAR® appliances, and electric vehicle charging equipment, along with guidance on reducing household energy use. The program also provides resources like the Net Metering Workbook to help homeowners evaluate the benefits of installing solar or other renewable systems. By connecting residents with financial incentives and energy-saving tools, Together We Save Kentucky empowers families to cut utility bills while supporting a cleaner, more sustainable energy future.<div><br/></div>",Incentive Amount: Varies by utility; Maximum Incentive: ; Eligible System Size: ; Equipment Requirements: ; Installation Requirements: ; Ownership of Renewable Energy Credits: ,https://togetherwesaveky.com/cooperatives/,"October 29, 2025",09/25/2006
5789,updated,True,LA,Financial Incentive,Rebate Program,Utility,Entergy (Louisiana and Gulf States) - Residential Energy Efficiency Program,Entergy Solutions,Air conditioners; Ductless Mini-Split Heat Pump; Heat pumps; Programmable Thermostats,Incentive max: 200.0000 $/Unit; Incentive max: 500.0000 $/Unit; Incentive max: 150.0000 $,"<p>Residential customers of Entergy Louisiana, and Entergy Gulf States Louisiana can participate in energy efficiency programs designed to help offset cost of installing energy-efficient equipment and measures. Entergy Solutions offers programs for Entergy Louisiana residential customers to save energy and money by reducing the up-front cost of energy efficiency upgrades. The program partners with participating trade allies and retailers, who will help customers find new ways to save. <a href=""https://cdn.entergy-louisiana.com/userfiles/content/energy_efficiency/docs/Residential-Trade-Ally-List.pdf?_gl=1*1bffkt8*_gcl_au*OTMzODYxNDM4LjE3MTQ1Nzg2MTI.*_ga*NDc0MjI2Nzc2LjE3MTQ1Nzg2MTI.*_ga_2KJW590NWN*MTcxNDU3ODYxMi4xLjAuMTcxNDU3ODYxMi42MC4wLjA.*_ga_8YKL3FLBBC*MTcxNDU3ODYxMy4xLjAuMTcxNDU3ODYxMy42MC4wLjA.*_ga_H0JW6TJK3Y*MTcxNDU3ODYxMy4xLjAuMTcxNDU3ODYxMy4wLjAuMA..&amp;_ga=2.51758953.1162386806.1714578612-474226776.1714578612"">Check here for a list of trade allies.</a><br/></p><p>Please contact the program manager or visit the program website for additional information about the program. </p><p><br/></p>","Incentive Amount: A/C Tune-up: $150 <br>
Smart Thermostat: Up to $150<br>
Central A/C: Up to $200/system<br>
Air Source Heat Pump: Up to $250/system<br>
Mini-Split Heat Pump: Up to $500/system<br>

See website for Income-qualified weatherization and multifamily solutions (buildings with five or more units).; Maximum Incentive: ; Eligible System Size: Residential Solutions Program: Single Family homes, or mutifamily homes of four homes or less <br>; Equipment Requirements: Appliances must be ENERGY STAR certified; Installation Requirements: Must be installed by participating contractor; Ownership of Renewable Energy Credits: ",https://www.entergylouisiana.com/energyefficiency/residential,"October 22, 2025",06/19/2015
3752,updated,True,LA,Financial Incentive,Rebate Program,Utility,Entergy New Orleans - Residential Energy Efficiency Program,Entergy New Orleans and ClearResult,Air conditioners; Clothes Washers; Dehumidifiers; Dual Fuel Air-Source Heat Pump; Ductless Mini-Split Heat Pump; Electric Clothes Dryer; Heat Pump Clothes Dryer; Heat Pump Water Heater; Pool Pumps; Programmable Thermostats; Refrigerators/Freezers,Incentive : 100.0000 $; Incentive : 1000.0000 $; Incentive : 300.0000 $; Incentive : 50.0000 $; Incentive : 25.0000 $; Incentive : 25.0000 $; Incentive : 25.0000 $; Incentive : 300.0000 $; Incentive : 25.0000 $; Incentive min: 150.0000 $; Incentive max: 200.0000 $; Incentive min: 200.0000 $; Incentive max: 250.0000 $; Incentive min: 250.0000 $; Incentive max: 500.0000 $,"<p>&#10;&#9;Entergy New Orleans has designed an incentive program to help residential customers understand and make energy efficiency improvements in eligible homes. Incentives are geared towards both individual measures and whole home upgrades. Individual equipment incentives include central AC systems, heat pumps, HVAC system tune-ups, and other comprehensive measures. </p>&#10;<p>Call Entergy at (504) 229-6868 or email info@energysmartnola.com to learn more.</p>","Incentive Amount: <b>Appliances</b><br />
Smart Thermostat: $100<br />
Heat Pump Water Heater: $1,000<br />
Air Purifier: $50<br />
In-ground pool pump: $300<br />
Window air conditioner: $50<br />
Dehumidifier: $25<br />
Refrigerator: $25<br />
Freezer: $25<br />
Water cooler: $50<br />
Electric clothes dryer: $25<br />
Heat pump clothes dryer: $300<br />
Clothes washer: $25<br />
<b>Heating and Cooling</b><br />
A/C tune up: $150 - $200<br />
Central Air Conditioner: $150 - $200<br />
Air source heat pump: $200 - $250<br />
Mini-split (ductless) heat pump: $250 - $500<br />; Maximum Incentive: ; Eligible System Size: ; Equipment Requirements: Must be ENERGY STAR certified <br>; Installation Requirements: Customers living in Orleans Parish are eligible for this program <br>
Customers participating in the Home Performance program must select a list of participating contractors provided in the website. <br>; Ownership of Renewable Energy Credits: Not Specified",https://www.energysmartnola.info/residents/,"October 16, 2025",11/06/2009
1808,updated,True,MA,Financial Incentive,Rebate Program,Utility,Concord Municipal Light Plant - Commercial Energy Efficiency Rebate Program,Customer Service,Heat pumps; LED Lighting; Level-2 Electric Vehicle Service Equipment; Lighting; Lighting Controls/Sensors; Solar Photovoltaics; Water Heaters,Incentive max: 50.0000 % of cost; Incentive : 1000.0000 $/kW; Incentive max: 750.0000 $; Incentive max: 6000.0000 $; Incentive max: 3125.0000 $; Incentive max: 4500.0000 $,"<p><span>Concord Municipal Light Plant (CMLP) offers rebates to commercial customers for a variety of energy efficiency measures, including lighting retrofits, solar panels, EV charging stations, heat pumps, and heat pump water heaters. CMLP covers 100% of the cost of an energy audit through Energy New England for small (G1) businesses and 50% of the cost for medium (G2) and large (G3) businesses.  Audits can inspect mechanical systems, including HVAC, motors, and compressors, or can just look at lighting.</span><br/></p>","Incentive Amount: Lighting: Up to 50% of cost or $1,000/kW of reduced demand, whichever is less<br>
EV Charging Stations: up to $6,000<br>
Heat Pump Water Heater: $185 - $750<br>
Heat Pump: $2,500 - $4,500<br>
Solar Panels: $3,125; Maximum Incentive: Lighting: $50,000 per customer during any 3 year period.; Eligible System Size: ; Equipment Requirements: ; Installation Requirements: ; Ownership of Renewable Energy Credits: ",https://concordma.gov/1989/Rebates-for-your-Business,"April 3, 2026",07/18/2006
4067,updated,True,MA,Financial Incentive,Grant Program,State,Green Communities Grant Program,Massachusetts Department of Energy Resources,,,"<p><span>In 2008, Massachusetts enacted the Green Communities Act (</span><a class=""summarysheet"" title=""Green Communities Act Legislation"" target=""_blank"" href=""http://www.malegislature.gov/Laws/SessionLaws/Acts/2008/Chapter169"">S.B. 2768</a><span>), creating the Green Communities Division within the Department of Energy Resources (DOER) to support Massachusetts communities efforts towards a sustainable future, specifically in terms of energy use.</span><br/></p><p>&#10;The Green Communities Division offers educational, technical, and networking support to the states' communities. In addition, they provide financial incentives. The Green Communities Grant Program offers funding for communities investing in energy efficiency upgrades and policies, renewable energy technologies, and energy management systems and services.</p><p>&#10;To be eligible, communities first must apply for and achieve official designation as a &#34;Green Community.&#34; The basic steps required for this designation include:</p>&#10;<ul>&#10;    <li>Stipulate &#34;as-of-right&#34; siting for renewable energy (or alternative energy) generation, manufacturing, or research and development (via ordinance)</li>&#10;    <li>Provide for expedited application and permitting processes for those facilities sited in &#34;as-of-right&#34; designated locations</li>&#10;    <li>Establish an energy baseline and adopt a five-year Energy Reduction Plan (ERP) to reduce energy use by 20%</li>&#10;    <li>Adopt a policy and procure only fuel-efficient vehicles</li>&#10;    <li>Establish requirements to minimize life-cycle energy costs for new construction (suggested route for achieving this step is via adoption of &#34;Stretch Code&#34;. See the program website for more information).</li>&#10;</ul>&#10;<p>The Green Communities Division provides several model ordinances and guides and is staffed with energy experts to help communities take these steps to earn designation. As of March 2025, there are 297 officially designated <a href=""https://www.mass.gov/doc/map-of-current-green-communities-and-grant-summaries/download"">Green Communities in Massachusetts.</a> At the time of designation, the Green Communities Division will inform the municipality of its grant amount, which is based on the available funds, the number of applications, and a grant formula. Then, the Green Community is invited to submit a grant application with proposed projects for the grant amount. The Program Guidance can be found <a href=""https://www.mass.gov/doc/green-communities-program-guidance/download"">here</a>.</p>","Incentive Amount: Custom incentive, amount will vary; Maximum Incentive: Custom incentive, amount will vary; Equipment Requirements: ; Installation Requirements: ",http://www.mass.gov/eea/energy-utilities-clean-tech/green-communities/gc-grant-program/,"January 6, 2026",03/20/2010
1338,updated,True,MA,Financial Incentive,Loan Program,Utility,Holyoke Gas & Electric - Commercial Energy Assistance Program,Holyoke Gas and Electric Department,,,"<p>Holyoke Gas &amp; Electric's Commercial Energy Conservation Program offers zero interest loans to its commercial customers who are making energy efficiency improvements to facilities.  The applicant must obtain cost estimates from contractors before turning in the application.  The payback period of the loan is flexible depending on the amount of assistance requested, but cannot exceed five years. Monthly payments are included on the customer's electric bill. All assistance requests greater than $20,000 require approval by the Holyoke Gas &amp; Electric Commission.</p><p>&#10;Eligible measures include (but are not limited to): lighting improvements; installation or upgrading of gas fired boilers, furnaces, conversion burners, water heaters, and central air conditioning systems; weatherization upgrades; and solar photovoltaic or solar hot water installations.  Participating facilities must receive gas or electric service from Holyoke Gas &amp; Electric in order to qualify.  More information on terms and eligible measures is located on the program application.</p><p><b><u><a href=""https://www.hged.com/commercial/ee-business/ceap/default.aspx"">Please see the project-specific requirements for a list of eligible projects.</a></u></b><br/></p>","Maximum Loan: Multi-Family Investment Properties: $20,00 <br />
Solar: $10,000; Loan Term: Projects under $2,001: Up to 36 months<br>
Projects over $2,000: Up to 60 months; Interest Rate: 0%",https://www.hged.com/commercial/ee-business/ceap/default.aspx,"January 6, 2026",04/12/2006
4283,updated,True,MA,Financial Incentive,PACE Financing,State,Local Option - Energy Revolving Loan Fund,Programs administered locally,,,"<p><b><i>Note:  In 2010, the Federal Housing Finance Agency (FHFA), which has authority over mortgage underwriters Fannie Mae and Freddie Mac,<a href=""https://www.fhfa.gov/Media/PublicAffairs/Pages/FHFA-Statement-on-Certain-Energy-Retrofit-Loan-Programs.aspx""> directed</a> these enterprises against purchasing mortgages of homes with a PACE lien due to its senior status above a mortgage. Most residential PACE activity subsided following this directive; however, some residential PACE programs are now operating with loan loss reserve funds, appropriate disclosures, or other protections meant to address FHFA's concerns. Commercial PACE programs were not directly affected by FHFA’s actions, as Fannie Mae and Freddie Mac do not underwrite commercial mortgages. Visit <a href=""https://www.pacenation.org/"">PACENation</a> for more information about PACE financing and a comprehensive list of all PACE programs across the country.</i></b></p><p><b><i>In August 2016, Massachusetts enacted legislation to implement a statewide commercial PACE financing program, which municipalities may opt into. To view details on this program, click <a href=""http://programs.dsireusa.org/system/program/detail/22037"">here</a>.</i></b></p><p><span>Property-Assessed Clean Energy (PACE) financing effectively allows property owners to borrow money to pay for energy improvements. The amount borrowed is typically repaid via a special assessment on the property over a period of years. Massachusetts has authorized local governments to establish such programs, as described below. (Not all local governments in Massachusetts offer PACE financing; contact your local government to find out if it has established a PACE financing program.)</span><br/></p><p>&#10;&#9;In July 2010, Massachusetts established PACE financing as part of a larger &#34;Municipal Relief Bill&#34; (<a href=""https://malegislature.gov/Bills/186/House/H4877"">H.B. 4877</a>). This law authorizes local governments to establish an &#34;Energy Revolving Loan Fund&#34; to provide financing to private property owners (including condominium owners, as long as the improvements include part of the common areas/facilities) for energy efficiency and renewable energy improvements. The law permits local governments to consult with the Division of Green Communities (part of the Massachusetts Department of Energy Resources) to determine which improvements should be eligible, but in November 2010 the Division of Green Communities announced that it was not providing PACE guidance until the FHFA situation has been resolved.</p><p>&#10;&#9;Local governments interested in establishing an Energy Revolving Loan Fund must first hold a public meeting. Then, the local government must pass an ordinance or by-law to create the program and identify the fund's administrator. Local governments are allowed to enter into agreements with other local governments to create and administer a program. After establishing an <i>Energy Revolving Loan Fund</i>, the administrator is authorized to provide financing to property owners for energy efficiency and renewable energy improvements, provided those property owners have had an energy audit* and meet any additional energy conservation requirements. Property owners that opt in to a local program will enter into a &#34;betterment&#34; agreement and are responsible for repaying the assessment according to the agreement's terms.</p><p>&#10;&#9;*<i> An energy audit must be performed for facilities that have not undertaken such an audit after July 1, 2008.</i></p>",Terms: Financing amount locally determined; 20-year financing term,,"January 6, 2026",08/10/2010
1811,expired+updated,True,MA,Financial Incentive,Rebate Program,Utility,Mansfield Municipal Electric Department - Residential Energy Efficiency Rebate Program,Mansfield Municipal Electric Department,Air conditioners; Clothes Washers; Comprehensive Measures/Whole Building; Dehumidifiers; Dual Fuel Air-Source Heat Pump; Ducted Mini-Split Heat Pump; Ductless Mini-Split Heat Pump; Geothermal Heat Pumps; Heat pumps; Other EE; Plug-in Electric Hybrid Vehicles; Programmable Thermostats; Refrigerators/Freezers; Water Heaters,Incentive : 50.0000 $/Unit; Incentive : 25.0000 $/Unit; Incentive : 25.0000 $/Unit; Incentive : 100.0000 $/Unit; Incentive : 50.0000 % of cost; Incentive max: 1000.0000 $; Incentive : 500.0000 $/ton; Incentive : 500.0000 $/Unit; Incentive : 500.0000 $/ton; Incentive : 200.0000 $; Incentive : 50.0000 $,"<p>Mansfield Municipal Electric Department encourages energy efficiency through the ENERGY STAR Appliance Rebate Incentive Program. Cash rebates are offered for ENERGY STAR central air conditioners, refrigerators, clothes washing machines, dishwashers, dehumidifiers, dryers, and window air conditioners. Mansfield offers a weatherization rebate program to assist residential customers offset the cost of energy efficiency measures, covering 50% of costs up to $1,000. All eligible measures through this program must come from a recommendation made in the ENE Home Energy Assessment audit. Mansfield also offers rebates for residential electric vehicle charging stations. <br/></p><p>Interested customers should view the program website under <a href=""https://www.mansfieldelectric.com/rebates-savings"">rebates and savings</a><br/></p>","Incentive Amount: <b>Energy Star Appliances</b><br />
Dehumidifiers: $25<br/>
Window Air Conditioners: $25<br/>
Electric Clothes Dryers: $50<br/>
Clothes Washing Machines: $50<br/>
Refrigerators: $50<br/>
Programmable Thermostat: $50<br/>
Heat Pump Water Heater: $500<br/><br />

<b>Energy Star Heating & Cooling</b><br />
Ductless Mini-Split Heat Pump: $500/ton<br />
Ducted Air Source Heat Pump: $500/ton<br />
Ground Source Heat Pump: $500/ton<br />
<br/>

<b>Full Electric Vehicle Charger</b>: Up to $200<br/>; Maximum Incentive: MMED will rebate 50% (up to max.
$1,000) on all weatherization measures installed<br />
Heat Pumps: See heating and cooling form; Eligible System Size: ; Equipment Requirements: Must be ENERGY STAR rated; Installation Requirements: ; Ownership of Renewable Energy Credits: ",https://www.mansfieldelectric.com/rebates-savings,"April 3, 2026",07/19/2006
4799,updated,True,MA,Financial Incentive,Rebate Program,Utility,Mass Save  - Residential Energy Efficiency Programs,"Berkshire Gas, Cape Light Compact, Eversource, Liberty, National Grid, Unitil",Clothes Washers; Dehumidifiers; Dual Fuel Air-Source Heat Pump; Electric Clothes Dryer; Electric Cooking Appliance; Heat Pump Clothes Dryer; Heat Pump Water Heater; Induction Cooking Appliance; Programmable Thermostats; Refrigerators/Freezers,Incentive min: 250.0000 $/ton; Incentive max: 3000.0000 $/ton; Incentive max: 100.0000 $; Incentive : 750.0000 $; Incentive : 150.0000 $; Incentive : 50.0000 $; Incentive : 200.0000 $; Incentive : 500.0000 $; Incentive : 75.0000 $; Incentive : 30.0000 $,"<p>Mass Save’s residential rebate program helps Massachusetts homeowners and renters lower energy costs by offering cash incentives for upgrading to energy-efficient heating, cooling, water heating systems, and appliances. The program supports the adoption of technologies such as heat pumps, smart thermostats, ENERGY STAR® appliances, and induction cooktops, as well as providing rebates for recycling older, inefficient equipment. See website for details.</p>","Incentive Amount: <ul>
  <li><b>Heating &amp; Cooling</b>
    <ul>
      <li>Air-Source Heat Pumps (Whole-Home): $3,000 per ton, up to $10,000</li>
      <li>Air-Source Heat Pumps (Partial-Home): $1,250 per ton, up to $10,000</li>
      <li>Air-Source Heat Pumps (Basic scenarios): $250 per ton, up to $2,500</li>
      <li>Air-to-Water Heat Pumps: $3,000 per ton, up to $10,000 (Enhanced income-based: up to $16,000)</li>
      <li>Integrated Controls (with existing ASHP + fossil backup): up to $1,500</li>
      <li>Smart &amp; Programmable Thermostats: up to $100 per thermostat (limit 3)</li>
      <li>ConnectedSolutions Thermostat Enrollment: $50 (or $100 income-based) enrollment bonus + $20 per year per enrolled thermostat</li>
      <li>Room Air Conditioners (ENERGY STAR&reg;): $40</li>
    </ul>
  </li>
  <li><b>Water Heating</b>
    <ul>
      <li>Heat Pump Water Heater (instant rebate via installer/retailer/marketplace): $750</li>
    </ul>
  </li>
  <li><b>Appliances &amp; Products</b>
    <ul>
      <li>Clothes Washer (ENERGY STAR&reg;): $150</li>
      <li>Clothes Dryer (ENERGY STAR&reg;): $50</li>
      <li>Heat Pump Clothes Dryer (ENERGY STAR&reg; Most Efficient): $200</li>
      <li>Induction/Electric Cooktop (replace gas/propane with ENERGY STAR&reg; induction): $500</li>
      <li>Lawn Equipment (battery-powered): Lawnmower $75; Leaf Blower $30; String Trimmer $30; Chainsaw $30</li>
    </ul>
  </li>
  <li><b>Appliance Recycling</b>
    <ul>
      <li>Refrigerator or Freezer Recycling (working units): $75 + no-cost pickup</li>
      <li>Dehumidifier Turn-In (with fridge/freezer pickup): $30</li>
    </ul>
  </li>
</ul>; Maximum Incentive: ; Eligible System Size: ; Equipment Requirements: Appliances & Lighting: ENERGY STAR rated<br>
See program website for heating and cooling system requirements.; Installation Requirements: Pre-approval is required for projects with greater than 10 units.; Ownership of Renewable Energy Credits: The Program Administrator owns all environmental credits.",https://www.masssave.com/en/saving/residential-rebates/,"October 29, 2025",09/01/2006
4798,updated,True,MA,Financial Incentive,Rebate Program,Utility,Mass Save (Electric) - Large Commercial Retrofit Program,"Cape Light Compact, Unitil, National Grid, NSTAR, Western Massachusets Electric",,,"<p>Mass Save organizes commercial, industrial, and institutional conservation services for programs administered by Massachusetts electric companies, gas companies and municipal aggregators. Mass Saves' Deep Energy Retrofit (DER) program is specifically designed to help commercial customers target and upgrade buildings with significant opportunity to reduce greenhouse emissions and save energy.<br/></p><p>The programs is available to all customers which have a facility that buys its power from one of Mass Save's member companies. Customers must notify their Mass Save program administrator technical representative to arrange a pre-approval process. Custom applications require documentation and pre-approval of all measures.</p><p>Customers with a feasible path towards DER achievement will receive:<br/>• No cost, comprehensive site energy assessment<br/>• No cost building scoping study<br/>• Minimum 50% PA co-pay of detailed technical assessment study<br/>• DER Roadmap to specify pathway to DER qualification<br/>• Up to $20,000 towards required third party commissioning fees</p><p>Customers who participate and achieve DER goals within the DER term will receive:<br/>• Milestone DER payment of $0.40/sqft upon achievement of 25% GHG emission reduction<br/>• DER Achievement payment of an additional $0.60/sqft upon achievement of 40% GHG emission<br/>reduction<br/>• Public recognition<br/></p><p>Contact your program administrator to learn more; you can find your program administrator by using the tool on the program website listed above.</p>",Incentive Amount: Deep Energy Retrofit (DER) Acheivement: up to $1/sq. ft; Maximum Incentive: ; Eligible System Size: ; Equipment Requirements: ; Installation Requirements: Contact Mass Save for information on pre-approval requirements; Ownership of Renewable Energy Credits: ,https://www.masssave.com/business/programs-and-services/deep-energy-retrofit,"January 6, 2026",09/01/2006
2107,updated,True,MA,Financial Incentive,Loan Program,Utility,Mass Save - HEAT Loan Program,MassSAVE,Biomass; Boilers; Building Insulation; Duct/Air sealing; Furnaces; Geothermal Heat Pumps; Heat pumps; Other EE; Solar Water Heat; Tankless Water Heater; Water Heaters; Windows,Incentive max: 25000.0000 $,"<p><span>Residential customers of Cape Light Compact, National Grid, Eversource, Unitil, and municipal electric customers served by Columbia Gas of Massachusetts or Liberty Utilities may be eligible for zero-interest financing to help increase the energy efficiency of their homes through the Mass Save HEAT Loan Program.  This financing is available to all residential customers who own and reside in a one to four-family residence, obtain a Home Energy Assessment through the Mass Save Program, and install the recommended energy efficiency improvements.</span><br/></p><p>&#10;The loans are available up to $50,000 (depending on utility) with terms of up to seven years.  Energy efficiency improvements eligible for the HEAT Loan include:</p>&#10;<ul>&#10;    <li>Insulation and air sealing</li>&#10;    <li>High-efficiency heating systems</li><li>Central air conditioning/air-source heat pumps</li><li>Ductless mini split heat pumps</li>&#10;    <li>High-efficiency domestic hot water systems</li>&#10;    <li>Solar hot water systems</li>&#10;    <li>ENERGY STAR-certified windows</li>&#10;</ul>&#10;<p>Customers must first complete a free Home Energy Assessment to find out which improvements will be eligible for HEAT loan program financing and to receive program paperwork. Customers may call Mass Save at (866) 527-7283 to schedule an assessment.</p>","Maximum Loan: $25,000; Loan Term: Up to 7 years; Interest Rate: 0%",https://www.masssave.com/en/residential/programs-and-services/financing,"January 6, 2026",09/01/2006
22638,updated,True,MA,Financial Incentive,Grant Program,State,Massachusetts - National Electric Vehicle Infrastructure (NEVI) Formula Grant Program,Massachusetts Department of Transportation,,,"<p>The Massachusetts Department of Transportation (DOT) will follow a two-stage approach for the deployment of NEVI funding. Funds will first be used to eliminate any gaps in the state's EV AFC network and will then be used to focus on network zones where there are the most demand or high-priority zones with the highest share of environmental justice communities. NEVI funding will help construct about 851 miles of EV charging corridors. NEVI funding will also complete the implementation of a program to support an electric &#34;vehicles for hire&#34; fleet and for developing a municipal building code requiring make-ready charging in all new commercial and residential buildings. MassDOT is in the process of transitioning its NEVI <a href=""https://www.fhwa.dot.gov/environment/nevi/ev_deployment_plans/ma_nevi_plan.pdf"">plan </a>from planning to the implementation stage, which includes contracting with a private entity to handle the deployment of said plan. In early October 2023, the agency sent a letter to the Federal Highway Administration indicating their transition to the implementation stage and that they do not anticipate making significant changes to the plan soon, and issued its <a href=""https://www.mass.gov/doc/dm-letter-to-fhwa/download"">updated </a>plan per NEVI procedures.</p><p>The Massachusetts DOT then issued an RFP in December 2023, and began deploying developer agreements in May 2024. <span>On January 16, 2025, the Massachusetts DOT published its FY2025 <a href=""https://www.mass.gov/tool-kit/nevi-program-deployment-plan-sections"">update </a>for its deployment plan, detailing that the state will need 24 new charging stations to reach &#34;Fully Built Out&#34; status, and zero stations have been built as of August 2024. Massachusetts DOT published its FY2026 <a href=""https://www.mass.gov/doc/massdot-nevi-plan-2025/download"">update </a>on August 20, 2025, which includes a list of 37 EV charging locations, with four to six ports each, totalling 150 ports.</span></p>",Incentive Amount: Varies; Maximum Incentive: ; Equipment Requirements: ; Installation Requirements: ,https://www.mass.gov/massdot-nevi-plan,"January 6, 2026",06/12/2024
3217,updated,True,MA,Financial Incentive,Rebate Program,Utility,NextZero - Offered by 21 Utilities through the MMWEC,MMWEC in collaboration with municipal utilities,,,"<p>The Massachusetts Municipal Wholesale Electric Company (MMWEC) provides the NextZero Program to twenty-one municipal utilities in Massachusetts. </p><p> NextZero offers a home energy audit, appliance and lighting rebates, air conditioner and heat pump rebates, and other incentives for the implementation of <span class=""GRcorrect"">measures</span> recommended in an audit. Participating utilities customize the suite of rebates provided to customers in order to help those customers implement measures recommended in the energy audit. <span>In addition, NextZero </span><span class=""GRcorrect"">offers</span><span> utilities the opportunity to offer rebates for installing battery storage systems.</span></p>&#10;<p>The following municipalities offer HELPS rebates: Ashburnham, Belmont, Boylston, Chicopee, Concord, Groton, Hingham, Holyoke, Hull, Ipswich, Mansfield, Marblehead, Paxton, Peabody, Princeton, Reading Municipal Light Department, Russell, Shrewsbury, South Hadley, Sterling, Templeton, Wakefield, and West Boylston.  Please check the NextZero list of rebate programs to verify <span class=""GRcorrect"">programs</span> and to download each utility's rebate application.</p>",Incentive Amount: Varies by utility; Maximum Incentive: Varies by utility; Eligible System Size: ; Equipment Requirements: ; Installation Requirements: ; Ownership of Renewable Energy Credits: ,https://nextzero.org/,"January 6, 2026",01/15/2009
22037,updated,True,MA,Financial Incentive,PACE Financing,State,PACE Massachusetts Financing,Massachusetts Development Finance Agency,,,"<p><b><i>Note:  In 2010, the Federal Housing Finance Agency (FHFA), which has authority over mortgage underwriters Fannie Mae and Freddie Mac, <a href=""https://www.fhfa.gov/Media/PublicAffairs/Pages/FHFA-Statement-on-Certain-Energy-Retrofit-Loan-Programs.aspx"">directed</a> these enterprises against purchasing mortgages of homes with a PACE lien due to its senior status above a mortgage. Most residential PACE activity subsided following this directive; however, some residential PACE programs are now operating with loan loss reserve funds, appropriate disclosures, or other protections meant to address FHFA's concerns. Commercial PACE programs were not directly affected by FHFA’s actions, as Fannie Mae and Freddie Mac do not underwrite commercial mortgages. Visit <a href=""https://www.pacenation.org/"">PACENation</a> for more information about PACE financing and a comprehensive list of all PACE programs across the country.</i></b></p><p>Property-Assessed Clean Energy (PACE) financing effectively allows property owners to borrow money to pay for energy improvements. The amount borrowed is typically repaid via a special assessment on the property over a period of years. Massachusetts has authorized local governments to establish such programs, as described below. </p><p>In August 2016, Massachusetts Governor Baker signed <a href=""https://malegislature.gov/Laws/SessionLaws/Acts/2016/Chapter188"">H. 4568</a> into law, which allows local governments to establish commercial PACE financing programs. Municipalities may opt into the program by a majority vote of the city or town council, or board of selectmen. The Massachusetts Development Finance Authority, in consultation with the Department of Energy Resources, is administering the program.</p><p>Participation is open to commercial and  industrial buildings, as well as multi-family residential buildings with five or more units. Improvements eligible for financing include energy efficiency upgrades, renewable energy systems, and extending natural gas distribution to a property. Payback period for investments under this program is equal to the useful life of the longest-lived improvement financed, up to 20 years.</p><p>As of January 2026, 82 communities in Massachusetts have opted into PACE Massachusetts. To find which ones, check <a href=""https://www.massdevelopment.com/products-and-services/financing/green-finance/pace/"">here</a><a href=""https://www.massdevelopment.com/pace"">.</a></p><p>To qualify for PACE Massachusetts financing, PACE projects must meet the savings to investment ratio (SIR) test. This means that the energy cost savings from the Energy Consumption Reduction or Renewable Energy Improvements must exceed the costs of the improvements over the life of the measures, including any financing costs and associated fees. For gas line extensions, energy costs and savings from Energy Consumption Reduction Improvements such as heating equipment upgrades will be considered in the SIR test and savings must exceed the total costs of the Energy Consumption Reduction Improvements and Gas Line Extension combined.</p>",Terms: Up to 20 years,https://www.massdevelopment.com/products-and-services/financing/green-finance/pace/,"January 6, 2026",05/31/2017
4595,updated,True,MA,Financial Incentive,Rebate Program,Utility,Reading Municipal Light Department - Business Energy Efficiency Rebate Program,RMLD,,,"<p>Reading Municipal Light Department (RMLD) offers energy efficiency incentives to eligible commercial and industrial customers. </p><p>Customers who install qualified grid-connected renewable energy systems on their property may be eligible for a rebate of $1,200 per kilowatt (kW), not to exceed 50% of a project’s cost up to $120,000. RMLD preapproval is required. <br/></p><p><span>Additionally, incentives are available for air-source heat pumps, lighting, and renewable energy installations.</span></p><p> </p>&#10;<p> </p>","Incentive Amount: Custom Rebates: Up to $50,000<br>
Solar Rebate Program: $1,200 per kilowatt<br>
Electric Vehicle Charger: $1,500<br>
Heat Pump: $1,000 per ton<br>
Municipal LED Holiday Lighting: Up to $500; Maximum Incentive: Solar Rebate Program: Not to exceed 50% of total installed (labor and materials) costs excluding tax up to $120,000<br>
Electric Vehicle Charger: Limit 15 charging stations per location per year<br>; Eligible System Size: Commercial solar systems may be more than or less than 20 kW (incentives differ); Equipment Requirements: ; Installation Requirements: ; Ownership of Renewable Energy Credits: ",https://www.rmld.com/207/Commercial-Rebates,"April 3, 2026",07/24/2006
145,updated,True,MA,Financial Incentive,Sales Tax Incentive,State,Renewable Energy Equipment Sales Tax Exemption,Department of Revenue,Geothermal Heat Pumps; Solar Photovoltaics; Solar Space Heat; Solar Water Heat; Wind (All); Wind (Small),Incentive : 100.0000 %,"<p>&#10;&#9;Massachusetts law exempts from the state's sales tax &#34;equipment directly relating to any solar, wind powered; or heat pump system, which is being utilized as a primary or auxiliary power system for the purpose of heating or otherwise supplying the energy needs of an individual's principal residence in the commonwealth.&#34;</p><p>&#10;&#9;Massachusetts Tax Form ST-12 is available on the <a class=""summarylink"" href=""http://www.mass.gov/dor/forms/trustee/sales-and-use-tax/"" target=""_blank"" title=""Massachusetts Department of Revenue"">Massachusetts Department of Revenue</a> web site. The form may be completed and presented to the vendor at the time of purchase.</p>",Incentive Amount: 100% exemption; Maximum Incentive: None; Equipment Requirements: ,http://www.mass.gov/dor/individuals/taxpayer-help-and-resources/tax-guides/salesuse-tax-guide.html,"January 6, 2026",01/01/2000
4557,updated,True,MA,Financial Incentive,Rebate Program,State,Residential & Small-Scale Solar Hot Water Program,Massachusetts Clean Energy Center (MassCEC),,,"<div>The Massachusetts Clean Energy Center directs customers to apply for various state and federal incentives for solar water heating.</div><div> <br/></div><div><a href=""https://www.mass.gov/guides/aps-renewable-thermal-statement-of-qualification-application""><u><b>Alternative Energy Certificates (AECs)</b></u></a></div><div><p>This program offers a one-time payment to homeowners installing solar hot water. A two-collector system could receive approximately 100 AECs totaling $400-$1,000.</p><p><a href=""https://www.mass.gov/info-details/massachusetts-municipally-owned-electric-companies""><b><u>Municipal Light Plant (MLP)</u></b></a></p><p>If you live in a town served by a Municipal Light Plant (MLP) check your MLP’s website for incentives and rebates.</p><p><a href=""https://www.mass.gov/regulations/830-CMR-6261-residential-energy-credit""><b><u>Mass State Tax Credits</u></b></a></p><p>15% of the system cost as a state tax credit, up to $1,000</p><p></p><p><b><u><a href=""https://www.masssave.com/residential/rebates-and-incentives/heat-loan-program?utm_source=goclean&amp;utm_medium=referral&amp;utm_campaign=SHW-landing"">Financing Options</a><br/></u></b></p><p><b></b></p><p>Mass Save® HEAT Loan: Up to $25,000 at 0% interest over terms of up to 7 years. <br/></p><p></p><p></p><p></p></div>","Incentive Amount: Incentive amounts vary based on multiple factors, see program description for details.; Maximum Incentive: ; Eligible System Size: ; Equipment Requirements: ; Installation Requirements: ; Ownership of Renewable Energy Credits: ",http://www.masscec.com/get-clean-energy/residential/solar-hot-water,"January 6, 2026",01/13/2011
22809,updated,True,MA,Financial Incentive,Rebate Program,Utility,Shrewsbury Electric - Commercial Energy Efficiency Rebate Program,Shrewsbury Electric & Cable Operations,Direct Current Fast Charging Equipment; Heat pumps; Level-2 Electric Vehicle Service Equipment,Incentive : 750.0000 $/ton; Incentive max: 20000.0000 $; Incentive : 3000.0000 $/Unit; Incentive : 1000.0000 $/Unit,"<p>Shrewsbury Electric offers rebates for heat pumps and EV charging units (e.g., Level 1, 2, 3, and DCFC). Contact Shrewsbury Electric for any additional information regarding this program.</p>","Incentive Amount: Heat Pumps: $750/ton <br>
Level 1 Charger: $250/outlet<br>
Level 2 Charger: $1,000/port<br>
Level 3/DCFC Charger: $3,000/port; Maximum Incentive: Heat Pumps: $20,000/customer or developer<br>
Chargers: $5,000/address; Eligible System Size: Level 1: below 2kW, typically 120V <br>
Level 2: 3kW-19kW, typically 240V, sometimes 208V<br>
Level 3 DCFC: at least 20kW; Equipment Requirements: Level 2 stations must have at least one standardized SAE J1772 (IEC 62196 Type 1) connector port, also known as a “J plug” <br>
Level 3 stations must have at least one standardized CCS connector port.; Installation Requirements: ; Ownership of Renewable Energy Credits: ",https://selco.shrewsburyma.gov/commercial-rebates-incentives/,"April 3, 2026",04/03/2026
1929,updated,True,MA,Financial Incentive,Rebate Program,Utility,Shrewsbury Electric - Residential Energy Efficiency Rebate Program,MMWEC,Air conditioners; Clothes Washers; Dehumidifiers; Heat pumps; Programmable Thermostats; Refrigerators/Freezers; Water Heaters,Incentive : 50.0000 $/Unit; Incentive min: 250.0000 $/Unit; Incentive max: 500.0000 $/Unit; Incentive : 850.0000 $/Unit; Incentive : 30.0000 $/Unit; Incentive : 250.0000 $/Unit; Incentive : 50.0000 % of cost; Incentive max: 100.0000 $,"<p><b><i>Note: Recent application period closed on 12/31/2024.</i></b></p><p>In collaboration with MMWEC and NextZero, Shrewsbury Electric offers rebates on ENERGY STAR appliances. Eligible products include washing machines, dishwashers, refrigerators, room air conditioners, air sealing, and smart thermostats. Customers will need to fill out an appliance mail-in rebate form that can be obtained at the Town Hall or on the Town of Shrewsbury web site. Information will be required including the customer's Electric Company account number, equipment brand with serial number, and a copy of the sales receipt. Contact Shrewsbury Electric for any additional information regarding this program.</p>","Incentive Amount: <b>Appliances</b><br>
Air Purifier: $40<br>
Clothes Washer: $50<br>
Clothes Dryer: $50<br>
All-In-One Washer & Dryer: $75<br>
Dehumidifier: $30<br>
Heat Pump Dryer (Electric): $500<br>
Heat Pump Water Heater (Electric): $850<br>
All-In-One Washer and Heat Pump Dryer: $500<br>
Refrigerator: $50<br>
WiFi Thermostat/ Smart HVAC Control: 50% up to $100<br>
Induction Range (Replacing Gas/Propane): $250<br>
Induction Range (Replacing Electric): $100<br><br>

<b>Heat Pump</b><br>
Air Source Heat Pump: $1,000 - $2,000/ton<br>
Ground Source Heat Pump: $1,500 - $3,000/ton<br><br>

<b>Home Efficiency Rebates</b><br>
Weatherization: Up to $1,500<br><br>

<b>Yard Equipment</b><br>
Rechargeable Battery Operated Lawn Mower - $100<br> 
Rechargeable Battery Operated Snow Blower - $100<br>
Rechargeable Battery Hedge Trimmer- $40<br>
Rechargeable Battery Pressure Washer - $40<br>
Rechargeable Battery Rototiller- $40<br>
Rechargeable Battery Chain or Pole Saw -$40<br>
Rechargeable Battery Leaf Blower- $25<br>
Rechargeable Battery String Trimmer- $25<br><br>
New E-Bike: $120 - $200<br>; Maximum Incentive: ; Eligible System Size: ; Equipment Requirements: Must be ENERGY STAR rated<br/>
Central AC: SEER 16 or higher,  EER 13 or higher<br/>
Air source heat pump: SEER 16 or higher, EER 12 or higher, HSPF 8.5 or higher<br/>
Air source heat pump: SEER 18 or higher, HSPF 9.6 or higher<br/>
Ductless mini-split heat pump: SEER 18 or higher, HSPF 9.0 or higher<br/>
Ductless mini-split cooling only units are not eligible; Installation Requirements: ; Ownership of Renewable Energy Credits: ",https://www.selco.shrewsburyma.gov/efficiency-renewables,"April 3, 2026",08/04/2006
22111,updated,True,MA,Financial Incentive,Performance-Based Incentive,State,Solar Massachusetts Renewable Target (SMART) Program,Department of Energy Resources / CLEAResult,,,"<p><b>Note: Emergency regulations for SMART 3.0 were filed and became immediately effective in June 2026, accompanied by a public hearing schedule for comments. For additional updates, <a href=""https://www.mass.gov/info-details/smart-30-program-details"">click here</a>.</b></p><p></p><p><b>DOER is accepting applications for the first program year. You can find the applicable utility application portal below:</b></p><ul><li><b><a href=""https://t.e2ma.net/click/42pynj/ww3mk45b/spjnss"">Eversource portal</a></b></li><li><b><a href=""https://t.e2ma.net/click/42pynj/ww3mk45b/8hknss"">National Grid portal</a></b></li><li><b><a href=""https://t.e2ma.net/click/42pynj/ww3mk45b/oalnss"">Unitil portal</a></b></li></ul><p></p><p>The Solar Massachusetts Renewable Target (SMART) Program provides per-kWh incentives for solar photovoltaic (PV) projects up to 5 MW, with certain exception based on project type. Under SMART 2.0 guidelines (<a href=""https://www.mass.gov/doc/225-cmr-2000-clean/download"">25 CMR 20.00</a>) the program is capped at a total of 3,200 MW, including an original capacity of 1,600 MW and an extended capacity of an additional 1,600 MW. SMART 2.0 incentives are available in the service territories of Eversource, National Grid, and Unitil through December 31, 2026, as a transition into SMART 3.0 (<a href=""https://www.mass.gov/doc/225-cmr-2800/download"">25 CMR 28.00</a>)</p><p><b>SMART 3.0 Program Guidelines</b></p><p>The SMART 3.0 program applies to solar photovoltaic (PV) projects that are interconnected with the electric grid in Massachusetts and have a capacity of 5,000 kW or less. Exceptions apply for certain project types: up to 10,000 kW for floating solar for a given program year, up to 10,000 kW for individual brownfield/landfill projects, and up to 7,500 kW for individual dual-use agricultural projects. To start, for 2025, the total annual program capacity was 900 MW. This capacity will not roll over into future years. Each utility is allocated a minimum of 1% of the program capacity, with the remaining capacity distributed proportionally based on electric load—provided that Unitil's annual capacity for the program year does not exceed 10 MW.</p><p>The Department of Energy Resources (DOER) may also approve uncapped capacity for certain projects, including:</p><ul><li>Projects ≤25 kW</li><li>Behind-the-Meter (BTM) projects &gt;25 kW and ≤250 kW</li></ul><p>Each program year also sets aside capacity for specific project categories:</p><ul><li>Projects &gt;250 kW and &lt;500 kW &amp; standalone projects &gt;25 kW and ≤250 kW: 10%</li><li>Low-Income Property Projects: 10%</li><li>Community Shared Solar Projects: 15%</li></ul><p><b>Incentive Payments</b></p><p>Incentive payments vary based on the system type and are calculated using different formulas:</p><ul><li>Standalone Projects &gt;25 kW = (Base Compensation Rate + Adders) × Total kWh Generated − Value of Energy</li><ul><li>The value of energy is determined based on the project’s compensation mechanism:</li></ul></ul><ul><ul><ul><li>Net-metered projects: kWh × net metering credit rate</li></ul></ul></ul><ul><ul><ul><li><span>Alternative On-Bill Credit (AOBC) projects: kWh × energy compensation rate</span></li><li><span>Non-net-metered projects: kWh × state qualifying facility rate</span></li></ul></ul></ul><ul><li>Behind-the-Meter Projects &gt;25 kW = (Base Compensation Rate + Adders − Value of Energy) × Total kWh Generated</li><ul><li>The value of energy is based on compensation type:</li></ul></ul><ul><ul><ul><li>Net-metered projects: (distribution + transmission + transition kWh charges + 3-year average of basic service kWh charge)</li><li>AOBC and non-net-metered projects: 0.65 × (distribution + transmission + transition charges + 3-year average of basic service charge) + 0.35 × (3-year average of basic service charge)</li></ul></ul></ul><ul><li>Projects ≤25 kW = receive a fixed incentive rate set annually at the time of program qualification.</li></ul><p>If multiple projects behind the same retail meter have different compensation rates, DOER may assign a blended rate weighted by each system’s AC capacity. For grouped projects (≤5,000 kW total) on a single parcel that receive an exception to project segmentation rules, DOER may assign a single Base Compensation Rate based on combined capacity.</p><p>A system that replaces an inoperative or decommissioned system, which operated on the same site for fewer than 15 years, is not eligible for an incentive unless the applicant or owner can demonstrate to DOER's satisfaction that an exception should be granted.</p><p><b>Compensation Structure</b></p><p>Key compensation features include:</p><ul><li>Base Compensation Rates (set annually, vary by size):</li><ul><li>≤25 kW: flat incentive not less than $0.01/kWh, with additional low-income adder if eligible</li><li>25–250 kW</li><li>250–500 kW</li><li>500–1,000 kW</li><li>1,000–5,000 kW</li></ul><li>Adders (set annually, based on project characteristics):</li><ul><li>Locational Adders</li><ul><li>Brownfield</li><li>Building-mounted</li><li>Canopy</li><li>Dual-use agricultural</li><li>Floating solar</li><li>Landfill</li><li>Large building-mounted</li><li>Raised Racking</li></ul><li>Off-taker Based Adders</li><ul><li><span>Community Shared Solar</span></li><li><span>Low-Income Property Solar</span></li><li><span>Public Entity Solar</span></li></ul><li>Other Adders</li><ul><li>Pollinator adder</li><li>Solar tracking adder</li><li>Co-located energy storage adder (based on formulas in 225 CMR 28.00)</li></ul></ul></ul><p>Base rates and adders may increase or decrease by up to 20% annually based on the prior program year’s value or $0.01/kWh, whichever is greater. Projects &gt;25 kW may combine one locational adder and one off-taker-based adder. The brownfield adder is excluded from this limitation.</p><p>For current rate and adder values for the current program year, <a href=""https://www.mass.gov/info-details/smart-30-program-details"">click here</a>.</p><p><b>Energy Storage Requirements</b></p><p>Projects over 1,000 kW that do not qualify for a locational adder must:</p><ul><li>Obtain Qualifying Facility (QF) status from FERC</li><li>Be co-located with an energy storage system (unless exempted, e.g., building-mounted or granted a waiver by DOER)</li><li>Include storage that can supply at least two hours of energy and has a rated power capacity of at least 25%</li><li>Meet specified performance, efficiency, and operational standards</li></ul><p><b>Alternative On-Bill Credit (AOBC)</b></p><ul><li>Projects not under net metering or qualifying facility tariffs but enrolled in a DPU-approved tariff can receive AOBCs.</li><li>AOBC Value = Total kWh Generated × Applicable Energy Compensation Rate</li></ul><p><b>Mitigation Fee</b></p><p>Ground-mounted projects &gt;250 kW not sited on previously developed land and not qualifying for a locational adder must pay a mitigation fee. The fee is calculated using a DOER-published formula, which includes a per-acre cap. 25% of the fee is due at application submission.</p><p><b>Development Limitations</b></p><p>Projects may not be developed on the following:</p><ul><li>Wetland resource areas and buffer zones</li><li>State Register of Historic Places properties</li><li>Protected open space (unless allowed via locational adder exceptions)</li></ul><p>For more information on future annual capacity blocks, compensation amounts, among other SMART 3.0 program features, <a href=""https://www.mass.gov/info-details/smart-30-program-details"">click here</a>.</p>","Incentive Amount: Varies based on the system type; Maximum Incentive: Varies based on the system type; Terms: 20 years; Eligible System Size: 5 MW<br>
7.5 MW (Individual dual-use agricultural projects)<br>
10 MW (Individual brownfield and landfill projects; aggregate capacity for floating solar projects per program year); Equipment Requirements: ; Installation Requirements: ; Ownership of Renewable Energy Credits: Ownership of RECs transferred to utility",https://www.mass.gov/info-details/smart-30-program-details,"July 16, 2026",11/26/2019
22807,updated,True,MA,Financial Incentive,Rebate Program,Utility,Taunton Municipal Lighting Plant - EV and Level 2 EV Charging Program,Taunton Municipal Lighting Plant (TMLP),,,<p>Residential customers of Taunton Municipal Lighting Plant (TMLP) are eligible for EV (new and used) and level 2 charger rebates under the utility's EV Program.</p>,"Incentive Amount: New/Used BEV/PHEV: $450 <br>
Level 2 EVSE: $300; Maximum Incentive: ; Eligible System Size: ; Equipment Requirements: ; Installation Requirements: ; Ownership of Renewable Energy Credits: ",https://www.tmlp.com/178/EV-Program,"April 3, 2026",04/03/2026
22806,updated,True,MA,Financial Incentive,Rebate Program,Utility,Taunton Municipal Lighting Plant - Heat Pump Residential Rebate,Taunton Municipal Lighting Plant (TMLP),Cold Climate Heat Pump; General Air Sealing,Incentive : 2250.0000 $/ton; Incentive max: 9000.0000 $; Incentive max: 3.0000 $; Incentive : 50.0000 % of cost; Incentive : 1250.0000 $/ton; Incentive max: 5000.0000 $,"<p>Residential customers of Taunton Municipal Lighting Plant (TMLP) are eligible for the TMLP Saves™ -Heat Pump and Zero-Interest Loan Program, which provides residential and low-to-moderate income customers with rebates for weatherization and heat pumps.</p>","Incentive Amount: Weatherization/Air Sealing: 50% of weatherization and air sealing<br>
Barrier Mitigation: 50% of the cost<br>
Cold Climate, Air Source Heat Pump: <br>
Whole Home and Partial Home Rebate/Ground Source Heat Pump - $1,250/ton<br>
Partial Home (Low-to-Moderate Income) - $2,250/ton; Maximum Incentive: Weatherization/Air Sealing: up to $3,000<br>
Barrier Mitigation: up to $3,000<br>
Cold Climate, Air Source Heat Pump:<br>
Whole Home and Partial Home Rebate/Ground Source Heat Pump - $5,000<br>
Partial Home (Low-to-Moderate Income) - $9,000; Eligible System Size: ; Equipment Requirements: ; Installation Requirements: ; Ownership of Renewable Energy Credits: ",https://www.tmlp.com/182/Heat-Pump-Zero-Interest-Loan-Residential,"April 3, 2026",04/03/2026
4561,updated,True,MA,Financial Incentive,Rebate Program,Utility,Taunton Municipal Lighting Plant - Home and Outdoor Appliance Rebate,Taunton Municipal Lighting Plant (TMLP),Air conditioners; Dehumidifiers; Heat Pump Water Heater; Programmable Thermostats,Incentive : 40.0000 $/Unit; Incentive : 25.0000 $/Unit; Incentive : 300.0000 $/Unit; Incentive min: 25.0000 $/Unit; Incentive max: 100.0000 $/Unit,<p>Residential customers of Taunton Municipal Lighting Plant (TMLP) are eligible for rebates on energy-efficient appliances. All equipment must be Energy Star certified to qualify. This offer is limited and subject to the availability of funding. View the rebate brochure for more information on procedures and equipment. Customers should send rebate forms to the address provided on the program website. Contact TMLP for more information on this offering.</p>&#10;<p> </p>,"Incentive Amount: Battery Lawn Mower: $75 - $200<br />
Dehumidifier: $25<br />
Electric Clothes Dryer: $50<br />
Electric Heat Pump Water Heater: $300<br />
Room Air Conditioner: $40<br />
Programmable Thermostat: $25<br />
Smart Wi-Fi Enabled: $100<br />; Maximum Incentive: Thermostats: Limit 2<br/>
Dehumidifier: Limit 2<br />
Room Air Conditioner: Limit 3; Eligible System Size: ; Equipment Requirements: Must be Energy Star certified; Installation Requirements: ; Ownership of Renewable Energy Credits: ",https://www.tmlp.com/179/Home-and-Outdoor-Appliance-Rebate,"April 1, 2026",08/08/2010
22805,updated,True,MA,Financial Incentive,Loan Program,Utility,Taunton Municipal Lighting Plant - Residential Heat Pump & Zero-Interest Loan,Taunton Municipal Lighting Plant (TMLP),Heat pumps,Incentive max: 25.0000 $,"<p>Residential customers of Taunton Municipal Lighting Plant (TMLP) are eligible for the TMLP Saves™ -Heat Pump and Zero-Interest Loan Program, which provides residential customers with a zero-interest loan for heat pumps. </p>","Maximum Loan: $25,000; Loan Term: 7 years; Interest Rate: 0%",https://www.tmlp.com/182/Heat-Pump-Zero-Interest-Loan-Residential,"April 3, 2026",04/03/2026
4577,updated,True,MD,Financial Incentive,Property Tax Incentive,Local,Anne Arundel County - High Performance Building Property Tax Credit,Anne Arundel County Office of Finance,Biomass; Comprehensive Measures/Whole Building; Daylighting; Geothermal Heat Pumps; Hydroelectric (Small); Solar - Passive; Solar Photovoltaics; Solar Space Heat; Solar Water Heat; Wind (All); Wind (Small),Incentive min: 40.0000 % of cost; Incentive max: 80.0000 % of cost; Incentive max: 3000.0000 $; Incentive max: 60000.0000 $,"<p>The state of Maryland permits local governments (Md Code: Property Tax § 9-242) to offer property tax credits for high performance buildings if they choose to do so. In October 2010 Anne Arundel exercised this option by enacting legislation (County Bill 78-10) providing a property tax credit for high performance dwellings built on or after July 1, 2010 that meet or exceed USGBC LEED Silver standards. The credit was amended in 2012 (County Bill 03-12) to add the National Green Building Standard (NGBS) as an eligible green building certification system for the tax credit. The tax credit is available for five years and is calculated as a percentage of the county property taxes owed on the dwelling (but not the land). The credit was amended in 2023 (County Bill 54-23) to include commercial buildings as well as dwellings. The incentive amount and maximum incentive vary according to the performance level of the building as determined under the applicable rating system, as follows:</p><p>Residential:</p>&#10;<ul>&#10;    <li>LEED or NGBS Silver: 40% of taxes owned up to $1,000</li>&#10;    <li>LEED or NGBS Gold: 60% of taxes owed up to $2,000</li>&#10;    <li>LEED Platinum or NGBS Emerald: 80% of taxes owed up to $3,000</li></ul>Commercial<ul><li>LEED or NGBS Silver: 40% of taxes owned up to $20,000</li></ul><ul><li>LEED or NGBS Gold: 60% of taxes owed up to $40,000</li></ul><ul><li><span>LEED Platinum or NGBS Emerald: 80% of taxes owed up to $60,000</span></li></ul><br/><span>Those wishing to claim the tax credit must provide documentation proving that the dwelling meets the standard, which must be reviewed and approved by a professional certified in the applicable building standard that is employed or engaged by the county. The applicant must also certify that the dwelling and systems will be regularly maintained to comply with the applicable standard. Properties may be inspected to verify compliance with the tax credit rules.</span>","Incentive Amount: LEED or NGBS Silver: 40% of property taxes for 5 years<br>
LEED or NGBS Gold: 60% of real property taxes for 5 years<br>
LEED Platinum or NGBS Emerald: 80% of real property taxes for 5 years; Maximum Incentive: Residential: <br>
LEED or NGBS Silver: $1,000<br>
LEED or NGBS Gold: $2,000<br>
LEED Platinum or NGBS Emerald: $3,000 <br>
Commercial: <br>
LEED or NGBS Silver: $20,000<br>
LEED or NGBS Gold: $40,000<br>
LEED Platinum or NGBS Emerald: $60,000; Eligible System Size: ; Equipment Requirements: Buildings must meet or exceed LEED or NGBS Silver standards in order to qualify",https://www.aacounty.org/finance/tax-information/tax-credits-exemptions,"January 14, 2026",01/28/2011
2908,updated,True,MD,Financial Incentive,Property Tax Incentive,Local,Anne Arundel County - Solar and Geothermal Equipment Property Tax Credits,Anne Arundel County Office of Finance,Geothermal Heat Pumps; Solar Photovoltaics; Solar Space Heat; Solar Water Heat,Incentive max: 2500.0000 $; Incentive max: 50.0000 % of cost,"<p>Anne Arundel County offers a one-time credit from county property taxes on residential dwellings that use solar and geothermal energy equipment for heating and cooling, and solar energy equipment for water heating and electricity generation. Photovoltaic (PV) systems and geothermal systems were initially not eligible for the tax credit, but PV systems were added by legislation enacted in January 2009 (County Bill 81-08) and geothermal heating and cooling systems were added in April 2010 (County Bill 17-10). Solar energy devices must be installed on or after January 1, 2007 in order to be eligible for the tax credit. Geothermal equipment must be installed on or after January 1, 2009 in order to be eligible for the tax credit. Expenditures for solar pool heating are not eligible for the tax credit.  <br />
<br />
The one-time tax credit is calculated as the lesser of the following:</p>
<ul>
    <li>50% of the cost of materials and installation of the solar energy equipment, less the amount of federal and state grants and state solar energy tax credits; or</li>
    <li>$2,500</li>
</ul>
<p>It is important to note that the tax credit is credited from the taxes on the dwelling itself and not those levied on the land.  Applications must be filed on or before June 1 of the year immediately preceding the year for which the credit is sought. In 2012 new legislation (Council Bill 84-12) removed the former June, 1 2012 application deadline for PV systems. Please contact the Anne Arundel County Office of Finance for tax credit applications and further information.</p>","Incentive Amount: 50% of the cost of materials and installation less any federal and state grants and state solar energy tax credits; Maximum Incentive: $2,500; Eligible System Size: ; Equipment Requirements: ",https://www.aacounty.org/finance/tax-information/tax-credits-exemptions,"January 14, 2026",04/04/2008
5042,updated,True,MD,Financial Incentive,Property Tax Incentive,Local,Baltimore County - Property Tax Credit for Solar and Geothermal Devices,Baltimore County Office of Budget and Finance,Geothermal Heat Pumps; Solar Photovoltaics; Solar Water Heat,Incentive max: 50.0000 % of cost; Incentive max: 5000.0000 $; Incentive max: 1500.0000 $; Incentive max: 50.0000 % of cost,"<p><span>The state of Maryland permits local governments (Md Code: Property Tax § 9-203) to offer property tax credits for energy conservation devices if they choose to do so. In November 2010 Baltimore County enacted legislation offering property tax credits for solar and geothermal energy conservation devices installed in residential buildings. Eligible solar devices include that those heat or cool a structure, generate electricity for use in a structure, or provide hot water for use in a structure. Eligible geothermal devices may be used to heat or cool a structure or provide hot water for use in a structure.</span><br/></p>&#10;<p>&#10;&#9;The amount of the property tax credit is set at the lesser of 50% of the cost of the system or $5,000 for heating devices and $1,500 for devices which supply hot water. The authorizing legislation does not specify the maximum credit for devices which generate electricity (i.e., photovoltaic systems) or which provide energy for cooling needs. The credit claimed during any year may not exceed the amount of county property taxes owed during that year, and excess credits may be carried forward for up to 2 additional years. Costs must have been incurred during the 12 months prior to the initial application for the credit. The total volume of credits granted during any fiscal year may not exceed $1,500,000. If successful applications exceed this aggregate limit during a given fiscal year, they will be granted during the next fiscal year or years in the order received. Applications must be filed on or before June 1 of the year immediately preceding the first taxable year for which the property tax credit is sought.</p>&#10;<p>&#10;&#9; </p>","Incentive Amount: 50% of eligible costs; Maximum Incentive: Heating System: $5,000<br>
Hot Water Supply System: $1,500<br>
Electricity Generation: $5,000<br>
Cooling: $5,000; Eligible System Size: ; Equipment Requirements: Systems must meets national safety and performance standards set by a nationally recognized testing laboratory for that type of device",https://www.baltimorecountymd.gov/departments/budfin/taxpayer-services/tax-credits/energy,"January 14, 2026",11/07/2011
5650,updated,True,MD,Financial Incentive,Grant Program,State,Commercial and Industrial Grant Program,Maryland Energy Administration,,,"<h4><span>Maryland Energy Administration (MEA) offers a Commercial and Industrial Grant Program, which provides financial grants for projects that achieve at least 20% electricity savings in commercial and industrial buildings. The program offers grants that cover up to 50% of the project cost after other incentives have been applied. Awards range from $20,000 to $500,000</span><span>.</span><br/></h4>&#10;<h4>&#10;&#9;<em><b>Eligibility</b></em></h4>&#10;<p>&#10;&#9;To be eligible for the grant, the project must include at least three energy efficiency measures, achieve a savings of at least 20%, and have a total project cost of at least $20,000. Any commercial, industrial, or non-profit enterprise can apply for grants for buildings located in Maryland. Examples of institutions who can apply include businesses, manufacturers and other industrial entities, farms and agricultural businesses, nonprofit organizations, private schools, and private colleges and universities. </p>&#10;<h4>&#10;&#9;<em><b>Program Description</b></em></h4>&#10;<p>&#10;&#9;The program is designed to support upgrades that affect an entire building. Applicants must provide an electricity savings goal of at least 20% for the entire building based on the baseline for whole building’s electricity use. Eligible electricity efficiency measures may include both technology upgrades and operational changes. Operational changes may include staff training, credentialing, retro-commissioning, data analytics and others which must result in measurable energy savings. Operational changes must be combined with technology upgrades. Applicants that are located within utility service territory with an EmPOWER Incentive program must also apply for funding from the utilities. The grant award will be calculated from the remaining project cost after all other incentives are applied.</p>&#10;<p>&#10;&#9;Projects seeking funding from the program must only initiate construction after a signed agreement with MEA has been executed. Grants will be paid in arrears upon project completion and inspection of the installed equipment. Please visit the program website for more information. </p><p>New for FY 2026, MEA is offering grants covering 100% of total project costs for non-governmental facilities with over 50% of their clientele coming from low-income populations</p>","Incentive Amount: Up to 50% of the project cost after all other incentives and grants have been applied; Starting at $20,000<br/>; Maximum Incentive: $200,000; Equipment Requirements: Must exceed minimum energy code requirement for the measure <br/>
Fluorescent lighting must meet CEE standards <br>
LED must be listed on the DLC or must be ENERGY STAR <br>
HVAC equipment must meet or exceed minimum SEER/EER/IEER outline by the utility <br/>

; Installation Requirements: Applicants must not sign any contract or begin work until final approval from MEA.",http://energy.maryland.gov/business/Pages/incentives/empowermdcigp.aspx,"January 14, 2026",01/06/2015
22792,updated,True,MD,Financial Incentive,Grant Program,State,Community Solar LMI-PPA Grant Program,Maryland Energy Administration,,,"<p>The Community Solar LMI-PPA Grant Program provides monetary incentives to ensure that the benefits of community solar are available to income qualified Maryland households. </p><p>In FY 2026, the income requirements focus on households that meet the definition of low-income only. </p><p><b>The grant is divided into two areas of interest (AOIs):</b></p><p></p><ul><li><b>AOI 1: Project Granted Capacity Under the Community Solar Permanent Program </b>- The project must guarantee at least fifteen percent (15%) of the energy output from the community solar system is subscribed to Low Income subscribers, with minimum cost savings to those subscribers of twenty-five percent (25%) from the utility’s Community Solar Energy Generating System Rate (CSEGS) credit rate* or equivalent. </li><li><b>AOI 2: Project Granted Capacity Under the Community Solar Permanent Program (100% LMI and Brownfield-Sited) - </b>The project must provide at least fifty percent (50%) of the energy generated by the community solar system at no cost to designated Low Income subscribers, and the remaining energy subscribed with a twenty-five percent (25%) cost savings from the CSEGS Credit Rate to Low Income subscribers.  These subscribers may, but are not required to, include those receiving free energy from the same or another community solar array participating in this program. The project must also be sited on a Maryland landfill, rubble-fill, or brownfield site. </li></ul><p><br/></p><p><b>Grant Amount</b></p><p></p><ul><li>The AOI 1 grant calculation includes the following variables: (1) size of Low Income portion of the array (to the nearest kW), (2) the estimated kWh-ac/kW-dc ratio for the array, (3) the cost of electricity for the utility service territory ($/kWh), and (4) the percent savings for the subscriber below the Community Solar Energy Generating System (CSEGS) credit rate (or the utility Standard Offer Service retail rate for utilities that credit kWh directly).   </li><li>The AOI 2 grant calculation is based on a landfill incentive and an interconnection incentive for projects on designated landfills/brownfields/rubble fills. AOI-2 projects are funded at $2,000/kW-dc. MEA will pay 75% of actual interconnection wiring costs after the first $1,000,000, with a maximum interconnection incentive payment of $3,000,000.  </li><li>AOI-1 grants shall be capped at $1,000,000.</li><li>Grants for AOI-2 projects shall be capped at $6,000,000 plus the project’s interconnection incentives. </li><li>Grants for less than $50,000 shall not be considered.</li></ul><p><b><i>Full program guidelines can be found in the <a href=""https://energy.maryland.gov/residential/SiteAssets/Pages/CommunitySolarLMI-PPA/2.%20FY26%20Funding%20Opportunity%20Announcement%20%28posted%29.docx.pdf"">FY26 Funding Opportunity Announcement</a></i></b></p><p></p><p></p>","Incentive Amount: The AOI 1 grant calculation includes the following variables: (1) size of Low Income portion of the array (to the nearest kW), (2) the estimated kWh-ac/kW-dc ratio for the array, (3) the cost of electricity for the utility service territory ($/kWh), and (4) the percent savings for the subscriber below the Community Solar Energy Generating System (CSEGS) credit rate (or the utility Standard Offer Service retail rate for utilities that credit kWh directly). The calculation is performed on the Application Worksheet. <br>
AOI-2 projects are funded at $2,000/kW-dc. MEA will pay 75% of actual interconnection wiring costs after the first $1,000,000, with a maximum interconnection incentive payment of $3,000,000.; Maximum Incentive: AOI-1 grants shall be capped at $1,000,000. <br>
Grants for AOI-2 projects shall be capped at $6,000,000 plus the project’s interconnection incentives.; Equipment Requirements: None specified.; Installation Requirements: None specified.",https://energy.maryland.gov/residential/pages/communitysolarlmi-ppa.aspx,"October 3, 2025",10/03/2025
3744,updated,True,MD,Financial Incentive,Rebate Program,Utility,Delmarva Power - Residential Energy Efficiency Rebate Program,Delmarva,Air conditioners; Dehumidifiers; Heat Pump Water Heater; Programmable Thermostats; Refrigerators/Freezers,Incentive : 1600.0000 $; Incentive : 100.0000 $; Incentive : 50.0000 $; Incentive : 25.0000 $,"<p><span>Delmarva Power offers a variety of rebates to residential customers who purchase and install energy efficient products or measures. Appliances must be ENERGY STAR rated and recycled appliances must be in working condition.  All HVAC equipment must meet program efficiency requirements to be eligible for rebates. Rebates are available to Delmarva Maryland customers on qualifying purchases at any retail store.  Rebate applications must include account number, original sales receipt, and must be received within 60 days of purchase.  For an application or more information on this program, see the program <a href=""https://homeenergysavings.delmarva.com/residential/rebates"">website </a>listed above.</span><br/></p>","Incentive Amount: <b> Appliances</b> <br />
Heat Pump Water Heater: $1,600<br/>
Smart Thermostat: $100<br/>
<br>
<b>Recycling</b><br>
Recycling Refrigerator/Freezer: $50<br>
Recycling Room AC/Dehumidifier: $25<br>; Maximum Incentive: <b>Recycling</b><br>
Recycling Refrigerator/Freezer: Limit 2<br>
Recycling Room AC/Dehumidifier: Limit 2<br>; Eligible System Size: ; Equipment Requirements: ; Installation Requirements: ; Ownership of Renewable Energy Credits: ",https://www.delmarva.com/WaysToSave/ForYourHome/Pages/MD/RebatesAndDiscounts.aspx,"October 24, 2025",10/28/2009
2832,updated,True,MD,Financial Incentive,Property Tax Incentive,Local,Harford County - Property Tax Credit for Solar and Geothermal Devices,Harford County Department of the Treasury,Geothermal Direct-Use; Geothermal Electric; Geothermal Heat Pumps; Solar Photovoltaics; Solar Space Heat; Solar Water Heat,Incentive max: 2500.0000 $,"<p>Harford County offers a tax credit from real property taxes imposed on residential buildings, nonresidential buildings, or other structures that use solar or geothermal devices for heating, cooling, water heating or generating electricity for on-site consumption.  The credit amount is equal to one year of total real property taxes or $2,500 per device, whichever is less. In September 2010 the county added a provision limiting total credits to $5,000 per property per fiscal year. Total real property taxes include all real property taxes that would have been paid by the taxpayer for that year for the host building or structure, but not on the land.  The original 2006 credit applied only to solar heating and cooling devices and had a limit of $1,000. Subsequent 2007 amendments added geothermal devices as an eligible technology, electricity generation as an eligible end-use, and increased the maximum credit to $2,500.<br/>&#10;<br/>&#10;In order to qualify for a tax credit, devices must meet national safety and performance standards as set by a nationally recognized testing laboratory for that type of device. A one-time application must be submitted to the Harford County Director of Administration on or before October 1 prior to the taxable year for which the credit is sought. The total volume of tax credits allowed for any one year was formerly limited to $150,000, but this limit has been raised to $500,000. Credits will be issued on a first-come, first-served basis with applications that exceed the annual limit carried over to succeeding years. Unused credits may be carried forward for up to two years. The application is available at the web site above.</p>","Incentive Amount: 100% of <i>total</i> real property taxes on the host structure for one year; Maximum Incentive: $2,500 per device.; Eligible System Size: ; Equipment Requirements: Devices must meet safety and performance standards set by a nationally recognized testing laboratory.",https://www.harfordcountymd.gov/DocumentCenter/View/27251/Solar-Geothermal-Energy-ApplicationPDF,"January 14, 2026",12/17/2007
22796,expired+updated,True,MD,Financial Incentive,Grant Program,State,Local Government Energy Modernization Program (L-GEM),Maryland Energy Administration,Doors; Electrical Panel; Electrical Wiring; Energy Mgmt. Systems/Building Controls; General Air Sealing; Geothermal Heat Pumps; Heat Pump Water Heater; Insulation; Solar Photovoltaics; Windows,,"<p><b><i>Note: The L-GEM Program is now closed.</i></b></p><p>Description: The Local Government Energy Modernization (L-GEM) program is designed to support local governments in planning long-term energy efficiency and clean energy projects that reduce greenhouse gas emissions and reduce energy usage. The program is offering a one-time FY2026 budget of $64 million, broken down into $50 million anticipated for planning activities and renewable energy projects, $10 million anticipated for energy efficiency projects and $4 million anticipated for electrification projects.</p><p>The program includes four major areas of interest (AOIs). Please see each AOI’s linked funding opportunity announcement for more information:</p><ul><li><span><a href=""https://energy.maryland.gov/govt/SiteAssets/pages/smartenergycommunities/AOI1_%20Non-competitive%20Formula%20Block%20Grant%20%282%29.pdf"">AOI1</a> is a non-competitive formula block grant to support planning and implementation of clean energy related projects. Municipalities are not eligible. </span></li><li><a href=""https://energy.maryland.gov/govt/SiteAssets/pages/smartenergycommunities/AOI2_%20Competitive%20Planning%20Grant%20%281%29.pdf"">AOI2 </a>is a competitive planning grant for feasibility studies, energy audits, energy planning, and strategy development. Counties may not apply for both AOI1 and AOI2. Municipalities are eligible. </li><li><a href=""https://energy.maryland.gov/govt/SiteAssets/Pages/smartenergycommunities/AOI3_%20Competitive%20Implementation%20Project%20Grant%20%28Excluding%20Electrification%29%20%281%29%20%281%29.pdf"">AOI3</a> projects may include installation of renewables, building envelope measures, and efficiency equipment and appliance upgrades. Counties may not apply for both AOI1 and AOI3. Municipalities are eligible. </li><li><a href=""https://energy.maryland.gov/govt/SiteAssets/pages/smartenergycommunities/AOI4_%20Competitive%20Implementation%20Project%20Grant%20%28Only%20Including%20Electrification%29%20%281%29.pdf"">AOI4</a> is a competitive implementation program grant (only electrification). Projects may include electrification upgrades in conjunction with pre-electrification upgrades. Counties may apply for both AOI1 and AOI4. Municipalities are eligible.</li></ul><p> </p>","Incentive Amount: AOI1 Varies (formula grant block program); other AOIs may request up to maximum amount; Maximum Incentive: AOI1 varies (by county and by scenario of how many counties apply to the formula program), AOI2 max of $300,000, AOI3 max of $1,000,000, AOI 4 max of $1,500,000; Equipment Requirements: Not specified.; Installation Requirements: Not specified.",https://energy.maryland.gov/govt/pages/smartenergycommunities.aspx,"March 23, 2026",11/04/2025
3107,updated,True,MD,Financial Incentive,Property Tax Incentive,Local,Montgomery County - Property Tax Credit – Renewable Energy (Energy Conservation Devices),Montgomery County Department of Finance,,,"<p><strong><em>Note: As originally enacted, this program offered property tax credits for the installation of solar and geothermal energy devices in addition to energy conservation devices. In November 2011 the county enacted legislation (County Bill 28-11)</em></strong><strong><em> terminating the program for solar and geothermal energy devi</em></strong><strong><em>ces</em></strong><strong><em> unless the taxpayer has entered a contract for costs or submitted an application on or before November 8, 2011.</em></strong> <strong><em>The change in law does not affect the sections of the law that allow property tax credits for various other energy conservation devices.</em></strong></p>&#10;<p>Montgomery County offers property tax credits on residential, owner-occupied structures for the installation of energy conservation devices.  Energy conservation devices include a variety of common energy efficiency related improvements but do not include standard household appliances such as washing machines or clothes dryers.   All systems must meet performance and safety standards set by a nationally recognized testing laboratory.  The tax credit is effective for all property tax years beginning after June 30, 2008.</p>&#10;<p>The tax credit for energy conservation devices is limited to the cost of the measure up to $250 per fiscal year.  Eligible costs include parts, components and accessories necessary to operate the device as well as reasonable installation costs. Only costs incurred during the 12 months preceding a credit application are eligible for a tax credit. The amount of the tax credit may not exceed the taxes imposed on the property during a fiscal year. Excess credits accrued during a year may be carried forward for up to two additional years. The total value of credits for energy conservation deviecs that are granted by the county during a fiscal year may not exceed $100,000. In the event that applications during a fiscal year exceed this limit, a credit may be granted the following year or years in the order applications are received. <br/>&#10;<br/>&#10;Persons wishing to claim the credit must first obtain a certification for their system from the Montgomery County Department of Permitting Services. Applications for the tax credit are handled by the Montgomery County Department of Finance.  Please see the program website for additional information on eligible measures and applications. <i><br/>&#10;</i></p>","Incentive Amount: 100% of eligible costs 
; Maximum Incentive: $250 per fiscal year; Eligible System Size: ; Equipment Requirements: ",https://www.montgomerycountymd.gov/finance/taxes/tax_credit_exempt.html#p19,"January 14, 2026",10/30/2008
3246,updated,True,MD,Financial Incentive,Property Tax Incentive,Local,Montgomery County - Property Tax Credits for Newly Constructed Buildings,Department of Finance,,,"<p><span>The state of Maryland permits local governments (</span><font face=""inherit""><span><a href=""https://law.justia.com/codes/maryland/tax-property/title-9/subtitle-2/section-9-242/"">Md Code: Property Tax § 9-242</a></span></font><span>)  to offer property tax credits for high performance buildings if they choose to do so.  Montgomery County has exercised this option by offering property tax credits on new or extensively modified multi-family residential and commercial buildings that meet certain high performance building standards.  An &#34;extensive modification&#34; is defined as a structural modification that alters 50% or more of the building's square footage.</span></p><p>&#10;<br/>&#10;The tax credit generally uses the U.S. Green Building Council's LEED rating system as a metric for determining how &#34;green&#34;' a building is, although buildings that achieve comparable ratings under other green building standards are also eligible for the tax credit.  Tax credits are available for buildings that achieve minimum ratings under the LEED New Construction (NC); Core and Shell (CS); and Existing Building (EB). <br/>&#10;<br/>&#10;The amount (10-75%) and term (3-5 years) of the tax credit varies based on the type project and the rating it achieves.  See the table below for details. The term &#34;covered&#34; refers to new or substantially reconstructed non-residential and multi-family residential buildings over 10,000 square feet, which are already required by county law to meet the basic LEED certification standard or its equivalent.  Thus the minimum standard for property tax credits on buildings of this type is correspondingly higher.</p>&#10;<table width=""600"" border=""1"">&#10;    <tbody>&#10;        <tr>&#10;            <th style=""text-align: left;"">Building Type</th>&#10;            <th style=""text-align: left;"">Certification Type</th>&#10;            <th style=""text-align: left;"">Exemption Amount</th>&#10;            <th style=""text-align: left;"">Term</th>&#10;        </tr>&#10;        <tr>&#10;            <td style=""text-align: left;"">Covered</td>&#10;            <td style=""text-align: left;"">LEED-NC or LEED-CS Platinum</td>&#10;            <td style=""text-align: left;"">75%</td>&#10;            <td style=""text-align: left;"">5 years</td>&#10;        </tr>&#10;        <tr>&#10;            <td style=""text-align: left;"">Covered</td>&#10;            <td style=""text-align: left;"">LEED-NC or LEED-CS Gold</td>&#10;            <td style=""text-align: left;"">25%</td>&#10;            <td style=""text-align: left;"">5 years</td>&#10;        </tr>&#10;        <tr>&#10;            <td style=""text-align: left;"">Covered</td>&#10;            <td style=""text-align: left;"">LEED-EB Platinum</td>&#10;            <td style=""text-align: left;"">50%</td>&#10;            <td style=""text-align: left;"">3 years</td>&#10;        </tr>&#10;        <tr>&#10;            <td style=""text-align: left;"">Covered</td>&#10;            <td style=""text-align: left;"">LEED-EB Gold</td>&#10;            <td style=""text-align: left;"">10%</td>&#10;            <td style=""text-align: left;"">3 years</td>&#10;        </tr>&#10;        <tr>&#10;            <td style=""text-align: left;"">Not Covered</td>&#10;            <td style=""text-align: left;"">LEED-NC or LEED-CS Platinum</td>&#10;            <td style=""text-align: left;"">75%</td>&#10;            <td style=""text-align: left;"">5 years</td>&#10;        </tr>&#10;        <tr>&#10;            <td style=""text-align: left;"">Not Covered</td>&#10;            <td style=""text-align: left;"">LEED-NC or LEED-CS Gold</td>&#10;            <td style=""text-align: left;"">50%</td>&#10;            <td style=""text-align: left;"">5 years</td>&#10;        </tr>&#10;        <tr>&#10;            <td style=""text-align: left;"">Not Covered</td>&#10;            <td style=""text-align: left;"">LEED-NC or LEED-CS Silver</td>&#10;            <td style=""text-align: left;"">25%</td>&#10;            <td style=""text-align: left;"">5 years</td>&#10;        </tr>&#10;        <tr>&#10;            <td style=""text-align: left;"">Not Covered</td>&#10;            <td style=""text-align: left;"">LEED-EB Platinum</td>&#10;            <td style=""text-align: left;"">50%</td>&#10;            <td style=""text-align: left;"">3 years</td>&#10;        </tr>&#10;        <tr>&#10;            <td style=""text-align: left;"">Not Covered</td>&#10;            <td style=""text-align: left;"">LEED-EB Gold</td>&#10;            <td style=""text-align: left;"">25%</td>&#10;            <td style=""text-align: left;"">3 years</td>&#10;        </tr>&#10;        <tr>&#10;            <td style=""text-align: left;"">Not Covered</td>&#10;            <td style=""text-align: left;"">LEED-EB Silver</td>&#10;            <td style=""text-align: left;"">10%</td>&#10;            <td style=""text-align: left;"">3 years</td>&#10;        </tr>&#10;    </tbody>&#10;</table>&#10;<p><br/>&#10;Property taxpayers must apply for the tax credit within one year after a building is certified as a high performance building.  There is a limit of $5 million per fiscal year (July 1 - June 30) on the total volume of tax credits granted, and limits of $1.5 million and $2.5 million for buildings rated LEED Silver and LEED Gold respectively.  Credits in excess of these limits will be issued for the subsequent fiscal year or years.</p>","Incentive Amount: Tier 1: 5-10% credit for 10-20% above code, 21-30% tax credit for buildings 21-30% above code, 46.5-60% tax credit for buildings 31-40% above code, 82-100% tax credit for buildings at least 60% above code, available for one year <br>
Tier 2: 10% to 75% credit from property taxes owed on building for 4-5 years; varies by building type and building rating <br>
Buildings located in Equity Emphasis Areas receive an additional 10% credit.; Maximum Incentive: Maximum of 100% of property tax bill each year.; Eligible System Size: Building must meet minimum LEED standards (CS, NC, or EB) or equivalent to qualify; Equipment Requirements: ",https://www.montgomerycountymd.gov/DEP/energy/commercial/property-tax-credit-mc-incentive.html,"January 14, 2026",02/04/2009
3745,updated,True,MD,Financial Incentive,Rebate Program,Utility,PEPCO - Residential Energy Efficiency Rebate Program,PEPCO,Air conditioners; Dehumidifiers; Heat Pump Water Heater; Programmable Thermostats; Refrigerators/Freezers,Incentive : 1600.0000 $; Incentive : 100.0000 $; Incentive : 50.0000 $; Incentive : 25.0000 $,"<p><span>PEPCO offers a variety of rebates to residential customers who purchase and install energy efficient products or measures. Appliances must be ENERGY STAR rated and recycled appliances must be in working condition. All HVAC equipment must meet program efficiency requirements to be eligible for rebates. Rebates are available to Delmarva Maryland customers on qualifying purchases at any retail store. Rebate applications must include account number, original sales receipt, and must be received within 60 days of purchase. For an application or more information on this program, see the program <a href=""https://homeenergysavings.pepco.com/lighting-program"">website </a>listed above.</span><br/></p>","Incentive Amount: <b> Appliances</b> <br />
Heat Pump Water Heater: $1,600<br/>
Smart Thermostat: $100<br/>
<br>
<b>Recycling</b><br>
Recycling Refrigerator/Freezer: $50<br>
Recycling Room AC/Dehumidifier: $25<br>; Maximum Incentive: <b>Recycling</b><br>
Recycling Refrigerator/Freezer: Limit 2<br>
Recycling Room AC/Dehumidifier: Limit 2<br>; Eligible System Size: ; Equipment Requirements: ; Installation Requirements: ; Ownership of Renewable Energy Credits: ",https://www.pepco.com/WaysToSave/ForYourHome/Pages/MD/RebatesAndDiscounts.aspx,"October 24, 2025",10/28/2009
3106,updated,True,MD,Financial Incentive,Property Tax Incentive,Local,Prince George's County - Solar and Geothermal Residential Property Tax Credit,Prince George's County Office of Finance,Geothermal Heat Pumps; Solar Photovoltaics; Solar Space Heat,Incentive max: 50.0000 % of cost; Incentive max: 5000.0000 $; Incentive max: 1500.0000 $; Incentive max: 50.0000 % of cost,"<h4><span>In 2008 Prince George's County enacted legislation offering a property tax credit on residential structures equipped with solar and geothermal systems.  As originally devised, the credit could only be taken for systems used to heat and cool a structure or provide hot water for a structure.  However, in April 2009 the county enacted additional legislation (Council Bill 05-2009) extending the property tax credit to solar-electric (PV) systems, effective May 22, 2009. Prince George's County also later extended property tax credit to include leases and solar power purchase agreements. </span></h4><p>&#10;The tax credit for solar or geothermal systems is equal to 50% of the cost of the system, up to $5,000 for heating and cooling systems and $1,500 for water heating systems. The tax credit for leases or solar power purchases is equal to 50% of the cost of the system, up to $1,000 without exceeding the cost of the system. The 2009 legislation that expanded the tax credit to include PV is silent on monetary limits for electricity generating systems. Eligible costs include parts, components and accessories necessary to operate the device as well as reasonable installation costs.  Only costs incurred during the 12 months preceding a credit application are eligible for a tax credit. All systems must meet performance and safety standards set by a nationally recognized testing laboratory. </p><p>&#10;The amount of the tax credit may not exceed the taxes imposed on the property during a fiscal year.  Excess credits accrued during a year may be carried forward for up to two additional years. The total value of credits for solar or geothermal systems granted during a fiscal year may not exceed $500,000. The total value of credits for leases or solar power purchases may not exceed $100,000. In the event that applications during a fiscal year exceed this limit, a credit may be granted the following year or years in the order applications are received. Applications for the tax credit are handled by the Prince George's County Office of Finance.</p>","Incentive Amount: 50% of eligible costs; Maximum Incentive: Space Heating: $5,000 <br>
Water Heating: $1,500 <br>
Solar Electric (PV): $5,000; Eligible System Size: ; Equipment Requirements: ",,"January 14, 2026",10/30/2008
22804,updated,True,MD,Financial Incentive,Grant Program,State,Residential Energy Equity Program,Maryland Energy Administration,,,"<p>Note: FY26 is now closed for applications.</p><p>For FY26, the Maryland Energy Agency (MEA) combined the former Energy Efficiency Equity Program and Solar Energy Equity Program into the Residential Energy Equity Program. The program is a competitive grant for local government entities and non-profit organizations to support energy efficiency and renewable energy projects for residents with low-to-moderate incomes. </p><p>The grant is broken into two Areas of Interest (AOI): </p><p>AOI1: Energy efficiency scopes of work and can be utilized for renter-occupied and owner-occupied homes</p><p>AOI2: Solar energy scopes of work and can be utilized for owner-occupied homes </p><p>For AOI1, the minimum award is $150,000, the maximum award for first-time grant recipients is $400,000 per award, and the maximum award for applicants that have previously won an award has not yet been determined. The program funding for eligible measures covers a maximum of $21,000 per residence. </p><p>For AOI2, the minimum award is $30,000 and the maximum award is $1,500,000. The program funding for eligible measures covers a maximum of $30,000 per residence. </p><p>For cost effectiveness criteria, eligible buildings, and eligible activities, please refer to the updated <a href=""https://energy.maryland.gov/SiteAssets/Pages/ResidentialEnergyEquity/FINAL%20FY26%20FOA%2010072025%20Rev.%2002052026.pdf"">Funding Opportunity Announcement.</a></p>","Incentive Amount: Competitive grant; varies <br>
AOI1: Minimum award of $150,000 <br>
AOI2: Minimum award of $30,000; Maximum Incentive: AOI1: $400,000 per award for first-time grant recipients; maximum award for applicants that have previously won an award not yet determined. <br>
AOI2: $1,500,000; Equipment Requirements: See Funding Opportunity Announcement; Installation Requirements: See Funding Opportunity Announcement",https://energy.maryland.gov/Pages/ResidentialEnergyEquity.aspx,"March 24, 2026",03/24/2026
3574,updated,True,MD,Financial Incentive,Rebate Program,Utility,SMECO - Residential Energy Efficiency Rebate Program,Southern Maryland Electric Cooperative,Heat Pump Water Heater; Programmable Thermostats; Refrigerators/Freezers,Incentive : 1600.0000 $; Incentive max: 75.0000 $; Incentive : 50.0000 $,"<div>SMECO’s Residential Energy Efficiency Program helps members lower energy costs through rebates, recycling incentives, and demand response programs. Homeowners can receive cash rebates for upgrading to energy-efficient equipment like heat pump water heaters and smart thermostats, as well as incentives for recycling old refrigerators or freezers. Participants can also enroll in programs such as SmartTemp Year-Round and Switch2Earn to earn ongoing bill credits and bonuses for managing energy use during peak demand periods, making it easier to save money while conserving energy.</div>","Incentive Amount: <ul>
    <li><b>Appliance Rebates</b>
        <ul>
            <li>Heat Pump Water Heater (HPWH): $1,600 rebate</li>
            <li>Smart Thermostat: up to $75 rebate</li>
        </ul>
    </li>
    <li><b>Appliance Recycling</b>
        <ul>
            <li>Refrigerator/Freezer Recycling: $50 pickup rebate</li>
        </ul>
    </li>
    <li><b>Demand Response & Bill Credits</b>
        <ul>
            <li>SmartTemp Year-Round: up to $96 per household per year</li>
            <li>Switch2Earn (smart thermostat + enrollment): up to $100 in the first year + $50 bonus; up to $50 in annual bill credits thereafter</li>
        </ul>
    </li>
</ul>; Maximum Incentive: ; Eligible System Size: ; Equipment Requirements: ; Installation Requirements: ; Ownership of Renewable Energy Credits: ",https://www.smeco.coop/energy-efficiency/residential-programs/,"October 29, 2025",08/05/2009
22591,updated,True,ME,Financial Incentive,PACE Financing,State,C-PACE: Efficiency Maine,Efficiency Maine Trust,,,"<p><i><b>Note: In 2010, the Federal Housing Finance Agency (FHFA), which has authority over mortgage underwriters Fannie Mae and Freddie Mac, <a href=""https://www.fhfa.gov/Media/PublicAffairs/Pages/FHFA-Statement-on-Certain-Energy-Retrofit-Loan-Programs.aspx"">directed</a> these enterprises against purchasing mortgages of homes with a PACE lien due to its senior status above a mortgage. Most residential PACE activity subsided following this directive; however, some residential PACE programs are now operating with loan loss reserve funds, appropriate disclosures, or other protections meant to address FHFA's concerns. Commercial PACE programs were not directly affected by FHFA’s actions, as Fannie Mae and Freddie Mac do not underwrite commercial mortgages. Visit <a href=""https://www.pacenation.org/"">PACENation</a> for more information about PACE financing, and for a comprehensive list of all PACE programs across the country.</b></i></p><p></p><p>Property-Assessed Clean Energy (PACE) financing effectively allows property owners to borrow money to pay for energy improvements. The amount borrowed is typically repaid via a special assessment on the property over a period of years. Maine has authorized certain local governments to establish such programs, as described below. <br/></p><p>In June 2021, the Maine State Legislature enacted <a href=""https://legislature.maine.gov/legis/bills/getPDF.asp?paper=SP0147&amp;item=1&amp;snum=130"">L.D. 340</a><i>, </i>establishing a commercial property assessed clean energy program.<i> </i>This legislation allows owners of commercial property to access financing for energy efficiency and clean energy improvements on their buildings and repay their investment over time. Municipalities that wish to participate in the C-PACE Program must adopt a C-PACE Ordinance within their jurisdiction. Financing for commercial property owners is exclusively available within communities that have adopted the necessary ordinances. Certain written notices, consent and acknowledgements must be conveyed before a project may be approved for a C-PACE Loan. The C-PACE lien remains on the property until the financed amount is fully repaid. To view participating municipalities, click <a href=""https://www.efficiencymaine.com/c-pace-participating-municipalities/"">here</a>.<br/></p><p><b>Eligibility</b></p><p></p><ul><li>Commercial property located in participating community</li><li>Current on all property taxes and charges</li><li>Contain at least one Energy Savings Improvement</li><li>Qualifying improvements must be new and permanently affixed to the Qualifying Property<br/></li></ul><p></p><p></p><p><i></i></p><p><i><br/></i></p><p><i><br/></i></p><p></p>","Terms: Application Fee: $1,000",https://www.efficiencymaine.com/c-pace/,"January 3, 2026",01/21/2024
22046,updated,True,ME,Financial Incentive,Loan Program,State,Efficiency Maine - Home Energy Loans,Efficiency Maine Trust,,,"<p>Efficiency Maine offers a variety of home energy loans to help customers pay for energy upgrades. </p><p>Maine homeowners of any-income can borrow up to max $25,000 over 10 years with interest rates fixed at 7.99% APR. Eligible upgrades include heat pumps, insulation, and air sealing. </p><p>Certain income-eligible households are eligible for up to $7,500 over 10 years with an interest rate fixed at 5.99% APR. Only upgrades eligible for a <a href=""https://www.efficiencymaine.com/at-home/"">residential rebate</a>, including <a href=""https://programs.dsireusa.org/system/program/detail/5442/efficiency-maine-residential-home-energy-savings-program"">heat pumps, insulation, boilers</a>, as well as <a href=""https://programs.dsireusa.org/system/program/detail/5324/efficiency-maine-appliance-rebate-program"">water heaters and clothes washers</a>, are allowed.</p><p>There are no application fees associated with these loans. A late payment is administered that is 5% of the amount due or $10, whichever is less.</p><p>For more information, and to apply for a loan, go to <a href=""https://www.efficiencymaine.com/at-home/energy-loans/"">Efficiency Maine's website.</a></p>","Maximum Loan: $25,000 (any-income); $7,500 (low-income); Loan Term: 5 or 10 years (any-income and low-income); Interest Rate: Fixed at 7.99% (any-income); fixed at 5.99% APR (low-income)",http://www.efficiencymaine.com/at-home/energy-loans/,"January 3, 2026",01/02/2018
5324,updated,True,ME,Financial Incentive,Rebate Program,State,Efficiency Maine Appliance Rebate Program,Efficiency Maine,Clothes Washers; Water Heaters,Incentive max: 1.0000 $; Incentive : 50.0000 $,"<p><span>Efficiency Maine offers a $50 rebate for the purchase of ENERGY STAR-certified clothes washers. See the program website </span><a href=""https://www.efficiencymaine.com/about-heat-pump-water-heaters/"">here</a><a href=""http://www.efficiencymaine.com/at-home/appliancerebate-program/""> </a><span>for the mail-in rebate forms. Efficiency Maine also offers various discounts at Home Depot, Lowe's, and Granite Group for the purchase of ENERGY STAR certified heat pump water heaters. Heat pump water heaters bought anywhere else qualify for a $1,050 mail-in rebate. See the </span><span><a href=""https://www.efficiencymaine.com/at-home/water-heating-solutions/heat-pump-water-heaters/"">Heat Pump Water Heater Incentives page</a> for details.</span></p><p></p><p>The aforementioned upgrades are also eligible under the <a href=""https://programs.dsireusa.org/system/program/edit/22046"">Home Energy Loan program.</a></p><p></p><p></p>","Incentive Amount: Heat Pump Water Heaters: $1,050<br>
Clothes Washer: $50; Maximum Incentive: One rebate or instant discount per appliance type per customer address per year; Eligible System Size: ; Equipment Requirements: Must be ENERGY STAR-certified; Installation Requirements: Must be installed in the state of Maine; Ownership of Renewable Energy Credits: ",http://www.efficiencymaine.com/at-home/appliancerebate-program/,"January 3, 2026",10/15/2012
1144,updated,True,ME,Financial Incentive,Rebate Program,State,Efficiency Maine Commercial and Industrial Prescriptive Program,Efficiency Maine Trust,,,"<p>&#10;&#9;Efficiency Maine's Commercial and Industrial Prescriptive Program offers prescriptive incentives for a variety of equipment types as well as custom incentives for new construction and retrofits. Examples of eligible organizations include:</p><ul><li>Businesses, for-profit or nonprofit;</li><li>Municipalities;</li><li>Schools and higher education facilities;</li><li>Manufacturing and other industrial facilities;</li><li>Mixed-use buildings (commercial/residential buildings with at least one commercial meter); and</li><li>Multifamily buildings with three or more units.</li></ul><p>Incentives cover the following technologies/upgrades:</p><ul><li><a href=""https://www.efficiencymaine.com/at-work/commercial-hvac-solutions/"">Commercial Heating, Ventilation, and Air Conditioning (HVAC) Solutions</a></li><li><a href=""https://www.efficiencymaine.com/at-work/multifamily-weatherization-solutions/"">Multifamily Weatherization Solutions</a></li><li><a href=""https://www.efficiencymaine.com/at-work/refrigeration-solutions/"">Refrigeration Solutions</a></li><li><a href=""https://www.efficiencymaine.com/at-work/lighting-solutions/"">Lighting</a></li><li><a href=""https://www.efficiencymaine.com/at-work/compressed-air-solutions/"">Compressed Air</a></li><li><a href=""https://www.efficiencymaine.com/at-work/agricultural-solutions/"">Agriculture</a></li><li><a href=""https://www.efficiencymaine.com/at-work/water-heating-solutions/"">Water Heating Solutions</a></li></ul><p><br/></p>","Incentive Amount: <b>Commercial Heating, Ventilation, and Air Conditioning (HVAC) Solutions:</b> <br>
<br>
Single-Zone Heat Pump Mini-Splits (Air-to-Air; Retrofit): $1,000<br />
Single-Zone Heat Pump Mini-Splits (Air-to-Air; Early Retirement): $700<br />
Single-Zone Heat Pump Mini-Splits (Air-to-Air; New Construction): $500<br />
<br>
Small Business Single-Zone Heat Pump Retrofit: $1,400 per single-zone unit<br />
Small Business Single-Zone Heat Pump Early Retirement: $900 per single-zone unit<br />
<br>
Multifamily Mini-Split Heat Pump (Retrofit): $1,200 - $1,400/unit., up to 3 units <br>
Multifamily Mini-Split Heat Pump (New Construction): $600 - $800/unit., up to 3 units <br>
Multifamily Mini-Split Heat Pump (Early Retirement): $850 - $1,050/unit, up to 3 units <br>
<br>
New Construction Multifamily Heat Pump (for qualifying affordable housing): 100% of project cost, up to $8,000/unit<br>
<br>
Heat Pump Rooftop Units (Retrofit): $10,080 - $56,250, based on per MBH rate<br />
Heat Pump Rooftop Units (New Construction): $2,220- $12,600, based on per MBH rate<br />
Heat Pump Rooftop Units (Early Retirement): $5,400 - $31,500, based on per MBH rate<br />
<br>
Packaged Terminal Heat Pumps (Retrofit): $430- $480/unit<br />
Packaged Terminal Heat Pumps (New Construction): $380/unit<br />
Packaged Terminal Heat Pumps (Early Retirement): $400/unit<br />
<br>
Single Packaged Heat Pumps Splitless (Retrofit): $3,500/unit<br />
Single Packaged Heat Pumps Splitless (New Construction): $2,200/unit<br />
Single Packaged Heat Pumps Splitless (Early Retirement): $2,700/unit<br />
<br>
Vertical Packaged Terminal Heat Pumps (Retrofit): $700 - $1,000/unit<br />
Vertical Packaged Terminal Heat Pumps (New Construction): $380 - $800/unit<br />
Vertical Packaged Terminal Heat Pumps (Early Retirement): $520 - 900/unit<br />
<br>
Variable Refrigerant Flow (VRF) Systems (Retrofit): $8.00/sq.ft. - $12.00/sq.ft.<br />
Variable Refrigerant Flow (VRF) Systems (New Construction): $3.00/sq.ft. - $6.00/sq.ft.<br />
Variable Refrigerant Flow (VRF) Systems (Early Retirement): $4.50/sq.ft. - $8.50/sq.ft.<br />
<br>
Small Business Variable Refrigerant Flow (VRF) Systems (Retrofit): $9.50/sq.ft. - $13.50/sq.ft.<br />
Small Business Variable Refrigerant Flow (VRF) Systems (Early Retirement): $6.00/sq.ft. - $10.00/sq.ft.<br />
<br>
Dedicated Outdoor Air Systems (DOAS; Retrofit): $19.50/Cubic Feet per Minute (CFM) <br>
Dedicated Outdoor Air Systems (DOAS; New Construction): $15/Cubic Feet per Minute (CFM) <br>
<br>
ECM Circulator Pumps: $75<br />
<br>
Energy Recovery Ventilator (ERV) Systems: $1.50/CFM - $2.25/CFM<br />
<br>
Variable-Frequency Drive (VFD) Systems: $400 - $2,300<br />
<br>
Biomass Boilers and Furnaces: Varies<br />
<br>
<b>Refigeration Equipment:</b> Varies<br>
<br>
<b>Lighting:</b> Varies<br>
<br>
<b>Compressed Air Equipment:</b> Varies<br>
<br>
<b>Agricultural Equipment:</b> Varies<br>
<br>
<b>Water Heaters:</b> Varies<br>
<br>
<b>Multifamily Weatherization:</b> 50% of project cost, up to $5,000; Maximum Incentive: ; Eligible System Size: ; Equipment Requirements: ; Installation Requirements: ; Ownership of Renewable Energy Credits: ",http://www.efficiencymaine.com/at-work/ci-prescriptive-incentive-program/,"January 4, 2026",06/16/2005
5442,updated,True,ME,Financial Incentive,Rebate Program,State,Efficiency Maine Residential Home Energy Savings Program,Efficiency Maine Trust,Biomass; Building Insulation; Geothermal Heat Pumps; Heat pumps,Incentive : 80.0000 % of cost; Incentive max: 8000.0000 $; Incentive : 33.0000 % of cost; Incentive max: 6000.0000 $; Incentive max: 9000.0000 $; Incentive min: 1000.0000 $; Incentive : 33.0000 %; Incentive max: 3000.0000 $,"<div><i><b>Note: For a limited time, qualified homeowners can receive an additional $500 for eligible whole-home heat pump upgrades completed, and rebate claims emailed or postmarked, from March 1, through December 31, 2026.</b></i></div><div><br/></div><div>Qualified homeowners can receive up to $9,000 for residential heat pumps, $8,000 for insulation, $6,000 for biomass boilers, and $3,000 for geothermal heat pumps depending on income. For more information, please visit <a href=""https://www.efficiencymaine.com/at-home/"">efficiencymaine.com. </a></div><p>The aforementioned upgrades are also eligible under the <a href=""https://programs.dsireusa.org/system/program/edit/22046"">Home Energy Loan program.</a></p>","Incentive Amount: Geothermal Heat Pumps: One-third of the project cost, up to a $3,000 rebate<br>
Insulation: 80% of the project cost, up to an $8,000 rebate <br>
Residential Heat Pumps: Up to a lifetime limit of $9,000 in heat pump rebates per housing unit<br>
Biomass Boilers and Furnaces: One-third of the project cost, up to a $6,000 rebate<br>; Maximum Incentive: ; Eligible System Size: ; Equipment Requirements: Varies by equipment type; Installation Requirements: Please see Efficiency Maine rebate claim forms; Ownership of Renewable Energy Credits: ",https://www.efficiencymaine.com/at-home/,"March 11, 2026",09/30/2013
22704,updated,True,ME,Financial Incentive,Rebate Program,State,Maine - Home Electrification and Appliance Rebate (HEAR) Program,Efficiency Maine,Heat pumps,Incentive max: 100.0000 % of cost; Incentive max: 8000.0000 $/Unit; Incentive : 50.0000 $/Unit,"<p><b><i>Note: The Federal Inflation Reduction Act (IRA) created the Home Electrification and Appliance Rebate (HEAR) Program. The IRA established the main parameters for this program but allowed the states to customize the program to meet their state-specific needs. The program is designed to award rebates for purchase of qualifying home electrification equipment and appliances. Residents earning less than 80% of the Area Median Income (AMI) can receive the full rebate amount, and residents earning between 80% and 150% AMI can receive a partial rebate. See summary below and program website for complete details.</i></b></p><p><span>Maine’s HEAR program focuses itself on electrifying space heating and provides rebates for efficient heat pump systems in buildings occupied by low-income households, including new construction of affordable multifamily housing and single-family manufactured/mobile homes.</span></p><ul><li>Income-eligible homeowners in single-wide manufactured/mobile have the option of paying $2,000 of the up-front project costs of a ducted heat pump system or finance the project through a <a href=""https://www.efficiencymaine.com/manufactured-mobile-home-initiative-loans/"">loan</a> totaling $2,500 at 0% APR with $50/month over 50 months.</li></ul><ul></ul><ul><li>For affordable multifamily housing, owners of multifamily buildings planned to be built within which at least 50% of units will be reserved for low-income households can apply for a funding opportunity notice and receive up to 100% of the project costs, up to $8,000/unit for whole house HVAC heat pump equipment. </li></ul><ul><ul><li>Installation contractors are also eligible to receive an additional installation rebate of $50/dwelling unit if they apply for and receive the rebate on behalf of the participant.</li></ul></ul><p>Click below for more information on what offerings are provided for the different types of buildings:</p><ul><li><a href=""https://www.efficiencymaine.com/initiative-for-electrification-in-new-affordable-multifamily-housing/"">New Affordable Multifamily Housing</a></li></ul><ul><li><a href=""https://www.efficiencymaine.com/at-home/manufactured-mobile-home-initiative/"">Manufactured (Mobile) Homes</a></li></ul>","Incentive Amount: ; Maximum Incentive: New Affordable Multifamily Housing: Up to 100% of the project costs, up to $8,000/unit for whole house HVAC heat pump equipment +  $50/dwelling unit for installers/contractors<br>
Manufactured (Mobile) Homes: Option to pay $2,000 of the up-front project costs of a ducted heat pump system or finance the project through a loan totaling $2,500 at 0% APR with $50/month over 50 months.; Eligible System Size: ; Equipment Requirements: ; Installation Requirements: ; Ownership of Renewable Energy Credits: ",https://www.efficiencymaine.com/IRA-Home-Energy-Rebates/,"January 3, 2026",09/19/2024
22637,updated,True,ME,Financial Incentive,Grant Program,State,Maine - National Electric Vehicle Infrastructure (NEVI) Formula Grant Program,"Maine Department of Transportation, Efficiency Maine, etc.",,,"<p>The Maine Department of Transportation's <a href=""https://www.fhwa.dot.gov/environment/nevi/ev_deployment_plans/me_nevi_plan.pdf"">plan </a>for NEVI funding will help construct about 1,105 miles of EV charging corridors. On March 23, 2023, Efficiency Maine released an RFP for DC fast charging stations (Maine Phase 5), and proposals were due by June 22, 2023. The Maine DOT released its 2023 plan <a href=""https://www.efficiencymaine.com/docs/2023-MAINE-NEVI-PLAN.pdf"">update </a>during Q3 2023, which details that planning activities will continue during FY 22-26 to determine the best use of NEVI funds later in the years. Efficiency Maine released another RFP for DC fast charging station <a href=""https://www.efficiencymaine.com/rfp-em-010-2024/"">(Maine Phase 6)</a> in early October 2023, with a proposal due date of January 16, 2024. Awards for this RFP were released in Q1 2024, and nine sites with 37 DCFC ports were awarded. A progress report was then released in May 2024, which stipulated that out of 15 NEVI-supported DCFC stations, one was designated as active, and the rest were designated as coming soon.</p><p>Maine publicized its 2024 NEVI Plan <a href=""https://www.efficiencymaine.com/docs/2024-MAINE-NEVI-PLAN.pdf"">update </a>in September 2024, which includes several updates to the previous plan. These updates include additional detail on the state’s public engagement efforts, expanded discussion of how Maine is adhering to Justice40 goals, and plans for another round of NEVI Requests for Proposals (Phase 7 RFP). In total, 14 NEVI-related RFP contracts have been awarded, with the earliest project becoming operational on March 20, 2024, and the latest expected to be operational by summer 2025. In addition, as of the 2024 plan update, four DC fast-charging (DCFC) sites were under construction and expected to be operational by fall 2024.</p><p>Maine published its FY2026 NEVI Plan <a href=""https://www.efficiencymaine.com/docs/Maine_2025-NEVI_Plan.pdf"">update </a>in September 2025. This update details the addition of 16 new charging ports funded with FY2026 funds that are expected to be operational by 2028. The plan also summarizes deployment under prior fiscal years, including 18 NEVI-funded ports from FY2022–FY2023 that are expected to be operational by the end of 2025, 20 ports from FY2024 anticipated to be operational by Q1 2026, and 32 ports from FY2025 expected to be operational in 2027.</p>",Incentive Amount: Varies; Maximum Incentive: ; Equipment Requirements: ; Installation Requirements: ,https://www.efficiencymaine.com/at-work/electric-vehicle-supply-equipment-initiative/,"January 3, 2026",06/12/2024
22783,updated,True,ME,Financial Incentive,Grant Program,State,Public Charger Grants,Efficiency Maine,,,<p>Efficiency Maine offers grants for qualified bidders to install and operate public DCFC for electric vehicles within one mile of select roadway exits or routes.</p>,Incentive Amount: Varies; Maximum Incentive: Varies; Equipment Requirements: ; Installation Requirements: ,https://www.efficiencymaine.com/opportunities/,"January 3, 2026",08/26/2025
22716,updated,True,ME,Financial Incentive,Loan Program,State,Small Business Energy Loans,Efficiency Maine,HVAC; Heat pumps,Incentive max: 10.0000 $; Incentive min: 2.0000 $,"<p>Efficiency Maine provides financing for certain small business owners upgrading to high performance heat pumps and variable refrigerant flow (VRF) systems. Businesses registered as a &#34;Small General Service&#34;, &#34;General Service&#34;, or &#34;Medium General Service&#34; electricity customer with a peak demand of max 100 kW are eligible. Loans range from $2,000 to $10,000, and terms may be 12, 24, or 36 months. The interest rate is 4.99%.</p>","Maximum Loan: $10,000; Loan Term: 12, 24, or 26 months; Interest Rate: 4.99%",https://www.efficiencymaine.com/small-business-energy-loans/,"January 3, 2026",11/10/2024
22141,updated,True,ME,Financial Incentive,Property Tax Incentive,State,Solar and Wind Energy Property Tax Exemption,Maine Department of Revenue,,,"<p>Maine offers a property tax exemption for solar and wind energy equipment generating heat or electricity, as long as all of the energy is (1) used on-site where the property is located or (2) transmitted through the facilities of a transmission and distribution utility, and a customer or customers receive a bill credit for the energy produced.</p><p>For property tax years starting on April 1, 2025, solar energy equipment that generates heat or electricity is offered an exemption if (1) all of the energy is used on the site where the property is located; <span>(2) the equipment is collocated with a net energy billing customer that is or net energy billing customers that are subscribed to at least 50% of the facility's output; or (</span><span>3) all energy is transmitted through the facilities of a transmission and distribution utility and a utility customer or customers receive a utility bill credit for the energy generated by the equipment pursuant and the generator of electricity entered into a fully executed interconnection agreement with a transmission and distribution utility prior to June 1, 2024.  </span></p><p><br/></p>",Incentive Amount: 100% exemption; Maximum Incentive: ; Eligible System Size: Not specified. Electricity must be used on-site or transmitted through the utility T&D system to provide bill credits for customers.; Equipment Requirements: ,https://www.maine.gov/revenue/taxes/tax-relief-credits-programs/property-tax-relief-programs/property-tax-exemptions#:~:text=Property%20owners%20would%20receive%20an%20exemption%20of%20%2425%2C000.&text=Renewable%20Energy%20Investment%20Exemption%20%2DThi,"January 3, 2026",03/10/2021
22142,updated,True,MI,Financial Incentive,Property Tax Incentive,State,Alternative Energy Property Tax Exemption,,,,"<p>In November 2019, Michigan enacted <a href=""http://www.legislature.mi.gov/(S(k0jpphr2tugg4lfsuxdawlkd))/mileg.aspx?page=GetObject&amp;objectname=2019-HB-4465"">H.B. 4465</a>, establishing a property tax exemption for renewable energy systems. To qualify for the exemption, systems must be no larger than 150 kW in capacity and must offset all or a portion of the energy used on the property.</p><p>A bulletin explaining the exemption is available here: https://www.michigan.gov/-/media/Project/Websites/treasury/Letters/Bulletins/Bulletin_6_of_2020_Alternative_Energy_Systems.pdf?rev=3090eee942f0432c964fb494ca63749c </p>",Incentive Amount: ; Maximum Incentive: ; Eligible System Size: Maximum 150 kW; Equipment Requirements: ,,"April 14, 2026",03/12/2021
4275,updated,True,MI,Financial Incentive,Rebate Program,Utility,Coldwater Board of Public Utilities - Residential Energy Efficiency Rebate Program,Coldwater Board of Public Utilities,Air conditioners; Clothes Washers; Dehumidifiers; Dishwasher; Dual Fuel Air-Source Heat Pump; Ductless Mini-Split Heat Pump; Electric Clothes Dryer; Heat pumps; LED Lighting; Pool Pumps; Programmable Thermostats; Refrigerators/Freezers,Incentive min: 25.0000 $; Incentive max: 300.0000 $; Incentive : 50.0000 $; Incentive : 25.0000 $; Incentive : 25.0000 $; Incentive : 25.0000 $; Incentive : 50.0000 $; Incentive min: 3.0000 $; Incentive max: 15.0000 $; Incentive min: 150.0000 $; Incentive max: 350.0000 $; Incentive min: 50.0000 $; Incentive max: 250.0000 $; Incentive : 50.0000 $; Incentive : 150.0000 $; Incentive : 150.0000 $,"<p>The Coldwater Board of Public Utilities (CBPU) Residential Rebate Program offers cash incentives to Coldwater, Michigan residential electric customers who install new, energy-efficient equipment. Eligible measures include high-efficiency central air conditioners, air-source and mini-split heat pumps, ENERGY STAR® heat pump water heaters, pool pumps, and smart thermostats. Projects must meet specified efficiency criteria (e.g., SEER &gt;16 for A/C and heat pumps) and be completed between January 1 and December 31, 2025. Applications must be submitted within 90 days of installation or by December 31, 2025, whichever comes first. Customers should include invoices, AHRI certificates (for HVAC equipment), and ENERGY STAR documentation where applicable. Rebates are issued by mail within 4–6 weeks after approval.</p><p><br/></p><p>To learn more or apply, contact CBPU Simply Efficient at (517) 279-9531, email simplyefficient@coldwater.org</p>","Incentive Amount: <a href=""https://www.coldwater.org/DocumentCenter/View/4450/2025-CBPU-Residential-Rebate-Application""> 2025 Rebate Application</a><br />
<b>Appliances & Lighting</b><br />
Room air conditioner: $25<br />
Dehumidifier / Air Purifier: $50<br />
Dishwasher: $25<br />
Clothes washer: $25<br />
Clothes dryer: $25<br />
Refrigerator: $50<br />
Freezer: $50<br />
TV: $25 - $50<br />
LED Light Fixture: $15<br />
LED Lamp: $3 - $5<br />
<b>Heating & Cooling, Pool Pumps</b><br />
Central air conditioning: $100 - $300<br />
Air-source heat pump: $150 - $350<br />
Mini multi-split ductless air-source heat pump: $50 - $250<br />
Smart Thermostat: $50<br />
Energy star heat pump: $150<br />
Energy star water heater: $150<br />
Energy star pool pump: $150<br />
Tune-up of central air conditioner / air-source heat pump: $75<br />; Maximum Incentive: ; Eligible System Size: ; Equipment Requirements: Appliances must be ENERGY STAR certified<br />
Central AC must be SEER 15,16, or 17+; Installation Requirements: ; Ownership of Renewable Energy Credits: ",https://www.coldwater.org/232/Energy-Optimization,"October 16, 2025",08/02/2010
22330,updated,True,MI,Financial Incentive,Rebate Program,Utility,DTE Energy (Electric) - Charging Forward Program,DTE Energy,,,"<p>Residential Customers of DTE Energy (Electric) are eligible for a rebate for the installation of a qualified Level 2 charger. Applicants must have purchased or leased a new or used plug-in electric vehicle in a period no less than 24 months. Have purchased and installed a new Level 2 EVSE after January 1st, 2025. Applicant must <span>apply within 6 months of installation of EVSE. </span></p><p></p><p>To meet the rebate income eligibility requirement the household income must be under 200% of the most recent HHS poverty guidelines. </p><p></p>",Incentive Amount: ; Maximum Incentive: ; Eligible System Size: ; Equipment Requirements: ; Installation Requirements: ; Ownership of Renewable Energy Credits: ,https://newlook.dteenergy.com/wps/wcm/connect/dte-web/home/service-request/residential/electric/pev/pev-res-charge-frwd,"November 18, 2025",08/06/2021
3575,updated,True,MI,Financial Incentive,Rebate Program,Utility,Great Lakes Energy - Residential Energy Efficiency Rebate Program,Great Lakes Energy,Air conditioners; Clothes Washers; Dehumidifiers; Dual Fuel Air-Source Heat Pump; Electric Clothes Dryer; Geothermal Heat Pumps; Heat Pump Clothes Dryer; Heat Pump Water Heater; Induction Cooking Appliance; Personal Computing Equipment; Programmable Thermostats; Refrigerators/Freezers,Incentive : 25.0000 $; Incentive : 30.0000 $; Incentive : 25.0000 $; Incentive : 25.0000 $; Incentive : None $; Incentive : 25.0000 $; Incentive : 10.0000 $; Incentive : 12.0000 $; Incentive min: 100.0000 $; Incentive max: 200.0000 $; Incentive min: 450.0000 $; Incentive max: 500.0000 $; Incentive : 2250.0000 $; Incentive : 50.0000 $; Incentive : 100.0000 $; Incentive : 50.0000 $,"<p>&#10;&#9;Great Lakes Energy offers rebates to residential customers through their Energy Wise program. Through this program, rebates exist for energy efficient appliances, lighting, HVAC equipment, and other energy saving measures. View the <a href=""https://www.gtlakes.com/energy-wise/"">website</a> for a complete list of rebates and eligible technologies. </p>","Incentive Amount: <b>Appliances</b><br />
Portable room dehumidifier: $25<br />
Room air conditioner: $30<br />
Room air purifier: $25<br />
Clothes washer: $25<br />
Clothes dryer (standard): $25<br />
Clothes dryer (heat pump): $50<br />
Refrigerator: $25<br />
Freezer: $25<br />
Induction range/stove: $10<br />
Advanced smart power strip: $12<br />
<b>Heating and cooling</b><br />
Central air conditioner: $100 - $200<br />
Central air-source heat pump: $450<br />
Mini/mulit-split air-source heat pump: $500<br />
Air-to-water heat pump: $800<br />
Geothermal heat pump: $2,250<br />
Desuperheater for ground-source heat pump: $100<br />
Residential AC tune up: $25/ton<br />
Smart thermostat: $50<br />
Heat pump water heater: $100<br />
Efficient circulation pump: $200<br />
Whole-home dehumidifier: $50<br />; Maximum Incentive: ; Eligible System Size: ; Equipment Requirements: ; Installation Requirements: Level 2 Smart Charger: Requires a licensed Michigan electrical contractor; Ownership of Renewable Energy Credits: ",https://www.gtlakes.com/energy-wise/,"October 17, 2025",08/05/2009
22686,updated,True,MI,Financial Incentive,Property Tax Incentive,State,Solar Energy Facility Exemption,,,,"<p>The Solar Energy Facilities Taxation Act (known as the Solar Energy Exemption), 2023 PA 108, provides a tax incentive to owners of utility-scale solar energy generation facilities who build a new solar energy facility and provides local governments a guaranteed and stable revenue stream from the solar energy generation facilities. A Solar Energy Facility Exemption Certificate (SEFEC) entitles a qualified facility to an exemption from ad valorem real property taxes for term of 20 years. Exempt solar facilities are subject to a specific tax called the solar energy facilities tax. Applications are filed, reviewed, and approved by the local governmental unit. The State Tax Commission (STC) must also approve the application.</p>",Incentive Amount: 100% exemption for 20 years; Maximum Incentive: ; Eligible System Size: At least 2 MW; Equipment Requirements: ,https://www.michigan.gov/taxes/property/exemptions/solar-energy-facility-exemption,"April 14, 2026",08/15/2024
22119,updated,True,MN,Financial Incentive,Rebate Program,Utility,Brainerd Public Utilities - Residential Energy Efficiency Rebate Program,Brainerd Public Utilites,Air conditioners; Ceiling Fan; Clothes Washers; Dehumidifiers; Dishwasher; Dual Fuel Air-Source Heat Pump; Electric Clothes Dryer; Heat Pump Water Heater; LED Lighting; Lighting Controls/Sensors; Refrigerators/Freezers,Incentive : 35.0000 $/Unit; Incentive : 20.0000 $/Unit; Incentive : 10.0000 $; Incentive : 50.0000 % of cost; Incentive min: 35.0000 $/Unit; Incentive max: 150.0000 $/Unit; Incentive : 400.0000 $; Incentive : 250.0000 $/Unit,"<p><span>Brainerd Public Utilites (BPU) offers a variety of rebates to residential customers. Additionally, through a partnership with Energy Insight, Inc., commercial customers can set up a consultation for potential rebates. Interested commercial customers should contact Mike Swanson at ms@energyinsightinc.com or 952-767-7469.</span><br/></p>","Incentive Amount: <ul>
  <li><b>Energy Star Appliance Rebates</b>
    <ul>
      <li>Clothes Washer – $35/Qualified Unit*</li>
      <li>Clothes Dryer – $35/Qualified Unit*</li>
      <li>Dishwasher – $35/Qualified Unit*</li>
      <li>Refrigerator – $35/Qualified Unit*</li>
      <li>Freezer – $35/Qualified Unit*</li>
      <li>Secondary Refrigerator/Freezer Removal – $30/Qualified Unit*</li>
      <li>Dehumidifier – $20/Qualified Unit*</li>
      <li>Air Purifier – $35/Qualified Unit*</li>
      <li>Ceiling Fan – $10/Qualified Unit*</li>
    </ul>
  </li>

  <li><b>LED Lighting Rebates</b>
    <ul>
      <li>LED Light Bulbs – Half of Cost</li>
      <li>LED Holiday Lighting – Half of Cost</li>
      <li>Outdoor LED Lighting – Half of Cost</li>
      <li>Custom LED Lighting – Up to Half of Cost</li>
      <li>Lighting Controls – Half of Cost up to $15*</li>
    </ul>
  </li>

  <li><b>HVAC Rebates</b>
    <ul>
      <li>Central Air Conditioner and Professional Install – $150/Qualified Unit</li>
      <li>Mini-Split Ductless Air Conditioner and Professional Install – $150/Qualified Unit</li>
      <li>Central Air Source Heat Pump and Professional Install – $400/Qualified Unit</li>
      <li>Mini-Split Ductless Heat Pump and Professional Install – $400/Qualified Unit</li>
      <li>Room Air Conditioner (Window Air Conditioning Unit) – $35/Qualified Unit*</li>
      <li>Programmable Thermostat – Electric Heating Only – $25/Qualified Unit*</li>
      <li>Central AC/Air Source Heat Pump Tune-up (Biennial) – $35/Unit*</li>
      <li>Line Voltage Thermostat – Electric Baseboard Heaters – $0.035/kWh Saved</li>
    </ul>
  </li>

  <li><b>Miscellaneous Rebates</b>
    <ul>
      <li>Electronically Commutated Motor (ECM) Circulator Pumps – Half of Cost up to $50*</li>
      <li>Pipe Insulation (Electric Water Heater Only) – $2/Foot up to 75% of Cost</li>
      <li>Heat Pump Water Heater – $250/Qualified Unit*</li>
      <li>Variable Speed Pool Pump – $0.035/kWh Saved</li>
      <li>Tier 2 Advanced Power Strips (APS) – $20/Qualified Unit*</li>
    </ul>
  </li>
</ul>
<I>Rebates under $150 are in the form of a credit issued to your Brainerd Public Utilities Account</I>; Maximum Incentive: ; Eligible System Size: ; Equipment Requirements: ; Installation Requirements: ; Ownership of Renewable Energy Credits: ",http://bpu.org/rebates/,"November 13, 2025",05/20/2020
2258,updated,True,MN,Financial Incentive,Rebate Program,Utility,East Central Energy - Residential Energy Efficiency Rebate Program,East Central Energy,Air conditioners; Dehumidifiers; Dual Fuel Air-Source Heat Pump; Ductless Mini-Split Heat Pump; Electric Clothes Dryer; Geothermal Heat Pumps; Heat Pump Water Heater; Level-2 Electric Vehicle Service Equipment; Pool Pumps; Programmable Thermostats; Refrigerators/Freezers,Incentive min: 50.0000 $; Incentive max: 75.0000 $; Incentive : 25.0000 $; Incentive : 25.0000 $; Incentive : 25.0000 $; Incentive : 500.0000 $; Incentive min: 750.0000 $; Incentive max: 1000.0000 $; Incentive min: 200.0000 $; Incentive max: 500.0000 $; Incentive : 25.0000 $; Incentive : 400.0000 $/ton; Incentive : 400.0000 $; Incentive : 200.0000 $,"<div>&#10;&#9;East Central Energy (ECE) provides rebates for residential customers to purchase energy efficient equipment. Rebates are offered for recycled refrigerators/freezers, central air conditioning units, air source heat pumps, HVAC system tune-ups, geothermal heat pumps, and Wi-Fi enabled thermostats. In order to be eligible for heat pump and air conditioning rebates, installations must be completed by a certified HVAC contractor registered with ECE.<br/></div>&#10;<p>&#10;&#9; </p>","Incentive Amount: <ul>
  <li><b>Appliances</b>
    <ul>
      <li>New Refrigerator — $75 (requires purchase of new unit and recycling of existing unit)</li>
      <li>New Freezer — $75 (requires purchase of new unit and recycling of existing unit)</li>
      <li>Refrigerator/Freezer Recycling only — $50</li>
      <li>Dehumidifier (ENERGY STAR) — $25</li>
      <li>Electric Clothes Dryer (ENERGY STAR) — $25</li>
      <li>Wi-Fi Smart Thermostat — $25</li>
    </ul>
  </li>
  <li><b>Water Heating</b>
    <ul>
      <li>Heat Pump Water Heater (ENERGY STAR, 50–80 gal) — $500</li>
    </ul>
  </li>
  <li><b>Heating &amp; Cooling</b>
    <ul>
      <li>Air Source Heat Pump (central ducted) — $750 (&#8805;14.3 SEER2 &amp; &#8805;7.5 HSPF2) or $1,000 (2025 CEE Tier 1); +$40/ton bonus for Qualified Installation</li>
      <li>Ductless Mini-Split Heat Pump — $200 (&#8804;1 ton) or $500 (&gt;1 ton)</li>
      <li>A/C Tune-Up — $25</li>
      <li>Ground Source (Geothermal) Heat Pump — $400/ton</li>
    </ul>
  </li>
  <li><b>Electric Vehicles</b>
    <ul>
      <li>Level 2 EV Charger — $400 (must be on off-peak program)</li>
    </ul>
  </li>
  <li><b>Miscellaneous / Special Promotions</b>
    <ul>
      <li>Variable-Speed Pool Pump (ENERGY STAR) — $200</li>
      <li>Pool Air Source Heat Pump (AHRI 1160, min COP 5.0) — $400</li>
      <li>Free CFL recycling or $0.50 off other fluorescent lamps (limit 10)</li>
    </ul>
  </li>
</ul>; Maximum Incentive: See program website.; Eligible System Size: See program website.; Equipment Requirements: See program website.; Installation Requirements: See program website.; Ownership of Renewable Energy Credits: ",https://www.eastcentralenergy.com/residential-rebates,"November 11, 2025",09/22/2006
1939,updated,True,MN,Financial Incentive,Rebate Program,Utility,Elk River Municipal Utilities - Residential Energy Efficiency Rebate Program,Elk River Municipal Utilities,Air conditioners; Ceiling Fan; Clothes Washers; Dishwasher; Dual Fuel Air-Source Heat Pump; Ductless Mini-Split Heat Pump; Electric Clothes Dryer; Geothermal Heat Pumps; Heat Pump Water Heater; Heat pumps; LED Lighting; Level-2 Electric Vehicle Service Equipment; Lighting; Lighting Controls/Sensors; Programmable Thermostats; Refrigerators/Freezers,Incentive max: 75.0000 $; Incentive : 400.0000 $; Incentive : 1000.0000 $; Incentive : 600.0000 $/ton; Incentive min: 400.0000 $; Incentive max: 450.0000 $; Incentive min: 10.0000 $; Incentive max: 125.0000 $; Incentive : 40.0000 $; Incentive min: 35.0000 $; Incentive max: 100.0000 $; Incentive min: 10.0000 $; Incentive max: 20.0000 $; Incentive min: 20.0000 $; Incentive max: 40.0000 $; Incentive max: 50.0000 % of cost; Incentive max: 700.0000 $,"<p>ERMU’s Residential Rebates program is designed to help homeowners lower their utility bills and reduce energy usage by offering bill-credit incentives for installing energy-efficient equipment and upgrades. Eligible categories include ENERGY STAR® and WaterSense labeled appliances, home efficiency improvements, installation of 240-volt electric vehicle (EV) chargers (with rebates up to $700), high-efficiency heat pumps, upgraded HVAC equipment, and energy-efficient lighting and lighting controls. <span>The rebates are delivered as credits on the customer’s utility bill, making the incentive directly linked to their monthly service.</span></p>","Incentive Amount: <ul>
  <li><strong>Heat Pumps</strong>
    <ul>
      <li>Air Source Heat Pump Tune-Up: up to $75</li>
      <li>Central &amp; Ductless Heat Pumps (ENERGY STAR&reg; 15.2 SEER2 / 7.8 HSPF2+): $400</li>
      <li>Cold Climate Heat Pump (meets NEEP specs; &ge;15.2 SEER2, &ge;8.1 HSPF2, COP &ge; 1.75 @ 5&deg;F): $1,000</li>
      <li>Ground Source Heat Pump (ENERGY STAR&reg;): $600/ton</li>
      <li>Heat Pump Water Heater (UEF &ge; 2.0): $400 (50–79 gal); $450 (&lt; 80 gal)</li>
    </ul>
  </li>

  <li><strong>HVAC Equipment &amp; Thermostats</strong>
    <ul>
      <li>Central AC (ENERGY STAR&reg; 15.2 SEER2+): $125</li>
      <li>Central AC Tune-Up (pro contractor): up to $75</li>
      <li>Mini Split Ductless AC (ENERGY STAR&reg; 15.2 SEER2+): $150</li>
      <li>Room/Window AC (ENERGY STAR&reg;): $10</li>
      <li>Replacement Furnace with ECM Blower (ENERGY STAR&reg;): $150</li>
      <li>ECM Circulator (ENERGY STAR&reg;): $100 (not to exceed 50% of pump cost)</li>
      <li>Thermostat (ENERGY STAR&reg;): $20 programmable; $40 Wi-Fi compatible</li>
    </ul>
  </li>

  <li><strong>Appliances &amp; Home Efficiency</strong>
    <ul>
      <li>Clothes Dryer (ENERGY STAR&reg;): $40</li>
      <li>Clothes Washer (ENERGY STAR&reg;): $40</li>
      <li>Dehumidifier (ENERGY STAR&reg;): $30</li>
      <li>Dishwasher (ENERGY STAR&reg;): $40</li>
      <li>Refrigerator/Freezer (ENERGY STAR&reg;): $100 with qualifying recycle; $35 new only</li>
      <li>Air Purifier (ENERGY STAR&reg;): $35</li>
      <li>Ceiling Fan (ENERGY STAR&reg;): $10</li>
      <li>Ceiling Fan with Integral LED (ENERGY STAR&reg;): $20</li>
      <li>Tier II Advanced Power Strip: $20</li>
      <li>Variable-Speed Pool Pump (E.F. &lt; 3.8): $200</li>
      <li>WaterSense Toilet (1.28 gpf or fewer): $25</li>
      <li>WaterSense Smart Irrigation Controller: up to 50% of device + install (not to exceed $250)</li>
    </ul>
  </li>

  <li><strong>Lighting &amp; Lighting Controls</strong>
    <ul>
      <li>LED Bulbs (screw-in; ENERGY STAR&reg;): $2/bulb (up to 50% of cost)</li>
      <li>Outdoor LED Fixtures (ENERGY STAR&reg;): up to $15/fixture (up to 50% of cost)</li>
      <li>LED Holiday Lighting (ENERGY STAR&reg;): $10/string (up to 50% of cost)</li>
      <li>Custom Lighting (ENERGY STAR&reg;): $0.20/watt reduced (up to 50% of cost)</li>
      <li>Lighting Controls (ENERGY STAR&reg;): $15/control (up to 50% of cost)</li>
    </ul>
  </li>

  <li><strong>Electric Vehicle Charger</strong>
    <ul>
      <li>Level 2 (240-V) Home EV Charger: up to $700 toward purchase &amp; installation (200-amp bypass meter socket and inspection required)</li>
    </ul>
  </li>
</ul>; Maximum Incentive: ; Eligible System Size: ; Equipment Requirements: See website for detailed information.; Installation Requirements: ; Ownership of Renewable Energy Credits: ",https://www.ermumn.com/programs-rebates/residential-rebates,"November 11, 2025",08/07/2006
3348,updated,True,MN,Financial Incentive,Rebate Program,Utility,Hutchinson Utilities Commission - Residential Energy Efficiency Program,Hutchinson Utilities Commission,Air conditioners; Ceiling Fan; Clothes Washers; Dehumidifiers; Dishwasher; Dual Fuel Air-Source Heat Pump; Geothermal Heat Pumps; Heat pumps; Level-2 Electric Vehicle Service Equipment; Lighting; Programmable Thermostats,Incentive : 25.0000 $; Incentive min: 40.0000 $; Incentive max: 350.0000 $; Incentive : 25.0000 $; Incentive min: 25.0000 $; Incentive max: 200.0000 $; Incentive : 25.0000 $; Incentive : 500.0000 $; Incentive min: 150.0000 $; Incentive max: 1050.0000 $; Incentive min: 250.0000 $; Incentive max: 400.0000 $; Incentive : 200.0000 $/ton; Incentive : 25.0000 $; Incentive : 4.0000 $/Unit,"<p>&#10;&#9;Hutchinson Utilities Commission (HUC) offers a variety of rebates to residents of Hutchinson who perform energy conservation improvements to their home. Rebates are available for a variety of energy efficient equipment including furnaces, boilers, air conditioners, geothermal and air-source heat pumps, water heaters, clothes washers and dryers, dehumidifiers, programmable thermostats, and LED lighting. All equipment must meet certain energy efficiency standards listed on the program website. Rebates are also available for central air conditioner tune-ups. The rebate applications must include an original itemized sales receipt and are processed on a first-come, first-served basis. Visit the program website for more information.</p>","Incentive Amount: Air Cleaner: $25<br />
Ceiling Fan: $25<br />
Central Air Conditioner: $40<br />
Clothes Washer: $25<br />
Dehumidifier: $25 - $200<br />
Dishwasher: $25<br />
Electric Vehicle Chargers: $500<br />
Air-source heat pump (electric backup): $150 – $350<br />
Air-source heat pump (gas/propane backup): $600 – $1,050<br />
Central air conditioner: $250 - $350<br />
Mini-split heat pump: $250 – $400 per outdoor unit<br />
Mini-split air conditioner: $150 – $200 per outdoor unit<br />
Central A/C or heat pump tune-up: $40<br />
Geothermal heat pump: $200/ton<br />
ENERGY STAR Smart thermostat: $25<br />
Heat pump water heater: $200<br />
ECM domestic hot water recirculating pumps: $75 – $900<br />
Residential Lighting: $4 per fixture<br />
Room Air Conditioner: $75<br />
Programmable Thermostat: $25<br />; Maximum Incentive: ; Eligible System Size: ; Equipment Requirements: ; Installation Requirements: ; Ownership of Renewable Energy Credits: ",https://www.brightenergysolutions.com/members/hutchinson-utilities-commission?rebates=residential,"October 14, 2025",04/16/2009
2251,updated,True,MN,Financial Incentive,Rebate Program,Utility,Minnesota Valley Electric Cooperative - Residential Energy Efficiency Rebate Program,Minnesota Valley Electric Cooperative,Air conditioners; Clothes Washers; Dishwasher; Dual Fuel Air-Source Heat Pump; Ductless Mini-Split Heat Pump; Geothermal Heat Pumps; Heat Pump Water Heater; Level-2 Electric Vehicle Service Equipment; Programmable Thermostats; Refrigerators/Freezers; Water Heaters,Incentive : 25.0000 $; Incentive : 500.0000 $; Incentive : 200.0000 $/ton; Incentive : 300.0000 $; Incentive : 100.0000 $; Incentive : 50.0000 $; Incentive : 600.0000 $; Incentive : 600.0000 $; Incentive : 150.0000 $,"<p>&#10;&#9;Minnesota Valley Electric Cooperative (MVEC) offers financial incentives to encourage energy efficiency within the residential sector. Rebates are available for a variety of equipment including air-source heat pumps, ground-source heat pumps, Energy Star appliances, and electric resistance heating products. Contact MVEC for more information on this program and eligibility requirements.</p>","Incentive Amount: <ul>
  <li><b>Home Appliances</b>
    <ul>
      <li>Clothes Washer — $25</li>
      <li>Dishwasher — $25</li>
      <li>Freezer — $25</li>
      <li>Refrigerator — $25</li>
    </ul>
  </li>
  <li><b>Outdoor Electric Lawn Equipment</b>
    <ul>
      <li>Residential equipment — $30–$200</li>
      <li>Home-based lawn care businesses — $100–$800</li>
    </ul>
  </li>
  <li><b>Ducted Heat Pumps</b>
    <ul>
      <li>Air Source Heat Pump — $500</li>
      <li>Ground Source Heat Pump — $200/ton (max 5 tons)</li>
    </ul>
  </li>
  <li><b>Ductless Heat Pumps</b> — $300</li>
  <li><b>Air Conditioners</b> — $100</li>
  <li><b>Wi-Fi Thermostats</b> — $50</li>
  <li><b>Electronically Commutated Motor or Pump (ECM)</b> — $50</li>
  <li><b>MVEC Purchased Electric Water Heater</b> — $600</li>
  <li><b>Electric Heating Products</b> — $10/kW</li>
  <li><b>Heat Pump Water Heater</b> — $600</li>
  <li><b>Central Air or Heat Pump Tune-Ups</b> — $25</li>
  <li><b>EV24 Electric Vehicle Charger Installations</b> — $150 per port</li>
</ul>; Maximum Incentive: ; Eligible System Size: ; Equipment Requirements: See program website.; Installation Requirements: ; Ownership of Renewable Energy Credits: ",https://www.mvec.net/rebates-3/,"October 31, 2025",09/21/2006
2252,updated,True,MN,Financial Incentive,Loan Program,Utility,Minnesota Valley Electric Cooperative -Residential Energy Resource Conservation Loan Program,Minnesota Valley Electric Cooperative,,,<p>&#10;&#9;Minnesota Valley Electric Cooperative offers low-interest loans to help residential customers finance energy efficiency improvements through the Energy Conservation Loan Program. More information and l<span>oan applications can be accessed from the website listed above. This program is available for replacement items only. Loans are not available for new homes.<br/></span></p>,"Maximum Loan: $5,000; Loan Term: Repayment: up to 5 years<br />
Minimum monthly payments are $25.00; Interest Rate: 3.5%",https://www.mvec.net/finance-an-energy-project/,"October 31, 2025",09/21/2006
2548,updated,True,MN,Financial Incentive,Rebate Program,Utility,New Prague Utilities Commission - Residential Energy Efficiency Rebate Program,New Prague Utilities Commission,Air conditioners; Clothes Washers; Dehumidifiers; Dishwasher; Dual Fuel Air-Source Heat Pump; Geothermal Heat Pumps; Heat Pump Clothes Dryer; Heat Pump Water Heater; LED Lighting; Level-2 Electric Vehicle Service Equipment; Programmable Thermostats; Refrigerators/Freezers,Incentive : 50.0000 % of cost; Incentive max: 20.0000 $; Incentive min: 25.0000 $; Incentive max: 75.0000 $; Incentive min: 25.0000 $; Incentive max: 40.0000 $; Incentive : 25.0000 $; Incentive : 40.0000 $; Incentive min: 90.0000 $; Incentive max: 400.0000 $; Incentive min: 10.0000 $; Incentive max: 100.0000 $; Incentive min: 15.0000 $; Incentive max: 40.0000 $; Incentive : 15.0000 $; Incentive min: 25.0000 $; Incentive max: 50.0000 $; Incentive min: 20.0000 $; Incentive max: 60.0000 $; Incentive : 200.0000 $/ton,"<p>Southern Minnesota Municipal Power Agency (SMMPA) is a joint-action agency which generates and sells reliable electricity at wholesale to its eighteen non-profit, municipally-owned member utilities, and develops innovative products and services to help them deliver value to customers. With help from SMMPA, New Prague Public Utilities provides incentives for residential and commercial customers to improve the energy efficiency of homes. Rebates are available for qualified dishwashers, clothes washers, air conditioners (central and room), lighting, heat pumps (air-source and geothermal), dehumidifiers, refrigerators, and freezers. Appliances must be ENERGY STAR to qualify for the rebate, and bonus incentives are available in some cases if the old working appliance is properly recycled. Specific program details and requirements can be found on the website listed above.</p>","Incentive Amount: <ul>
  <li><b>LED Downlights</b> — 50% of cost up to $20</li>
  <li><b>LED Fixtures</b> — 50% of cost up to $20</li>
  <li><b>Refrigerators</b> — $25 plus up to $50 recycling rebate</li>
  <li><b>Freezers</b> — $25 plus up to $50 recycling rebate</li>
  <li><b>Dishwashers</b> — $25 - $40</li>
  <li><b>Clothes Washers</b> — $25 - $40</li>
  <li><b>Heat Pump Clothes Dryers</b> — $25 (single family), $40 (multifamily common)</li>
  <li><b>Washer-Dryer Combos</b> — $25–$50 depending on dryer type; $65 with heat pump dryer</li>
  <li><b>Heat Pump Water Heaters</b> — $90–$400</li>
  <li><b>Smart Thermostats</b> — $10–$100</li>
  <li><b>Dehumidifiers</b>
    <ul>
      <li>No recycling — $15</li>
      <li>With recycling — $25 plus up to $15 for recycling</li>
    </ul>
  </li>
  <li><b>Electric-Assisted Bicycles (e-Bikes)</b> — $150</li>
  <li><b>Battery-Powered Outdoor Equipment</b>
    <ul>
      <li>Push/Walk-Behind Lawn Mowers — $50</li>
      <li>Riding Lawn Mowers — $100</li>
      <li>Lawn Trimmers — $10</li>
      <li>Leaf Blowers — $10</li>
      <li>Chainsaws — $10</li>
    </ul>
  </li>
  <li><b>Level 2 EV Chargers</b> — $15</li>
  <li><b>EV Charging Rate Enrollment</b> $150 — $500</li>
  <li><b>Efficient Furnace Fan Motors</b> — $50</li>
  <li><b>ECM Circulator Pumps</b> — $50 - $600</li>
  <li><b>Room Air Conditioners</b> — $25 plus up to $25 recycling rebate (limit 2 per account)</li>
  <li><b>Central Air Conditioners & Air Source Heat Pumps</b> — $20–$60 (tune-up rebate)</li>
  <li><b>Ground Source Heat Pumps</b> — $200 per ton plus $20/ton for each 1 EER above minimum</li>
</ul>; Maximum Incentive: ; Eligible System Size: ; Equipment Requirements: See program website; Installation Requirements: ; Ownership of Renewable Energy Credits: ",https://smmpa.com/members/new-prague,"November 3, 2025",05/24/2007
1943,updated,True,MN,Financial Incentive,Rebate Program,Utility,New Ulm Public Utilities - Energy Efficiency Rebate Program,New Ulm Public Utilities,Air conditioners; Boilers; Ceiling Fan; Clothes Washers; Dehumidifiers; Dishwasher; Dual Fuel Air-Source Heat Pump; Electric Clothes Dryer; Furnaces; Heat pumps; LED Lighting; Lighting; Programmable Thermostats; Refrigerators/Freezers,Incentive min: 125.0000 $; Incentive max: 500.0000 $; Incentive min: 200.0000 $; Incentive max: 700.0000 $; Incentive : 50.0000 $; Incentive : 50.0000 $; Incentive : 15.0000 $; Incentive : 25.0000 $; Incentive : 40.0000 $; Incentive max: 50.0000 % of cost; Incentive : 40.0000 $; Incentive : 25.0000 $; Incentive min: 150.0000 $; Incentive max: 275.0000 $; Incentive min: 30.0000 $; Incentive max: 75.0000 $; Incentive min: 140.0000 $; Incentive max: 320.0000 $; Incentive : 0.3000 $/W,,"Incentive Amount: <b><a href=""https://www.newulmmn.gov/DocumentCenter/View/3353/NUPU-Rebate-Quick-Facts""> 2025 Rebates</a></b>
<ul>
  <li><b>HVAC (ASHP Replacement)</b>
    <ul style=""margin-left: 20px;"">
      <li>Electric Heat: $900–$2,200</li>
      <li>Air Source Heat Pump: $125–$500</li>
      <li>Through-Wall Heat Pump: $200–$700</li>
      <li>Natural Gas or Other: $100–$200</li>
    </ul>
  </li>

  <li><b>Energy Star Appliances &amp; Lighting</b>
    <ul style=""margin-left: 20px;"">
      <li>Clothes Washer: $50</li>
      <li>Electric Clothes Dryer: $50</li>
      <li>Dehumidifier: $15</li>
      <li>Dishwasher: $25</li>
      <li>Refrigerator: $40</li>
      <li>Freezer: $40</li>
      <li>Residential LED Bulbs: up to 50% of purchase, max $7 per bulb</li>
      <li>Residential LED Fixtures: up to 50% of purchase, max $20 per fixture</li>
      <li>LED Ceiling Fans: up to 50% of purchase, max $15 per fixture</li>
    </ul>
  </li>

  <li><b>Holiday LED Lights</b>
    <ul style=""margin-left: 20px;"">
      <li>$5 (Chamber Dollars) per string; max 5 strings per customer</li>
    </ul>
  </li>

  <li><b>Central AC Clean &amp; Check</b>
    <ul style=""margin-left: 20px;"">
      <li>$40 utility bill credit</li>
    </ul>
  </li>

  <li><b>Furnace/Boiler Check &amp; Clean</b>
    <ul style=""margin-left: 20px;"">
      <li>$25 utility bill credit</li>
    </ul>
  </li>

  <li><b>Water Heaters</b>
    <ul style=""margin-left: 20px;"">
      <li>Storage Water Heater (UEF = 0.81): $250</li>
      <li>Instantaneous Water Heater (UEF = 0.95): $250</li>
    </ul>
  </li>

  <li><b>Furnaces</b>
    <ul style=""margin-left: 20px;"">
      <li>New Construction: 95% AFUE — $125; 97% AFUE — $150</li>
      <li>Retrofit: 92% AFUE — $100; 95% AFUE — $275</li>
    </ul>
  </li>

  <li><b>Smart Thermostats</b>
    <ul style=""margin-left: 20px;"">
      <li>Wi-Fi (Non-ENERGY STAR): $30</li>
      <li>Wi-Fi (ENERGY STAR): $75</li>
    </ul>
  </li>

  <li><b>Central Air (minimum 16 SEER2)</b>
    <ul style=""margin-left: 20px;"">
      <li>&le; 20,000 BTU/h: $140 (16.0) • $160 (17.0) • $180 (18.0) • $200 (19.0) • $220 (20.0) • $240 (21.0)</li>
      <li>&gt; 20,000 BTU/h: $220 (16.0) • $240 (17.0) • $260 (18.0) • $280 (19.0) • $300 (20.0) • $320 (21.0)</li>
    </ul>
  </li>

  <li><b>Commercial Lighting (Existing Facilities)</b>
    <ul style=""margin-left: 20px;"">
      <li>$0.30 per watt saved</li>
    </ul>
  </li>

  <li><b>District Energy (Steam Heat)</b>
    <ul style=""margin-left: 20px;"">
      <li>50% of project cost up to $7,500 (for repairs/modernization)</li>
    </ul>
  </li>
</ul>; Maximum Incentive: ; Eligible System Size: ; Equipment Requirements: See program website.; Installation Requirements: ; Ownership of Renewable Energy Credits: ",https://www.newulmmn.gov/206/Energy-Rebates,"October 27, 2025",08/09/2006
4586,updated,True,MN,Financial Incentive,Rebate Program,Utility,Otter Tail Power Company - Residential Energy Efficiency Rebate Program,Customer Service,Air conditioners; Attic Insulation; Clothes Washers; Dehumidifiers; Dishwasher; Ducted Mini-Split Heat Pump; Ductless Mini-Split Heat Pump; Electric Clothes Dryer; Electrical Panel; General Air Sealing; Geothermal Heat Pumps; Heat Pump Clothes Dryer; Heat Pump Water Heater; Heat pumps; Induction Cooking Appliance; Level-2 Electric Vehicle Service Equipment; Passenger Electric Vehicles; Plug-in Electric Hybrid Vehicles; Programmable Thermostats; Refrigerators/Freezers; Wall Insulation; Water Heaters; Windows,Incentive min: 100.0000 $; Incentive max: 150.0000 $; Incentive : 200.0000 $; Incentive : 50.0000 $; Incentive : 25.0000 $; Incentive max: 1000.0000 $; Incentive min: 1500.0000 $; Incentive max: 3000.0000 $; Incentive min: 750.0000 $; Incentive max: 1500.0000 $; Incentive : 25.0000 $; Incentive : 500.0000 $; Incentive max: 150.0000 $/Unit; Incentive min: 300.0000 $/ton; Incentive max: 1240.0000 $/ton; Incentive min: 600.0000 $/ton; Incentive max: 840.0000 $/ton; Incentive min: 800.0000 $/ton; Incentive max: 1040.0000 $/ton; Incentive min: 1200.0000 $/ton; Incentive max: 1640.0000 $/ton; Incentive max: 1000.0000 $; Incentive max: 1000.0000 $; Incentive max: 800.0000 $; Incentive min: 35.0000 $; Incentive max: 150.0000 $; Incentive min: 100.0000 $; Incentive max: 400.0000 $,"<p>&#10;&#9;Otter Tail Power Company Rebate Program offers rebates to qualifying residential customers for the installation of high-efficiency equipment upgrades. Under Minnesota's Conservation Improvement Plan (CIP), Minnesota customers are eligible for rebates for a variety of measures, including:</p>&#10;<ul>&#10;&#9;<li>&#10;&#9;&#9;Water heating </li><li>Insulation and Air Sealing</li>&#10;&#9;<li>&#10;&#9;&#9;Thermal storage </li>&#10;&#9;<li>Appliance recycling <br/></li><li><span>Heat Pumps</span><br/></li>&#10;&#9;<li>Lighting </li><li>Smart thermostats</li>&#10;</ul>&#10;<p>&#10;&#9;Information regarding rebate program eligibility and product and equipment requirements may be found on the website listed above.</p>","Incentive Amount: Air Conditioner: $100 - $150<br />
Heat Pump Water Heaters: $200<br />
Refrigerators: $50<br />
Chests or upright freezers: $50<br />
Dishwashers: $50<br />
Clothes washers: $50<br />
Electric clothes dryers: $50<br />
Heat pump clothes dryers: $50<br />
Induction cooktops or ranges with induction cooktops: $50<br />
Air Purifiers: $25<br />
Dehumidifiers: $25<br />
Electric Heating: See <a href=""https://www.otpco.com/ways-to-save/programs/electric-heating-rebates/""> here</a><br />
Electrical Panel Upgrades: Up to $1,000<br />
Battery Electric Vehicles: $1,500 - $3,000<br />
Plug-in hybrid electric vehicle: $750 - $1,500<br />
Window: $25<br />
Level 2 Charger: $500<br />
Heat Pump Tune Up: $150<br />
Air Conditioner Tune Up: $75<br />
Cold-climate heat pump (ductless): $600 - $840 per ton<br />
Cold-climate heat pump (ducted): $800 - $1,040 per ton<br />
Standard Heat Pump: $300 -$500 per ton<br />
Air-to-water heat pump: $800 - $1,240 per ton<br />
Geothermal heat pump (Residential): $1,200 - $1,640<br />
Wall insulation: Up to $1,000<br />
Attic insulation: Up to $1,000<br />
Air Sealing: Up to $800<br />
Lighting: See <a href=""https://www.otpco.com/ways-to-save/programs/lighting-retrofit/""> here</a><br />
Electrical outdoor equipment: $25 - $750<br />
Smart Thermostat Upgrade: $35 - $150<br />
Thermal storage: Up to $75 per kW<br />
Water Heater: $100 - $400<br />; Maximum Incentive: ; Eligible System Size: ; Equipment Requirements: See program website.; Installation Requirements: ; Ownership of Renewable Energy Credits: ",https://www.otpco.com/ways-to-save/residential/programs/,"November 11, 2025",05/28/2006
2552,updated,True,MN,Financial Incentive,Rebate Program,Utility,Preston Public Utilities - Residential Energy Efficiency Rebate Program,Preston Public Utilities,Air conditioners; Clothes Washers; Dehumidifiers; Dishwasher; Dual Fuel Air-Source Heat Pump; Heat Pump Clothes Dryer; LED Lighting; Level-2 Electric Vehicle Service Equipment; Programmable Thermostats; Refrigerators/Freezers,Incentive : 50.0000 % of cost; Incentive max: 20.0000 $; Incentive min: 25.0000 $; Incentive max: 75.0000 $; Incentive min: 25.0000 $; Incentive max: 40.0000 $; Incentive min: 10.0000 $; Incentive max: 100.0000 $; Incentive min: 15.0000 $; Incentive max: 40.0000 $; Incentive : 15.0000 $; Incentive min: 20.0000 $; Incentive max: 60.0000 $,"<p>&#10;&#9;Southern Minnesota Municipal Power Agency (<a href=""http://www.smmpa.com"" target=""_blank"" title=""Southern Minnesota Municipal Power Agency"">SMMPA</a>) is a joint-action agency which generates and sells reliable electricity at wholesale to its seventeen non-profit, municipally-owned member utilities, and develops innovative products and services to help them deliver value to customers. With help from SMMPA, Preston Public Utilities provides incentives for residential and commercial customers to improve the energy efficiency of homes. Rebates are available for qualified dishwashers, clothes washers and dryers, air conditioners (central and room), lighting, heat pumps (air-source and geothermal), dehumidifiers, refrigerators, freezers, and furnace fan motors. Specific program details and requirements can be found on the website listed above.</p>","Incentive Amount: <ul>
  <li>LED Downlights: 50% of cost up to $20</li>
  <li>LED Fixtures: 50% of cost up to $20</li>
  <li>Refrigerators: $25 plus an additional rebate of up to $50 for recycling your old, working refrigerator</li>
  <li>Freezers: $25 plus an additional rebate of up to $50 for recycling your old, working freezer</li>
  <li>Dishwashers: $25–$40</li>
  <li>Clothes Washers: $25–$40</li>
  <li>Heat Pump Clothes Dryers: $25 (single family) / $40 (multifamily)</li>
  <li>Washer-Dryer Combos: $25–$50 depending on dryer type</li>
  <li>Heat Pump Water Heaters: $90–$400 (see form for details)</li>
  <li>Smart Thermostats: $10–$100 (see form for details)</li>
  <li>Dehumidifiers:
    <ul>
      <li>$15 (no recycling)</li>
      <li>$25 (with recycling) plus up to $15 additional recycling rebate</li>
    </ul>
  </li>
  <li>Electric-Assisted Bicycles (e-Bikes): $150</li>
  <li>Battery-Powered Outdoor Equipment:
    <ul>
      <li>Push/Walk-Behind Lawn Mowers: $50</li>
      <li>Riding Lawn Mowers: $100</li>
      <li>Lawn Trimmers: $10</li>
      <li>Leaf Blowers: $10</li>
      <li>Chainsaws: $10</li>
    </ul>
  </li>
  <li>EV Chargers (ENERGY STAR Level 2 Connected): $15</li>
  <li>Efficient Furnace Fan Motors: $50</li>
  <li>ECM Circulator Pumps: $50–$600 depending on wattage</li>
  <li>Room Air Conditioners: $25 (limit 2 per account) plus up to $25 recycling rebate</li>
  <li>Central Air Conditioners & Air Source Heat Pumps: $20–$60 depending on services provided</li>
  <li>Ground Source Heat Pumps: $200 per ton plus $20 per ton for each 1 EER above minimum efficiency</li>
  <li>Air Conditioner or Heat Pump Tune-Up: $20–$60 depending on services</li>
</ul>; Maximum Incentive: LED Light Fixtures: Up to $20 <br />
Room A/C: 2 per account <br />; Eligible System Size: ; Equipment Requirements: See program website; Installation Requirements: ; Ownership of Renewable Energy Credits: ",http://www.SaveEnergyInPreston.com,"November 12, 2025",05/24/2007
2555,updated,True,MN,Financial Incentive,Rebate Program,Utility,Princeton PUC - Residential Energy Efficiency Rebate Program,Princeton PUC,Air conditioners; Clothes Washers; Dehumidifiers; Dishwasher; Geothermal Heat Pumps; Heat Pump Clothes Dryer; Heat Pump Water Heater; LED Lighting; Level-2 Electric Vehicle Service Equipment; Programmable Thermostats; Refrigerators/Freezers,Incentive : 50.0000 % of cost; Incentive max: 20.0000 $; Incentive min: 25.0000 $; Incentive max: 75.0000 $; Incentive min: 25.0000 $; Incentive max: 40.0000 $; Incentive min: 90.0000 $; Incentive max: 400.0000 $; Incentive min: 10.0000 $; Incentive max: 100.0000 $; Incentive min: 15.0000 $; Incentive max: 40.0000 $; Incentive : 15.0000 $; Incentive min: 20.0000 $; Incentive max: 60.0000 $; Incentive : 200.0000 $/ton,"<p>Southern Minnesota Municipal Power Agency (SMMPA) is a joint-action agency which generates and sells reliable electricity at wholesale to its seventeen non-profit, municipally-owned member utilities, and develops innovative products and services to help them deliver value to customers. With help from SMMPA, Princeton PUC provides incentives for residential and commercial customers to improve the energy efficiency of homes. Rebates are available for qualified dishwashers, clothes washers, air conditioners (central and room), lighting, heat pumps (air-source and geothermal), dehumidifiers, refrigerators, and freezers. Appliances must be ENERGY STAR to qualify for the rebate, and bonus incentives are available in some cases if the old working appliance is properly recycled. Specific program details and requirements can be found on the website listed above.</p>","Incentive Amount: <ul>
  <li>LED Downlights: 50% of cost up to $20</li>
  <li>LED Fixtures: 50% of cost up to $20</li>
  <li>Refrigerators: $25 plus an additional rebate of up to $50 for recycling your old, working refrigerator</li>
  <li>Freezers: $25 plus an additional rebate of up to $50 for recycling your old, working freezer</li>
  <li>Dishwashers: $25–$40</li>
  <li>Clothes Washers: $25–$40</li>
  <li>Heat Pump Clothes Dryers: $25 (single family) / $40 (multifamily)</li>
  <li>Washer-Dryer Combos: $25–$50 depending on dryer type</li>
  <li>Heat Pump Water Heaters: $90–$400 (see rebate form for details)</li>
  <li>Smart Thermostats: $10–$100 (see rebate form for details)</li>
  <li>Dehumidifiers:
    <ul>
      <li>$15 (no recycling)</li>
      <li>$25 (with recycling) plus up to $15 additional recycling rebate</li>
    </ul>
  </li>
  <li>Electric-Assisted Bicycles (e-Bikes): $150</li>
  <li>Battery-Powered Outdoor Equipment:
    <ul>
      <li>Push/Walk-Behind Lawn Mowers: $50</li>
      <li>Riding Lawn Mowers: $100</li>
      <li>Lawn Trimmers: $10</li>
      <li>Leaf Blowers: $10</li>
      <li>Chainsaws: $10</li>
    </ul>
  </li>
  <li>EV Chargers (ENERGY STAR Level 2 Connected): $15</li>
  <li>Efficient Furnace Fan Motors: $50</li>
  <li>ECM Circulator Pumps: $50–$600 depending on wattage</li>
  <li>Room Air Conditioners: $25 (limit 2 per account) plus up to $25 recycling rebate</li>
  <li>Central Air Conditioners & Air Source Heat Pumps: $20–$60 depending on services provided</li>
  <li>Ground Source Heat Pumps: $200 per ton plus $20 per ton for each 1 EER above minimum efficiency</li>
  <li>Air Conditioner or Heat Pump Tune-Up: $20–$60 depending on services</li>
</ul>; Maximum Incentive: ; Eligible System Size: ; Equipment Requirements: See program website; Installation Requirements: ; Ownership of Renewable Energy Credits: ",http://www.SaveEnergyInPrinceton.com,"November 12, 2025",05/24/2007
2584,updated,True,MN,Financial Incentive,Rebate Program,Utility,Redwood Falls Public Utilities - Commercial & Industrial Energy Efficiency Rebate Program,Redwood Falls Public Utilities,Air conditioners; Chillers; Commercial Refrigeration Equipment; Compressed air; Custom/Others pending approval; Dishwasher; Dual Fuel Air-Source Heat Pump; Energy Mgmt. Systems/Building Controls; Food Service Equipment; Geothermal Heat Pumps; HVAC; Motor VFDs; Motors; Programmable Thermostats; Refrigerators/Freezers; Roofs,Incentive : 50.0000 $/ton; Incentive min: 3.0000 $/ton; Incentive max: 5.0000 $/ton; Incentive : 50.0000 $/Unit; Incentive min: 200.0000 $/horsepower; Incentive max: 400.0000 $/horsepower; Incentive min: 100.0000 $; Incentive max: 2200.0000 $; Incentive : 50.0000 $/ton; Incentive : 200.0000 $/ton; Incentive max: 50.0000 % of cost; Incentive max: 50.0000 $; Incentive min: 25.0000 $/Unit; Incentive max: 300.0000 $/Unit; Incentive : 30.0000 $/horsepower; Incentive min: 25.0000 $; Incentive max: 65.0000 $; Incentive min: 50.0000 $; Incentive max: 1000.0000 $; Incentive min: 100.0000 $; Incentive max: 125.0000 $; Incentive min: 300.0000 $; Incentive max: 1000.0000 $; Incentive : 0.0450 $/kWh (1 year),"<p>&#10;&#9;Southern Minnesota Municipal Power Agency (<a class=""summarylink"" href=""http://www.smmpa.com"" target=""_blank"" title=""SMMPA"">SMMPA</a>) is a joint-action agency which generates and sells reliable electricity at wholesale to its seventeen non-profit, municipally-owned member utilities, and develops innovative products and services to help them deliver value to customers. With help from SMMPA, Redwood Falls Public Utilities provides incentives for its commercial and industrial customers to improve the energy efficiency of facilities. Rebates are available for a variety of energy-efficient equipment including lighting, HVAC, replacement motors, variable speed drives, anti-sweat heater controls for cooler/freezer doors, food service equipment, and custom measures. Each type of equipment has minimum efficiency and performance ratings which must be met in order to qualify for the rebate. These requirements can be found in the forms provided on the program's website.</p>","Incentive Amount: <a href=""https://drive.google.com/file/d/1OvhMBJ4rn_XF5cTdt_pgO5mN_mKA0GXK/view?pli=1""> 2025 Rebate Summary</a><br />; Maximum Incentive: ; Eligible System Size: ; Equipment Requirements: See program website.; Installation Requirements: ; Ownership of Renewable Energy Credits: ",http://www.SaveEnergyInRedwoodFalls.com,"October 7, 2025",06/01/2007
2582,updated,True,MN,Financial Incentive,Rebate Program,Utility,Redwood Falls Public Utilities - Residential Energy Efficiency Rebate Program,Redwood Falls Public Utilities,Air conditioners; Clothes Washers; Dehumidifiers; Dishwasher; Geothermal Heat Pumps; Heat Pump Clothes Dryer; Heat Pump Water Heater; LED Lighting; Level-2 Electric Vehicle Service Equipment; Programmable Thermostats; Refrigerators/Freezers,Incentive : 50.0000 % of cost; Incentive max: 20.0000 $; Incentive min: 25.0000 $; System : 75.0000 None; Incentive : 25.0000 $; Incentive : 40.0000 $; Incentive min: 90.0000 $; Incentive max: 400.0000 $; Incentive min: 10.0000 $; Incentive max: 100.0000 $; Incentive min: 15.0000 $; Incentive max: 55.0000 $; Incentive : 50.0000 $; Incentive min: 20.0000 $; Incentive max: 60.0000 $; Incentive : 200.0000 $/ton,"<p>Southern Minnesota Municipal Power Agency (SMMPA) is a joint-action agency which generates and sells reliable electricity at wholesale to its seventeen non-profit, municipally-owned member utilities, and develops innovative products and services to help them deliver value to customers. With help from SMMPA, Redwood Falls Public Utilities provides incentives for residential and commercial customers to improve the energy efficiency of homes. Rebates are available for qualified technologies such as, dishwashers, clothes washers, air conditioners (central and room), lighting, heat pumps (air-source and geothermal), dehumidifiers, refrigerators, and freezers. Appliances must be ENERGY STAR to qualify for the rebate, and bonus incentives are available in some cases if the old working appliance is properly recycled. Specific program details and requirements can be found on the website listed above.</p>","Incentive Amount: <ul>
  <li><b>Lighting</b>
    <ul>
      <li>LED Downlights — 50% of cost up to $20</li>
      <li>LED Fixtures — 50% of cost up to $20</li>
    </ul>
  </li>

  <li><b>Appliances</b>
    <ul>
      <li>Refrigerators — $25 + up to $50 recycling rebate</li>
      <li>Freezers — $25 + up to $50 recycling rebate</li>
      <li>Dishwashers — $25</li>
      <li>Clothes Washers — $40</li>
      <li>Heat Pump Clothes Dryers — $25</li>
      <li>Washer-Dryer Combos — $40</li>
      <li>Heat Pump Water Heaters — $90 – $400 (see rebate form for details)</li>
      <li>Smart Thermostats — $10 – $100 (see rebate form for details)</li>
      <li>Dehumidifiers — $15 – $25 + up to $15 recycling rebate</li>
    </ul>
  </li>

  <li><b>Electric-Assisted Equipment</b>
    <ul>
      <li>Electric-Assisted Bicycles (e-Bikes) — $150</li>
      <li>Battery-Powered Outdoor Equipment (Push/Walk-Behind Mowers, Riding Mowers, Trimmers, Leaf Blowers, Chainsaws) — $10 – $15 per unit</li>
    </ul>
  </li>

  <li><b>Electric Vehicles</b>
    <ul>
      <li>EV Chargers (ENERGY STAR Level 2 Connected) — $50</li>
    </ul>
  </li>

  <li><b>HVAC &amp; Heat Pumps</b>
    <ul>
      <li>Efficient Furnace Fan Motors — $50</li>
      <li>ECM Circulator Pumps — $50 – $600 (depends on wattage)</li>
      <li>Room Air Conditioners — $25 (+ up to $25 recycling rebate, limit 2 per account)</li>
      <li>Central Air Conditioners &amp; Air Source Heat Pumps — See rebate form for details</li>
      <li>Ground Source Heat Pumps — $200 per ton + $20 per ton for each 1 EER above minimum efficiency</li>
      <li>Air Conditioner/ASHP Tune-Up — $20 – $60 (depends on services provided)</li>
    </ul>
  </li>
</ul>; Maximum Incentive: LED Light Bulbs: $20 <br />
Room A/C: 2 per account <br />; Eligible System Size: ; Equipment Requirements: See program website; Installation Requirements: ; Ownership of Renewable Energy Credits: ",http://www.SaveEnergyInRedwoodFalls.com,"November 11, 2025",06/01/2007
2586,updated,True,MN,Financial Incentive,Rebate Program,Utility,Saint Peter Municipal Utilities - Residential Energy Efficiency Rebate Program,Saint Peter Municipal Utilities,Air conditioners; Clothes Washers; Dehumidifiers; Dishwasher; Dual Fuel Air-Source Heat Pump; Geothermal Heat Pumps; Heat Pump Clothes Dryer; Heat Pump Water Heater; LED Lighting; Level-2 Electric Vehicle Service Equipment; Programmable Thermostats; Refrigerators/Freezers,Incentive : 50.0000 % of cost; Incentive max: 20.0000 $; Incentive min: 25.0000 $; Incentive max: 75.0000 $; Incentive : 25.0000 $; Incentive : 40.0000 $; Incentive min: 25.0000 $; Incentive max: 40.0000 $; Incentive min: 90.0000 $; Incentive max: 400.0000 $; Incentive min: 10.0000 $; Incentive max: 100.0000 $; Incentive min: 15.0000 $; Incentive max: 50.0000 $; Incentive : 50.0000 $; Incentive min: 25.0000 $; Incentive max: 50.0000 $; Incentive min: 20.0000 $; Incentive max: 60.0000 $; Incentive min: 200.0000 $/ton; Incentive max: 400.0000 $/ton,"<p><span>Southern Minnesota Municipal Power Agency (SMMPA) is a joint-action agency which generates and sells reliable electricity at wholesale to its seventeen non-profit, municipally-owned member utilities, and develops innovative products and services to help them deliver value to customers. With help from SMMPA, Saint Peter Municiple Utilities provides incentives for residential and commercial customers to improve the energy efficiency of homes. Rebates are available for qualified dishwashers, clothes washers, air conditioners (central and room), lighting, heat pumps (air-source and geothermal), dehumidifiers, refrigerators, and freezers. Appliances must be ENERGY STAR to qualify for the rebate, and bonus incentives are available in some cases if the old working appliance is properly recycled. Specific program details and requirements can be found on the website listed above.</span><br/></p>","Incentive Amount: <ul>
  <li>LED Downlights: 50% of cost up to $20</li>
  <li>LED Fixtures: 50% of cost up to $20</li>
  <li>Refrigerators: $25 + up to $50 recycling bonus</li>
  <li>Freezers: $25 + up to $50 recycling bonus</li>
  <li>Dishwashers: $25</li>
  <li>Clothes Washers: $40</li>
  <li>Heat Pump Clothes Dryers: $25–$40 (by dryer type)</li>
  <li>Washer–Dryer Combos: $65 (with heat pump dryer)</li>
  <li>Heat Pump Water Heaters: $90–$400</li>
  <li>Smart Thermostats: $10–$100</li>
  <li>Dehumidifiers: $15 (no recycling) or $25 (with recycling) + up to $15 recycling bonus</li>
  <li>Electric-Assisted Bicycles (e-Bikes): $150</li>
  <li>Battery-Powered Outdoor Equipment
    <ul>
      <li>Push/Walk-Behind Lawn Mowers: $50</li>
      <li>Riding Lawn Mowers: $100</li>
      <li>Lawn Trimmers: $10</li>
      <li>Leaf Blowers: $10</li>
      <li>Chainsaws: $10</li>
    </ul>
  </li>
  <li>EV Chargers: $50</li>
  <li>Efficient Furnace Fan Motors: $50</li>
  <li>ECM Circulator Pumps: $50–$600 (by wattage)</li>
  <li>Room Air Conditioners: $25 (limit 2) + up to $25 recycling bonus</li>
  <li>Central Air Conditioners & Air Source Heat Pumps: See rebate form for rebate details</li>
  <li>Central AC & Air-Source Heat Pump Tune-Up: $20–$60</li>
  <li>Ground Source Heat Pumps: $200/ton + $20/ton for each 1 EER above minimum (up to $400/ton)</li>
</ul>; Maximum Incentive: ; Eligible System Size: ; Equipment Requirements: See program website; Installation Requirements: ; Ownership of Renewable Energy Credits: ",http://www.SaveEnergyInSaintPeter.com,"October 31, 2025",06/01/2007
1947,updated,True,MN,Financial Incentive,Rebate Program,Utility,Shakopee Public Utilities - Residential Energy Efficiency Rebate Program,Shakopee Public Utilities,Air conditioners; Clothes Washers; Dishwasher; Geothermal Heat Pumps; Heat pumps; LED Lighting; Refrigerators/Freezers,Incentive : 75.0000 $; Incentive : 50.0000 $; Incentive : 50.0000 $; Incentive : 500.0000 $; Incentive : 500.0000 $; Incentive max: 25.0000 $,"<p>&#10;&#9;Shakopee Public Utilities offers its residential customers rebates on a variety of energy-efficient appliances and equipment. Rebates are available on a first come, first served basis while funds last for LED lighting,refrigerators, dishwashers, clothes washers, Central A/C, heat pumps, and select appliance recycling. All rebate applications must include a receipt that provides proof of purchase (information needed: store name, customer name, date of sale, manufacturer name, model number, and date of installation).  Additionally all appliances need to be ENERGY STAR rated, and if applicable, must have UPC labels; proof of SEER, EER, and HSPF; and proof of recycling.  For specific program details for your town and requirements, and to view rebate application forms, please visit the program website.</p>","Incentive Amount: Refrigerator: $75<br />
Clothes Washer: $50<br />
Dishwasher: $50<br />
Refrigerator/Freezer Recycling: $30<br />
Central A/C: $500<br />
Air Source Heat Pump: $500 <br />
Ground Source Heat Pump: $500<br />
Ductless Air Conditioning and Heat Pumps: $500 <br />
LED Bulbs and Strings: Max $25<br>; Maximum Incentive: LED Bulbs and strings: Max $25; Eligible System Size: ; Equipment Requirements: ; Installation Requirements: ; Ownership of Renewable Energy Credits: ",https://shakopeeutilities.com/residential/2024-residential-rebates-2/,"October 31, 2025",08/10/2006
3434,updated,True,MN,Financial Incentive,Loan Program,Utility,Stearns Electric Association - Energy Efficiency Loan Program,Stearns Electric Association,,,"<div>&#10;&#9;Stearns Electric Association, through a program offered by Rural Utilities Services, offers its members low-interest Energy Resource Conservation (ERC) loans. The complete cost of making approved energy conservation improvements may be eligible for financing with an ERC loan at 5% interest. Up to $5,000 for qualifying improvements to homes, businesses, or agricultural buildings at least one year old. The maximum repayment schedule is set at 60 months. Financed improvements to a residence must meet the criteria as outlined by the ERC loan program guidelines. Related costs for materials, equipment, and labor (if done by a contractor) are all eligible for financing. This includes the expenses for electrical wiring, the heating equipment, and/or duct work. A list of eligible measures can be found on the program application form located on the program website.<br/></div>&#10;<p>&#10;&#9; </p>","Maximum Loan: $5,000; Loan Term: $1,000: 20 months repayment<br />
$2,000: 40 months repayment<br />
$3,000: 60 months repayment<br />
$4,000: 60 months repayment<br />
$5,000: 60 months repayment<br />; Interest Rate: 5%",https://www.stearnselectric.org/programs-services/efficiency-loan/,"November 10, 2025",06/11/2009
1949,updated,True,MN,Financial Incentive,Rebate Program,Utility,Willmar Municipal Utilities - Residential Energy Efficiency Rebate Program,Willmar Municipal Utilities,Air conditioners; Ceiling Fan; Clothes Washers; Dehumidifiers; Dishwasher; Dual Fuel Air-Source Heat Pump; Geothermal Heat Pumps; Heat Pump Water Heater; Heat pumps; LED Lighting; Level-2 Electric Vehicle Service Equipment; Programmable Thermostats,Incentive : 25.0000 $; Incentive min: 40.0000 $; Incentive max: 400.0000 $; Incentive : 25.0000 $; Incentive min: 25.0000 $; Incentive max: 200.0000 $; Incentive : 25.0000 $; Incentive min: 150.0000 $; Incentive max: 500.0000 $; Incentive min: 150.0000 $; Incentive max: 1050.0000 $; Incentive min: 40.0000 $; Incentive max: 350.0000 $; Incentive : 200.0000 $/ton; Incentive : 25.0000 $; Incentive : 200.0000 $; Incentive : 4.0000 $,<p>&#10;&#9;WMU has partnered with Missouri River Energy Services for Residential rebates. Rebates are available for a variety of energy efficient equipment Which are listed above. All equipment must meet certain energy efficiency standards listed on the program website. Rebates are also available for maintenance on certain technologies. Visit the program website for more information.</p>,"Incentive Amount: <b>Home Rebates</b><br />
Air Cleaner: $25<br />
Ceiling fan: $25<br />
Central A/C or Heat Pump Tune-Up: $40<br />
Clothes Washer: $25<br />
Dehumidifier: $25 - $200<br />
Dishwasher: $25 <br />
Electric Vehicle Chargers: $150 - $500<br />
Air-source heat pump (electric backup): $150 - $350<br />
Air-source heat pump (gas/propane backup): $600 - $1,050<br />
Central air conditioner: $250 - $350<br />
Mini-split heat pump $250 - $400/unit<br />
Mini-split air conditioner: $150 - $200/unit<br />
Geothermal heat pump: $200/ton<br />
Energy Star smart thermostat: $25<br />
Heat-pump water heater: $200<br />
ECM domestic hot water recirculating pumps: $75 - $900<br />
LED recessed downlights: $4 per fixture<br />
Room Air Conditioner: $75<br />
Smart Thermostat: $25<br />; Maximum Incentive: See program website.; Eligible System Size: ; Equipment Requirements: See program website.; Installation Requirements: ; Ownership of Renewable Energy Credits: ",https://www.brightenergysolutions.com/members/willmar-municipal-utilities?rebates=residential,"November 11, 2025",08/10/2006
601,updated,True,MN,Financial Incentive,Sales Tax Incentive,State,Wind Energy Sales Tax Exemption,,,,"<p>&#10;&#9;Wind-energy conversion systems used as electric-power sources are exempt from Minnesota's sales tax. Materials used to manufacture, install, construct, repair or replace wind-energy systems also are exempt from the state sales tax. A &#34;wind energy conversion system&#34; (WECS) is defined as any device, such as a wind charger, wind mill or wind turbine, that converts wind energy to a form of usable energy.<br/>&#10;&#9;<br/>&#10;&#9;In order to claim the exemption, buyers must complete an exemption certificate (<a href=""https://www.revenue.state.mn.us/sites/default/files/2019-07/st3.pdf"" target="""">MN Dept. of Revenue Form ST3 - Certificate of Exemption</a>) and supply it to the equipment seller.</p>",Incentive Amount: 100% of sales tax; Maximum Incentive: None specified; Equipment Requirements: See summary below for eligible equipment,,"January 12, 2026",11/29/2001
151,updated,True,MN,Financial Incentive,Property Tax Incentive,State,Wind and Solar-Electric (PV) Systems Exemption,,,,"<p>&#10;&#9;<span style=""color: black;"">All real and personal property of wind energy systems are exempt from the state's property tax, except for the land on which the wind energy system is located. Under <a href=""https://www.revisor.mn.gov/laws/2014/0/Session+Law/Chapter/308/"">H.B. 3167</a>, beginning with taxes payable in 2015, personal property consisting of solar energy generating systems is exempt from property taxation, but the real property (i.e., the land on which the solar energy generating system is located) is still subject to property tax. <span class=""apple-converted-space"">Wind and solar energy production taxes have replaced more typical forms of property tax</span>.</span><br/>&#10;&#9;<br/>&#10;&#9;<span><b><span>Wind</span></b></span></p>&#10;<p>&#10;&#9;<span style=""color: black;"">In lieu of a property tax on large wind-energy electricity generating systems, a production tax was implemented in 2002 for systems installed after January 1, 1991. The production tax for electricity generated by wind is:</span></p>&#10;<ul>&#10;&#9;<li>&#10;&#9;&#9;<span style=""color: black;"">$0.0012 per kilowatt-hour (kWh) for systems greater than 12 megawatts (MW) nameplate capacity, </span></li>&#10;&#9;<li>&#10;&#9;&#9;<span style=""color: black;"">$0.00036 per kWh for systems between 2 MW and 12 MW nameplate capacity, and </span></li>&#10;&#9;<li>&#10;&#9;&#9;<span style=""color: black;"">$0.00012 per kWh for systems between 0.25 MW and 2 MW nameplate capacity. </span></li>&#10;</ul>&#10;<p>&#10;&#9;<span style=""color: black;"">Wind systems less than 250 kW are exempt from the production tax, as are systems with a capacity of 2 MW or less that are owned by political subdivisions and systems located in a designated job opportunity building zone. The wind energy production tax is considered to be a personal property tax.</span><span></span></p>&#10;<p>&#10;&#9;<span style=""color: black;"">For 2006 - 2009 (Minn. Stat. § 272.029 Subd. 6), the revenue generated by the production tax was required to be distributed to local taxing districts as follows: 80% to counties; 14% to cities and townships; and 6% to school districts. For 2010 and thereafter, the distribution of revenues is set at 80% to counties and 20% to cities and townships. For further details, please see the Minnesota Department of Revenue's<span class=""apple-converted-space""> </span></span><a href=""http://www.revenue.state.mn.us/local_gov/prop_tax_admin/Pages/ptamanual.aspx"" target=""_blank""><span style=""color: black;"">Property Tax Administrators' Manual</span></a><span style=""color: black;"">.</span><br/>&#10;&#9;<br/>&#10;&#9;<span><span>Notably, a provision in a separate statute (Minn. Stat. § 272.028) allows a mutually agreeable alternative to be negotiated between the local government authority and the wind facility owner for the purpose of maintaining &#34;public infrastructure and services.&#34; For example, a lower tax might be negotiated by a local government in order to attract wind development.</span></span></p>&#10;<p>&#10;&#9;<b><span>Solar</span></b></p>&#10;<p>&#10;&#9;<span>In<span> lieu of a property tax on large solar energy generating systems, a production tax is set beginning with taxes payable in 2015. The production tax for electricity generated by solar is $1.20 per megawatt-hour (MWh) for systems exceeding 1 MW (AC); systems 1 MW (AC) or less are exempt from the production tax. The solar energy production tax is considered to be a personal property tax.</span></span></p><p><span></span></p><p>Aggregated generation systems with over 1 MW of capacity on the same or adjacent parcels is classified as tax Class 3a, &#34;Preferred Commercial,&#34; paying 1.5% on the first $150,000 of value and 2% on all additional valuation. <br/></p><p></p>&#10;<p>&#10;&#9;<span style=""color: black;"">The owner of applicable solar energy generating systems must file a report with the commissioner of revenue on or before January 15 annually; on or before February 28, the commissioner of revenue must notify the owner of the tax due to each county for the current year. </span></p>&#10;<p>&#10;&#9;<span style=""color: black;"">The distribution of revenues is set at 80% to counties and 20% to cities and townships.</span></p>","Incentive Amount: Solar: 100% exemption from personal property taxes; production tax in lieu<br>
Wind: 100% exemption from real and personal property taxes; Maximum Incentive: None; Eligible System Size: For wind, full exemption without compensating production tax limited to privately-owned systems of 250 kW or less and systems of 2 MW or less owned by political subdivisions.<br/> 

For solar, production tax does not apply to systems under 1 MW.; Equipment Requirements: ",,"October 8, 2025",01/01/2000
2249,updated,True,MN,Financial Incentive,Rebate Program,Utility,Wright-Hennepin Cooperative Electric Association - Residential Energy Efficiency Rebate Program,Wright-Hennepin Cooperative Electric Association,Dual Fuel Air-Source Heat Pump; Ductless Mini-Split Heat Pump; Geothermal Heat Pumps; Level-2 Electric Vehicle Service Equipment; Passenger Electric Vehicles; Pool Pumps; Water Heaters,Incentive : 500.0000 $; Incentive : 15.0000 $/kW; Incentive max: 1250.0000 $; Incentive max: 1950.0000 $; Incentive max: 675.0000 $; Incentive max: 200.0000 $; Incentive min: 200.0000 $; Incentive max: 400.0000 $,"<p>&#10;&#9;Wright-Hennepin Cooperative Electric Association provides financial incentives for its residential customers to purchase and install energy efficient HVAC equipment. Rebates are offered for qualified geothermal, air source, and ductless heat pumps, central air conditioners, ECM motors, pool pumps, and electric water heating. Rebates for air-source heat pumps and central air conditioners vary based upon system efficiency. All equipment must meet program requirements and be installed within Wright-Hennepin Cooperative Electric Association service territory. Rebates are issued as a credit on utility bills. More information, including rebate applications and a list of certified HVAC contractors, may be found on the website listed above.</p>","Incentive Amount: <b>2025 Rebates</b><br />
Electric Vehicle: up to $500<br />
Peak Shave Water Heating: $15/kW<br />
Metered Water Storage: Up to $200 or $300<br />
Quick Cash Water Heating: Up to $1,250<br />
Ground Source Heat Pump: Up to $1,950<br />
Air Source Heat Pump: Up to $675<br />
Ductless Air Source Heat Pump: Up to $200<br />
Pool Pump: $200 - $400<br />
Dual Fuel: $5/kW<br />
Electric Thermal Storage: $5/kW<br />
Electronically Commutated Motor(ECM): $50 per ECM up to 2 ECMs<br />
Electric lawn mower: $50 - $200<br />; Maximum Incentive: ; Eligible System Size: ; Equipment Requirements: See program website.; Installation Requirements: ; Ownership of Renewable Energy Credits: ",http://www.whe.org/for-my-home/resources/rebates.html,"November 11, 2025",09/20/2006
3030,updated,True,MO,Financial Incentive,Sales Tax Incentive,State,Sales Tax Holiday for Energy-Efficient Appliances,Missouri Department of Revenue,,,"<p>&#10;&#9;The state of Missouri offers consumers a seven-day exemption from state sales taxes on certain ENERGY STAR certified new appliances. The state sales tax holiday, known as the &#34;Show-Me Green Sales Tax Holiday,&#34; applies to ENERGY STAR-certified appliances up to $1,500 per appliance intended for either personal or business use.<br/>&#10;&#9;<br/>&#10;&#9;The sales tax holiday will last from April 19 - April 25 each year for the following appliances*:</p>&#10;<ul>&#10;&#9;<li>&#10;&#9;&#9;Clothes washers</li>&#10;&#9;<li>&#10;&#9;&#9;Clothes dryers</li>&#10;&#9;<li>&#10;&#9;&#9;Water heaters</li>&#10;&#9;<li>&#10;&#9;&#9;Trash compactors*</li>&#10;&#9;<li>&#10;&#9;&#9;Dishwashers</li>&#10;&#9;<li>&#10;&#9;&#9;Conventional ovens, ranges, and stoves*</li>&#10;&#9;<li>&#10;&#9;&#9;Air conditioners</li>&#10;&#9;<li>&#10;&#9;&#9;Furnaces</li>&#10;&#9;<li>&#10;&#9;&#9;Refrigerators</li>&#10;&#9;<li>&#10;&#9;&#9;Freezers</li><li>Heat pumps</li>&#10;</ul>&#10;<p>Cities, Counties, or Districts no longer have the option to not participate in the Show Me Green Sales Tax Holiday. All qualifying sales for the Show Me Green holiday will have a sales tax rate of zero percent and should be reported under the adjustment column of sales tax returns. The exemption does not apply to retailers if less than 2% of their merchandise qualifies for the holiday, in which case the retailer must offer customers a sales tax refund in lieu of the sales tax holiday. The state sales tax rate is 4.225% as of December 2024. Further information on local sales taxes is available from the DOR. </p><p>&#10;&#9;<i>*It is important to note that ovens, ranges, stoves, and trash compactors are not currently rated under the EPA ENERGY STAR system. Thus, although the statute anticipates that one day such items might be eligible, purchases of all such appliances are<b> not</b> currently eligible for the exemption and will be assessed sales tax at the normal rate.</i></p>","Incentive Amount: 100% sales tax exemption; Maximum Incentive: None, but sale price limited to $1,500 per appliance; Equipment Requirements: Appliances must be Energy Star certified",http://dor.mo.gov/business/sales/taxholiday/green/,"January 12, 2026",07/29/2008
1158,updated,True,MT,Financial Incentive,Corporate Tax Deduction,State,Deduction For Energy-Conserving Investment,Montana Department of Revenue,Building Insulation; Caulking/Weather-stripping; Custom/Others pending approval; Doors; Equipment Insulation; Heat recovery; Lighting; Lighting Controls/Sensors; Other EE; Programmable Thermostats; Windows,Incentive max: 3600.0000 $,"<p>&#10;&#9;A corporation may deduct a portion of the cost of a capital investment in a building that promotes energy conservation. If the building is a residence, the taxpayer may deduct up to $1,800; if the building is non-residential, the deduction may be up to $3,600. Energy conservation is defined as reducing the waste or dissipation of energy or reducing the amount of energy required to accomplish a given quantity of work. New construction must surpass established standards of new construction to be eligible for this deduction.</p>","Incentive Amount: If the installation or investment 	<br>
is made in a residential building: 	<br>
100% of first $1,000 expended 	<br>
50% of next $1,000 expended 	<br>
20% of next $1,000 expended 	<br>
10% of next $1,000 expended 	<br><br>

If the installation or investment is made<br>
in a building not used as a residence:<br>
100% of first $2,000 expended<br>
50% of next $2,000 expended<br>
20% of next $2,000 expended<br>
10% of next $2,000 expended <br>; Maximum Incentive: Residential: $1,800<br>
Non-Residential: $3,600; Equipment Requirements: ",https://mtrevenue.gov/publications/montana-form-cit-instructions/,"March 27, 2026",06/16/2005
2789,updated,True,MT,Financial Incentive,Industry Recruitment/Support,State,Property Tax Abatement for Production and Manufacturing Facilities,Montana Department of Revenue,,,"<p>&#10;&#9;In May 2007, Montana enacted legislation (H.B. 3) that allows a property tax abatement for new renewable energy production facilities, new renewable energy manufacturing facilities, and renewable energy research and development equipment. Eligible facilities and equipment are assessed at 50% of their taxable value.<br/>&#10;&#9;<br/>&#10;&#9;Qualifying renewable energy manufacturing facilities are those that (1) produce materials, components or systems to convert solar, wind, geothermal, biomass, biogas or waste heat resources into useful energy, and (2) whose annual production of renewable energy equipment makes up at least half of the facility's total production. Fuel cells and components of fuel cells that generate energy using non-fossil fuels are also eligible. Qualifying renewable energy production facilities include biomass gasification, biomass, biogas and geothermal facilities. Qualifying renewable energy research and development equipment is considered to be equipment used primarily for research and development of the efficient use of renewable energy sources.<br/>&#10;&#9;<br/>&#10;&#9;Under this policy, these facilities are assessed at 50% of their taxable value* for the construction period and the first 15 years after the facility commences operation, not to exceed 19 years. To qualify for the tax abatement, facilities must begin construction after June 1, 2007. Additionally, all renewable energy research and development equipment up to $1 million in value may qualify for a 50% property tax abatement if it is placed into service after June 30, 2007. The portion of the equipment used for renewable energy research and development in excess of $1 million in value does not qualify for the abatement. All production facilities, manufacturing facilities, and research and development equipment must be approved by the Montana Department of Environmental Quality in order to qualify for the abatement.<br/>&#10;&#9;<br/>&#10;&#9;For the purposes of this policy, &#34;renewable energy&#34; is defined as energy from solar, wind, geothermal, biomass, biogas, non petroleum-based fuel cells, and waste heat sources. &#34;Biomass&#34; means any renewable organic matter, including dedicated energy crops and trees, agricultural food and feed crops, agricultural crop wastes and residues, wood wastes and residues, aquatic plants, animal wastes, municipal wastes, and other organic waste materials.<br/>&#10;&#9;<br/>&#10;&#9;<i>*These types of facilities are categorized as “Class 14” property, which is taxed at 3% of the property’s market value. A facility that qualifies for the 50% property tax abatement is therefore subject to property tax equal to 1.5% of the property’s market value.</i></p>",Incentive Amount: 50% tax abatement; Maximum Incentive: ; Terms: ,https://archive.legmt.gov/bills/mca/title_0150/chapter_0240/part_0310/section_0110/0150-0240-0310-0110.html,"January 14, 2026",06/01/2007
154,updated,True,MT,Financial Incentive,Property Tax Incentive,State,Renewable Energy Systems Exemption,Montana Department of Revenue,Biomass; Fuel Cells using Renewable Fuels; Geothermal Direct-Use; Geothermal Electric; Geothermal Heat Pumps; Hydroelectric (Small); Landfill Gas; Municipal Solid Waste; Solar - Passive; Solar Photovoltaics; Solar Pool Heating; Solar Space Heat; Solar Thermal Electric; Solar Thermal Process Heat; Solar Water Heat; Wind (All); Wind (Small),Incentive : 100.0000 %; Incentive max: 10.0000 Years,"<p>&#10;&#9;Montana's property tax exemption for recognized non-fossil forms of energy generation and low emission wood or biomass combustion devices may be claimed for 10 years after installation of the property. The exemption is allowed for up to $20,000 in value for single-family residential dwellings and up to $100,000 in value for multi-family residential dwellings or non-residential structures. This property is class 4 property and otherwise would be taxed on 2.54% of assessed value in tax year 2013 and 2.47% in tax years after 2013.<br/>&#10;&#9;<br/>&#10;&#9;Recognized forms of energy generation include solar photovoltaics, passive solar, wind, solid waste, decomposition of organic wastes, geothermal, small hydropower plants, low-emission wood or biomass combustion systems, and fuel cells that do not require hydrocarbon fuel.<br/>&#10;&#9;<br/>&#10;&#9;Use Montana Department of Revenue Form <a href=""https://mtrevenue.gov/publications/application-for-tax-incentive-assessment-of-energy-generating-property-form-ab-14/"">AB-14</a> to claim this exemption.</p>","Incentive Amount: 100% for 10 years.; Maximum Incentive: Based on investment of $20,000 for single family, and on investment of $100,000 for multi-family, non-residential.; Eligible System Size: ; Equipment Requirements: ",https://mtrevenue.gov/publications/application-for-tax-incentive-assessment-of-energy-generating-property-form-ab-14/,"October 8, 2025",01/01/2000
183,updated,True,NC,Financial Incentive,Property Tax Incentive,State,Active Solar Heating and Cooling Systems Exemption,North Carolina Solar Center,,,"<p>
	Active solar heating and cooling systems may not be assessed at more than the value of a conventional system for property tax purposes. This law applies only to active solar systems and does not include any land or structural elements of buildings, such as walls and roofs, or other equipment ordinarily contained in a building. Specifically, a &quot;system&quot; includes all controls, tanks, pumps, heat exchangers and other equipment used directly and exclusively for the conversion of solar energy for heating or cooling. Systems placed on residential, commercial and industrial property are eligible for this exclusion.</p>",Incentive Amount: No more than conventional equipment; Maximum Incentive: None; Eligible System Size: ; Equipment Requirements: ,,"November 17, 2025",01/01/2000
2124,updated,True,NC,Financial Incentive,Rebate Program,Utility,Carteret-Craven Electric Cooperative - Residential Energy Efficiency Rebate Program,Carteret Craven Electric Cooperative,Heat Pump Water Heater,Incentive : 300.0000 $/Unit,"<p>&#10;&#9;Carteret Craven Electric Cooperative (CCEC) offers a variety of energy-efficiency improvement projects for their customers. Amongst them is the heat pump (hybrid) water heater. The model must be EnergyStar qualified, under 55 gallons and installed in a property served by the CCEC. A rebate of $300/unit is offered. See program site for details.<br/></p>",Incentive Amount: Heat Pump Water Heater: $300 per unit<br />; Maximum Incentive: ; Eligible System Size: See website; Equipment Requirements: ; Installation Requirements: ; Ownership of Renewable Energy Credits: ,https://www.ccemc.com/rebates,"October 30, 2025",09/05/2006
3721,updated,True,NC,Financial Incentive,Rebate Program,Utility,Dominion Energy (Gas) - Energy-Efficient Appliance Rebate Program,Dominion Energy,Boilers; Food Service Equipment; Furnaces; Programmable Thermostats; Tankless Water Heater; Water Heaters,Incentive : 100.0000 $; Incentive : 150.0000 $; Incentive min: 200.0000 $; Incentive max: 400.0000 $; Incentive : 200.0000 $; Incentive : 50.0000 $; Incentive min: 25.0000 $; Incentive max: 500.0000 $,"<p>Dominion Energy offers rebates to customers who purchase energy-efficient natural gas water heaters, furnaces, boilers, or space heaters. The rebate is available only when existing natural gas-fired water heating or heating equipment is replaced with more energy-efficient natural gas-fired equipment.</p>","Incentive Amount: <b>Commercial Equipment</b><br />
Gas Storage Water Heater: $100<br />
Gas Tankless Water Heater: $150<br />
Commercial-grade Gas Storage Water Heater: 2/k BTU<br />
Gas Furnace: $200 - $400<br />
Gas Boiler: $200<br />
Infrared Heat System: $500<br />
Smart Thermostat: $50<br />
<b>Commercial Foodservice Equipment</b><br />
Gas Convection Oven: $500<br />
Gas Commercial Fryer: $400<br />
Gas Griddle: $300<br />
Steam Cooker: $750<br />
Pre-Rinse Spray Valve: $25<br />; Maximum Incentive: ; Eligible System Size: ; Equipment Requirements: ; Installation Requirements: ; Ownership of Renewable Energy Credits: ",https://www.enbridgegas.com/north-carolina/save-energy/~/link.aspx?_id=DFE0B37C4EFF4826B63C82D64EFE6B35&_z=z,"October 14, 2025",10/02/2009
3465,updated,True,NC,Financial Incentive,Rebate Program,Utility,Duke Energy Carolinas - Residential Energy Efficiency Rebate Program,Customer Service,Air conditioners; Attic Insulation; Dual Fuel Air-Source Heat Pump; Duct Insulation; General Air Sealing; Geothermal Heat Pumps; Heat Pump Water Heater; Heat pumps; Pool Pumps; Programmable Thermostats,Incentive min: 200.0000 $; Incentive max: 500.0000 $; Incentive min: 350.0000 $; Incentive max: 900.0000 $; Incentive min: 700.0000 $; Incentive max: 900.0000 $; Incentive min: 2300.0000 $; Incentive max: 2500.0000 $; Incentive : 125.0000 $; Incentive : 500.0000 $; Incentive : 700.0000 $; Incentive : 350.0000 $; Incentive : 900.0000 $,"<p>The Smart $aver® program offers incentives for residential customers to increase their energy efficiency. Incentives are provided for qualifying heating and cooling equipment installation and service, attic insulation and attic air sealing, duct sealing, heat pump water heater, and pool pump. Duke Energy Carolinas electric residential retail customers residing in a single-family home, condominium, duplex, townhome, or mobile home are eligible for listed incentives, whereas specific eligibility requirements vary with technology. All incentives are paid after completion of the services. <br/></p>","Incentive Amount: Central Air Conditioner: $200 - $500<br>
Air-Source Heat Pump: $350 - $900<br>
Mini-split Heat Pump: $700 - $900<br />
Geothermal Heat Pump: $2,300 - $2,500<br>
Smart Thermostat: $125<br>
Heat Pump Water Heater: $500<br />
Attic Insulation & Air Sealing: $700<br />
Duct Sealing: $350<br />
Pool Pump: $900<br />; Maximum Incentive: ; Eligible System Size: ; Equipment Requirements: Must meet efficiency ratings detailed on program website; Installation Requirements: Must be installed by a Duke Energy Participating Trade Ally <br />
Eligibility requirement on home type varies with technologies.; Ownership of Renewable Energy Credits: ",https://www.duke-energy.com/home/products/smart-saver,"October 16, 2025",06/20/2009
3319,updated,True,NC,Financial Incentive,Loan Program,Utility,Four-County EMC - Residential Energy Efficiency Loan Program,Four County EMC,,,"<p>Four-County EMC offers the Comfort Loan Program to residential customers. This program offers financing for energy efficiency upgrades and replacements to existing equipment. The cooperative offers low fixed rates and up 100% purchase price financing, including taxes and installation. Members can receive a loan of up to $35,000.<br/></p><p>Eligible technologies include:</p><ul><li>Electric Heat Pumps</li><li>Weather Stripping</li><li>Electric/Solar Water Heaters</li><li>Insulation</li><li>Windows</li><li>Doors</li><li>Generators</li><li>Other EE<br/></li></ul><p>For more information and to apply to the program, click <a href=""https://electel.org/apply/energy-efficient-loans/"">here</a>.<br/></p>","Maximum Loan: $35,000; Loan Term: Up to 100% financing of the purchase price (including taxes, installation costs, etc.); Interest Rate: Low fixed rates are available",https://www.fourcty.org/energy-efficiency/energy-efficiency-loans/,"October 28, 2025",03/27/2009
2122,updated,True,NC,Financial Incentive,Loan Program,Utility,Lumbee River EMC - Residential Energy Efficiency Loan Program,Lumbee River Electric Membership Corporation,,,"<p>Lumbee River Electric Membership Corporation (LREMC) offers low interest loans through the ElecTel Cooperative Federal Credit Union to help residential members increase the energy efficiency of homes.  Loans up to $35,000 are available for the purchase and installation of:</p><ul><li>Efficient windows and doors</li><li>Heating and cooling units (heat pumps, gas packs, a/c units)</li><li>Generators</li><li>Solar projects</li><li>Water heaters (electric, solar, gas)</li><li>Insulation</li><li>Energy Star Appliances</li><li>Weatherization efforts<br/></li></ul><ul></ul>&#10;<p>For detailed program information, see ElecTel's website. Energy Efficient loans are primarily available to residential dwelling property owners only.  This may include single family residences, duplexes, and owner-occupied condominiums.<br/></p>","Maximum Loan: Loan Amount: $35,000 ($5,000 max. for mobile homes); Loan Term: Contact ElecTel Coop. for more details, low fixed rates offered.; Interest Rate: ",https://www.lumbeeriver.com/energy-efficient-loans,"October 28, 2025",09/05/2006
3467,updated,True,NC,Financial Incentive,Rebate Program,Utility,Lumbee River EMC - Residential Energy Efficiency Program,Lumbee River Electric Membership Corporation,Air conditioners; Duct Insulation; General Air Sealing; Geothermal Heat Pumps; Heat pumps; Insulation,Incentive : 15.0000 $; Incentive : 60.0000 $; Incentive : 250.0000 $; Incentive : 25.0000 $; Incentive : 50.0000 $; Incentive : 100.0000 $; Incentive : 100.0000 $,"<p>Lumbee River Electric Membership Corporation (LREMC) offers energy efficiency rebate programs to help members reduce energy use and save on electric bills. Residential members can qualify for rebates by installing energy-efficient heating and cooling systems or by completing home weatherization improvements such as insulation or air sealing. These programs are designed to encourage members to make smart energy choices that improve comfort and lower long-term energy costs.</p><p><br/></p><p>To learn more about available rebates, eligibility requirements, and application procedures,<span> contact Lumbee River EMC directly at 800-683-5571. Members can also email or call the cooperative’s energy services department for current rebate forms and program updates before starting a project.</span></p>","Incentive Amount: High efficiency central air conditioner: $15<br />
High efficiency heat pump: $60<br />
Geothermal heat pump: $250<br />
Air sealing: $25<br />
Duct sealing: $50<br />
Insulation: $100<br />; Maximum Incentive: ; Eligible System Size: <a href=""https://www.lumbeeriver.com/sites/default/files/documents/Heating-and-Cooling-Rebate-flyer%20update.pdf""> Heating and Cooling Rebate Form</a><br />
<a href=""https://www.lumbeeriver.com/sites/lumbeeriver/files/documents/2020-Weatherization-Rebate.pdf""> Weatherization Rebate Form</a>; Equipment Requirements: <a href=""https://www.lumbeeriver.com/sites/default/files/documents/Heating-and-Cooling-Rebate-flyer%20update.pdf""> Heating and Cooling Rebate Form</a><br />
<a href=""https://www.lumbeeriver.com/sites/lumbeeriver/files/documents/2020-Weatherization-Rebate.pdf""> Weatherization Rebate Form</a>; Installation Requirements: <a href=""https://www.lumbeeriver.com/sites/default/files/documents/Heating-and-Cooling-Rebate-flyer%20update.pdf""> Heating and Cooling Rebate Form</a><br />
<a href=""https://www.lumbeeriver.com/sites/lumbeeriver/files/documents/2020-Weatherization-Rebate.pdf""> Weatherization Rebate Form</a>; Ownership of Renewable Energy Credits: ",https://www.lumbeeriver.com/rebate-programs/,"October 17, 2025",06/21/2009
22748,updated,True,NC,Financial Incentive,Rebate Program,State,North Carolina - Home Electrification and Appliance Rebate (HEAR) Program,North Carolina Department of Environmental Quality,Building Insulation; Clothes Washers; Duct/Air sealing; Heat Pump Clothes Dryer; Heat Pump Water Heater; Heat pumps; Induction Cooking Appliance; Water Heaters,Incentive max: 8000.0000 $; Incentive max: 840.0000 $; Incentive max: 1750.0000 $; Incentive max: 1600.0000 $; Incentive max: 840.0000 $,"<p><i><b>Note: The Federal Inflation Reduction Act (IRA) created the Home Electrification and Appliance Rebate (HEAR) Program. The IRA established the main parameters for this program, but allowed the states to customize the program to meet their state-specific needs. The program is designed to award rebates for purchase of qualifying home electrification equipment and appliances. Residents earning less than 80% of the Area Median Income (<a href=""https://www.huduser.gov/portal/datasets/il.html"">AMI</a>) can receive the full rebate amount, and residents earning between 80% and 150% AMI can receive a partial rebate. See summary below and program website for complete details. </b></i></p><p>North Carolina launched its HEAR program in January 2025. Owners and renters of single- or multi-family homes, may qualify. As a first step, interested residents of North Carolina need to <a href=""https://energync.goeverblue.com/forms/prequalification-step-1"">confirm their income eligibility</a> for the program. Qualified participants can use the <a href=""https://energync.goeverblue.com/find_professional"">registered contractor finder</a>, filter for the products they want to install, and get quotes. Rebates are available for the following equipment types:</p><ul><li>Up to $8,000 for an ENERGY STAR® certified electric heat pump.</li><li><span>Up to $4,000 for an electrical panel.</span></li><li><span>Up to $2,500 for electrical wiring.</span></li><li><span>Up to $1,750 for an ENERGY STAR certified electric heat pump water heater.</span></li><li><span>Up to $1,600 for ENERGY STAR certified insulation, mechanical ventilation products and air sealing.</span></li><li><span>Up to $840 for an ENERGY STAR certified heat pump dryer or combo washer/dryer.</span><span> </span></li><li><span>Up to $840 for an ENERGY STAR certified electric range or cooktop.</span></li></ul><span></span><div><span><br/></span></div>See program website for complete details.","Incentive Amount: Incentive amount depends on household size and income level.<br /> <br />
Electric heat pumps: Up to $8,000<br />
Electrical panel: Up to $4,000<br />
Electrical wiring: Up to $2,500<br />
Electric heat pump water heater: Up to $1,750<br />
Insulation, mechanical ventilation products and air sealing: Up to $1,600 <br />
Heat pump dryer or combo washer/dryer: Up to $840<br />
 Electric range or cooktop: Up to $840 <br />; Maximum Incentive: ; Eligible System Size: ; Equipment Requirements: Appliances must be Energy Star certified; Installation Requirements: Must use a program approved contractor; Ownership of Renewable Energy Credits: ",https://energysavernc.org/,"May 26, 2026",01/16/2025
3036,updated,True,NC,Financial Incentive,Property Tax Incentive,State,Property Tax Abatement for Solar Electric Systems,N.C. Department of Revenue,,,"<p>
	In August 2008, North Carolina enacted legislation that exempts 80% of the appraised value of a &quot;solar energy electric system&quot; (also known as a photovoltaic, or PV, system) from property tax. For the purposes of this assessment, the term &quot;solar energy electric system&quot; means &quot;all equipment used directly and exclusively for the conversion of solar energy to electricity.&quot; This incentive is effective for taxable years beginning on or after July 1, 2008.</p>
<p>
	A Memorandum sent to County Commissioners in February 2011 clarified that residential PV systems that are not used to generate income or in connection with a business may be entirely exempt from property taxes as non-business personal property. The Memorandum provides further guidance for determining if a system can be exempted as non-business personal property. System owners should review the Memorandum and consult their local property assessment office if they have questions.</p>
<p>
	&nbsp;</p>","Incentive Amount: Residential systems: 100% of the appraised value<br />
All other systems: 80% of the appraised value; Maximum Incentive: ; Eligible System Size: ; Equipment Requirements: ",,"March 23, 2026",08/11/2008
3861,updated,True,NC,Financial Incentive,Rebate Program,Utility,South River EMC - Residential Energy Efficiency Rebate Program,South River EMC,Air conditioners; Comprehensive Measures/Whole Building; Dual Fuel Air-Source Heat Pump; Geothermal Heat Pumps; Heat Pump Water Heater; Insulation; Pool Pumps; Solar Water Heat; Windows,Incentive : 50.0000 $; Incentive min: 200.0000 $; Incentive max: 600.0000 $; Incentive : 300.0000 $; Incentive min: 100.0000 $; Incentive max: 200.0000 $; Incentive : 75.0000 $; Incentive : 300.0000 $; Incentive : 2.0000 $/square foot; Incentive max: 200.0000 $; Incentive : 200.0000 $; Incentive : 150.0000 $,"<p>South River EMC offers a variety of rebates encouragings its members to invest in energy efficient appliances, equipment, and home upgrades. Incentives are available for a variety of energy efficient products, which must have been purchased within 90 days of the rebate application's submission.</p><p>Be sure to check the program website listed above for detailed information on how to apply for these rebates and specific program requirements and guidelines.  Contact South River EMC with any questions.</p>","Incentive Amount: Pool Pumps: $50<br />
HERO Program: $200 - $600<br />
Weatherization: $300<br />
Air source heat pump: $100 - $200/unit<br />
Central AC: $75<br />
Geothermal Heat Pump: $300<br />
Windows: $2 per sq ft up to $200<br />
Solar Water Heater: $200<br />
Heat Pump Water Heater: $150<br />; Maximum Incentive: ; Eligible System Size: ; Equipment Requirements: ; Installation Requirements: ; Ownership of Renewable Energy Credits: ",https://www.sremc.com/rebates-efficiency-tips,"October 20, 2025",12/17/2009
3139,updated,True,ND,Financial Incentive,Rebate Program,Utility,Otter Tail Power Company - Energy Efficiency Rebate Program,Otter Tail Power Company,Air conditioners; Attic Insulation; Dehumidifiers; Ducted Mini-Split Heat Pump; Ductless Mini-Split Heat Pump; Electrical Panel; General Air Sealing; Geothermal Heat Pumps; Heat pumps; LED Lighting; Level-2 Electric Vehicle Service Equipment; Lighting; Lighting Controls/Sensors; Plug-in Electric Hybrid Vehicles; Programmable Thermostats; Refrigerators/Freezers; Wall Insulation; Water Heaters; Windows,Incentive max: 150.0000 $; Incentive : 150.0000 $; Incentive min: 600.0000 $/ton; Incentive max: 840.0000 $/ton; Incentive min: 800.0000 $/ton; Incentive max: 1040.0000 $/ton; Incentive min: 300.0000 $/ton; Incentive max: 500.0000 $/ton; Incentive min: 900.0000 $/ton; Incentive max: 1640.0000 $/ton; Incentive max: 1000.0000 $; Incentive max: 800.0000 $; Incentive min: 100.0000 $; Incentive max: 400.0000 $; Incentive max: 2000.0000 $; Incentive min: 750.0000 $; Incentive max: 1500.0000 $; Incentive : 500.0000 $; Incentive : 25.0000 $/Unit; Incentive min: 0.1000 $/W; Incentive max: 0.6000 $/W; Incentive : 200.0000 $/kW; Incentive : 1.0000 $/Unit; Incentive : 250.0000 $/Unit; Incentive : 50.0000 $; Incentive : 10.0000 $; Incentive min: 35.0000 $; Incentive max: 150.0000 $,"<p>Otter Tail Power Company offers a wide range of residential rebates to help customers reduce energy costs and improve efficiency. The program provides cash incentives for energy-saving upgrades such as efficient heating and cooling systems, smart thermostats, electric vehicle chargers, insulation, and ENERGY STAR® appliances. Rebates are also available for renewable technologies like heat pumps and geothermal systems, as well as weatherization measures such as attic insulation and air sealing. By supporting the adoption of efficient equipment and technologies, Otter Tail Power aims to make energy use cleaner, smarter, and more affordable for homeowners across its service area.</p><p><br/></p><p>For more information or assistance with rebate applications, customers can contact Otter Tail Power Company’s Energy Efficiency team by phone at 800-493-3299 or by email at otperebates@otpco.com.</p>","Incentive Amount: <ul>
  <li><strong>Cooling</strong>
    <ul>
      <li>Air-conditioner — Up to $150</li>
      <li>Heat pump tune-up — $150</li>
      <li>Air conditioner tune-up — $75</li>
      <li>Cold-climate heat pump (ductless) — $600–$840 per ton</li>
      <li>Cold-climate heat pump (ducted) — $800–$1,040 per ton</li>
      <li>Standard heat pump — $300–$500 per ton</li>
      <li>Air-to-water heat pump — $800–$1,240 per ton</li>
      <li>Geothermal heat pump (residential) — $1,200–$1,640 per ton</li>
      <li>Geothermal heat pump (commercial) — $900–$1,340 per ton</li>
    </ul>
  </li>

  <li><strong>Electric Heating</strong>
    <ul>
      <li>Heaters, boilers, furnaces, cold-climate or geothermal heat pumps — $40 per kW</li>
      <li>Electric panel or cable — $40 per kW</li>
      <li>Baseboard, cove heat, garage unit heater, radiant electric heating — $20 per kW</li>
      <li>Heat storage systems (furnaces, panels, boilers) — $75 per kW</li>
      <li>Thermal storage — $40–$75 per kW</li>
    </ul>
  </li>

  <li><strong>Insulation & Air Sealing</strong>
    <ul>
      <li>Wall insulation — Up to $1,000</li>
      <li>Attic insulation — Up to $1,000</li>
      <li>Air sealing — Up to $800</li>
    </ul>
  </li>

  <li><strong>Water Heating</strong>
    <ul>
      <li>Electric water heating — $100–$400</li>
      <li>Heavy-duty commercial electric water heating — $50 per kW</li>
    </ul>
  </li>

  <li><strong>Electric Panels</strong>
    <ul>
      <li>Residential — Up to $1,000</li>
      <li>Commercial — Up to $2,000</li>
    </ul>
  </li>

  <li><strong>Electric Vehicles & Charging</strong>
    <ul>
      <li>Battery electric vehicle (BEV) — $1,500–$3,000</li>
      <li>Plug-in hybrid electric vehicle (PHEV) — $750–$1,500</li>
      <li>Level 2 EV charger — $500</li>
    </ul>
  </li>

  <li><strong>Windows & Lighting</strong>
    <ul>
      <li>ENERGY STAR® windows — $25 per unit</li>
      <li>Lighting retrofit — $0.10–$0.60 per watt</li>
      <li>Lighting controls — $200 per kW</li>
      <li>LED lighting — $1–$250 per unit</li>
    </ul>
  </li>

  <li><strong>Appliances & Recycling</strong>
    <ul>
      <li>Refrigerator/freezer recycling — $50</li>
      <li>Window air conditioner recycling — $25</li>
      <li>Dehumidifier — $10</li>
    </ul>
  </li>

  <li><strong>Smart Home & Outdoor Equipment</strong>
    <ul>
      <li>Smart thermostats — $35–$150</li>
      <li>Electric outdoor equipment — $25–$750 per unit</li>
    </ul>
  </li>
</ul>; Maximum Incentive: ; Eligible System Size: ; Equipment Requirements: ; Installation Requirements: ; Ownership of Renewable Energy Credits: ",https://www.otpco.com/ways-to-save/programs/,"October 27, 2025",11/17/2008
160,expired+updated,True,ND,Financial Incentive,Property Tax Incentive,State,Renewable Energy Property Tax Exemption,North Dakota Department of Commerce,,,"<p><span>North Dakota exempts from local property taxes any locally-assessed* solar, wind, or geothermal energy device serving a new or existing building or structure. These systems may be designed to provide heating or cooling or to produce mechanical power, or any combination of these, or to store any of these. Stand-alone systems and systems that are part of conventional systems are eligible. For solar, wind, or geothermal systems that are part of a conventional energy system, only the renewable energy portion of the total system is eligible. This exemption is applied only during the 5-year period following installation. To apply for this exemption, system owners must contact their local tax assessor or county director of tax equalization. This exemption is effective for taxable years through December 31, 2025.</span></p><p><i>* While most property tax assessments in North Dakota take place at the local level, the State Board of Equalization values investor-owned utilities (IOUs) for property tax purposes.</i><br/></p>",Incentive Amount: 100% for five years; Maximum Incentive: ; Eligible System Size: ; Equipment Requirements: ,https://www.tax.nd.gov/tax-exemptions-credits/property-tax-exemptions,"October 8, 2025",01/01/2000
4989,updated,True,ND,Financial Incentive,Sales Tax Incentive,State,Sales Tax Exemption for Hydrogen Generation Facilities,Office of State Tax Commissioner,,,"<p>&#10;&#9;In North Dakota, the sale of hydrogen used to power an internal combustion engine or a fuel cell is exempt from sales tax. In addition, any equipment used by a hydrogen generation facility for the production and storage of hydrogen is exempt from sales tax. Stationary and portable hydrogen containers or pressure vessels, piping, tubing, fittings, gaskets, controls, valves, gauges, pressure regulators, safety relief devices are included as eligible equipment. In order to receive the exemption, a request must be made in writing to the Tax Commissioner and must include a description of the equipment, the cost of the equipment, and an explanation of how the equipment enables the business to expand its operations. The Tax Commissioner will notify the taxpayer in writing if the project qualifies for an exemption. </p>",Incentive Amount: 100% exemption; Maximum Incentive: ; Equipment Requirements: ,,"January 12, 2026",09/01/2011
4988,updated,True,ND,Financial Incentive,Sales Tax Incentive,State,Sales and Use Tax Exemption for Electrical Generating Facilities,Office of State Tax Commissioner,,,"<p>&#10;&#9;Electrical generating facilities are exempt from sales and use taxes. The exemption is granted for the purchase of building materials, production equipment, environmental upgrade equipment, and other tangible personal property that is used for constructing or expanding the facility. In order to qualify, the facility must have at least one electrical generation unit with a capacity of at least 100 kilowatts (kW).  For wind facilities, the equipment must be purchased between July 2011 and January 2017. For non-wind and non-coal facilities, the facility must sell the electricity it produces or use it on site for a business-related activity. In order to receive the exemption, a request must be made in writing to the Tax Commissioner and must include a description of the equipment, the cost of the equipment and an explanation of how the equipment enables the business to expand its operations. The Tax Commissioner will notify the taxpayer in writing if the project qualifies for an exemption. </p>&#10;<p>&#10;&#9;<span></span></p>&#10;<p>&#10;&#9; </p>","Incentive Amount: 100% exemption<br />
Exemption for Wind Energy Systems only applicable to equipment purchased before January 1, 2017.; Maximum Incentive: ; Equipment Requirements: Must have at least one single electrical generation unit with a capacity of at least 100 kW",https://www.tax.nd.gov/tax-exemptions-credits/sales-tax-exemptions,"January 12, 2026",09/01/2011
4990,updated,True,ND,Financial Incentive,Sales Tax Incentive,State,Sales and Use Tax Exemption for Gas Processing Facilities,Office of State Tax Commissioner,,,"<p>&#10;&#9;In North Dakota, materials purchased for building or expanding gas processing facilities are exempt from sales and use taxes. Building materials, equipment, and other tangible personal property are eligible for the exemption. In addition, any tangible property used to build or expand a facility that compresses, processes, or gathers gas may qualify for the exemption. Equipment purchases that exceed $100,000 that are purchased in order to reduce emissions, increase efficiency, or enhance the reliability of a gas processing facility may also qualify for the exemption. In order to receive the exemption, a request must be made in writing to the Tax Commissioner and must include a description of the equipment, the cost of the equipment, and an explanation of how the equipment enables the business to expand its operations. The Tax Commissioner will notify the taxpayer in writing if the project qualifies for an exemption. </p>",Incentive Amount: 100% exemption; Maximum Incentive: ; Equipment Requirements: ,https://www.tax.nd.gov/tax-exemptions-credits/sales-tax-exemptions,"January 12, 2026",09/01/2011
60,updated,True,NH,Financial Incentive,Property Tax Incentive,State,Local Option - Property Tax Exemption for Renewable Energy and Electrical Energy Storage,Office of Energy and Planning,,,"<p>&#10;&#9;New Hampshire allows cities and towns to offer an exemption from local property taxes for the assessed value of a solar energy system, electrical energy storage system, wind energy system, or wood-fired central heating system used on the property. A solar energy system is defined as a photovoltaic (PV) system or a system that &#34;utilizes solar energy to heat or cool the interior of a building or to heat water for use in a building&#34; and that includes one or more collectors and a storage container. Stoves and fireplaces do not qualify.</p><p>&#10;&#9;Cities and towns may adopt an exemption provision separately for each energy source. Visit the website above for a current list of cities and towns that offer this exemption. Contact your local tax collector or assessor for more information, and visit the Department of Revenue Administration's website for the most recent summary of cities and towns that offer an exemption by <a href=""https://www.revenue.nh.gov/mun-prop/property/exemptions-tax-credits.htm"">clicking here</a>.</p>&#10;<p>&#10;&#9; </p>",Incentive Amount: Varies (local option); Maximum Incentive: ; Eligible System Size: ; Equipment Requirements: ,https://www.gencourt.state.nh.us/rsa/html/V/72/72-61.htm,"April 14, 2026",01/01/2000
22795,expired+updated,True,NJ,Financial Incentive,Corporate Tax Credit,State,New Jersey Manufacturing Program,New Jersey Economic Development Authority,,,"<p>New Jersey<a href=""https://www.njeda.gov/wp-content/uploads/2025/09/Manufacturing-OAL-9.25.25-Filed_.pdf""> A.B. 5687</a> created the Next New Jersey Manufacturing Program, <span>a comprehensive tax credit designed to encourage manufacturing activities including clean energy component production at qualified businesses. $100,000,000 of the tax credits made available are reserved for clean energy product manufacturers, defined as a manufacturer of components for renewable energy, such as wind, solar, geothermal, green hydrogen, fuel cells, battery storage, or nuclear energy. The tax credit is equal to the lesser of 1) the product of 0.1% of the eligible business's total capital investment multiplied by the number of new full-time jobs; 2) 25% of the eligible business' total capital investment; or 3) $150,000,000. </span></p><p>Eligible actions for the credit include manufacturing solar components, and the calculations for capital investment include installing a solar system on the property to the extent that the capital investments have not received grant financial assistance from another state funding source. </p><p>Applicants may receive 1% stackable bonuses up to 5% for Opportunity Zone Eligible Census Tract location, New Jersey Business Certifications, and having at least one Active Collective Bargaining Agreement or Labor Harmony Agreement in place.</p><p>Please see the <a href=""https://www.njeda.gov/nextnjmfg/"">program website</a> for further details and eligibility requirements.</p>","Incentive Amount: Lesser of 1) the product of 0.1% of the eligible business's total capital investment multiplied by the number of new full-time jobs; 2) 25% of the eligible business' total capital investment; or 3) $150,000,000.; Maximum Incentive: $150,000,000; Eligible System Size: N/A; Equipment Requirements: N/A; Installation Requirements: N/A; Carryover Provisions: May carryover for the next 10 successive tax periods",https://www.njeda.gov/nextnjmfg/,"March 31, 2026",10/29/2025
22423,expired+updated,True,NM,Financial Incentive,Corporate Tax Credit,State,2021 Sustainable Building Tax Credit (Corporate),New Mexico Taxation & Revenue Department,,,"<p>H.B. 15, enacted in April 2021, established a new version of the personal tax credit and corporate tax credit for sustainable buildings in New Mexico. The tax credits apply to both commercial and residential buildings. <br/></p><p><b>Commercial Buildings</b><br/></p><p>Commercial buildings which have been registered and certified by the U.S. Green Building Council at LEED Gold or higher for new construction (NC), existing buildings (EB), core and shell (CS), or commercial interiors (CI), <i>and</i> are broadband- and electric vehicle-ready are eligible for a tax credit. The amount of the credit varies according to the square footage of the building, the level of certification achieved, and if it's affordable/low-income housing. Additional tax credit can be received if a commercial building is fully electric or certified zero-carbon, energy, waste, or water. Exact credit rates can be found through the program website.<br/></p>Renovated commercial buildings can receive a flat credit rate of $2.25/sq.ft if the building: 1) was renovated at least 10 years after construction, 2) is over 20,000 square feet, <i>and </i>3) is broadband- and electric vehicle-ready; the maximum receivable credit is $150,000 per renovation. In existing commercial buildings that are less than 20,000 square feet and are broadband-ready, tax credit can also be received for the installation of energy-saving technologies.<p><b>Residential Buildings</b></p><p>Residential buildings certified as sustainable homes can also qualify for a tax credit. Eligible residential buildings include single-family homes and multi-family homes which are certified as either Build Green Gold or higher, LEED-H Gold or higher, or are Energy Star-certified manufactured homes; residential buildings must also be broadband- and electric vehicle-ready. The amount of the credit varies according to the square footage of the building, the level of certification achieved, and if it's affordable/low-income housing. Additional tax credit can be received if a residential building is fully electric or certified zero-carbon, energy, waste, or water. In existing residential buildings, tax credit can also be received for the installation of energy-saving technologies. Exact credit rates can be found through the program website.<br/></p><p><b>Applying for the Tax Credit</b></p>To receive the tax credit, the building owner must obtain a certificate of eligibility from the Energy, Minerals and Natural Resources Department after the building project has been completed (the project being either construction, renovation, or technology installation). The Department will only grant certificates in any given calendar year until the equivalent of $1,000,000 worth of certificates for newly constructed commercial buildings; $2,000,000 worth of certificates for newly constructed residential buildings that are not manufactured housing; $250,000 worth of certificates for newly constructed residential buildings that are manufactured housing; $1,000,000 worth of certificates for renovated commercial buildings; and$2,900,000 worth of certificates for energy-saving technology installation in both commercial and residential buildings combined have been awarded in that calendar year. If the aggregate limit for any type of sustainable building is not met, the leftover limit can be moved over to another type that has already reached its limit within that year; leftovers cannot be carried forward to another year.<br/><p><b>Payout Schedule and Carry Forward</b></p><p>The taxpayer must then present their certificate of eligibility to the Taxation and Revenue Department to receive a document granting the Sustainable Building Tax Credit. If the total amount of a Sustainable Building Tax Credit is less than $100,000, a maximum of $25,000 can be applied to the taxpayer's income tax in that year and the next 3 years as needed depending on the amount of the credit. If the credit is more than $100,000, the taxpayer can claim the credit in increments of 25% in each of the 4 taxable years, including the year in which the credit is approved. If a taxpayer's tax liability is less than the amount of credit due, the excess credit may be carried forward for up to 7 years.<br/></p><p><b>Transferability</b></p><p>The tax credit is transferable for nonprofits. Although nonprofits are not taxed by the state, they can apply for the certificate of eligibility and sell the credit to an entity that does pay taxes. Additionally, people and entities who do not owe enough taxes to take full advantage of the tax credit also have the option of selling the tax credit.<br/></p><p><b>Other Tax Credits</b></p><p>A solar thermal system or a photovoltaic system may not be used as a component of qualification for this tax credit if a tax credit has already been claimed for it under the <a href=""https://programs.dsireusa.org/system/program/detail/22472/new-solar-market-development-tax-credit"">Solar Market Development Tax Credit</a>. <br/></p>","Incentive Amount: Varies based on the square footage of the building, the certification level, and additional technological upgrades.; Maximum Incentive: ; Eligible System Size: Up to 200,000 square feet for LEED Certified commercial buildings. At least 20,000 square feet for commercial buildings' additional renovation credit. Up to 20,000 square feet for commercial buildings' energy-saving technology credit. Up to 2,000 square feet for all residential buildings. No size requirement for residential buildings' energy-saving technology credit.; Equipment Requirements: ; Installation Requirements: ; Carryover Provisions: Excess credits may be carried forward for up to 7 years",https://www.emnrd.nm.gov/ecmd/tax-incentives/sustainable-building-tax-credit-sbtc/,"March 20, 2026",12/08/2021
22424,expired+updated,True,NM,Financial Incentive,Personal Tax Credit,State,2021 Sustainable Building Tax Credit (Personal),New Mexico Taxation & Revenue Department,Comprehensive Measures/Whole Building,Incentive max: 150000.0000 $,"<div>H.B. 15, enacted in April 2021, established a new version of the personal tax credit and corporate tax credit for sustainable buildings in New Mexico. The tax credits apply to both commercial and residential buildings.</div><p><b>Commercial Buildings</b></p><p>Commercial buildings which have been registered and certified by the U.S. Green Building Council at LEED Gold or higher for new construction (NC), existing buildings (EB), core and shell (CS), or commercial interiors (CI), <i>and</i> are broadband- and electric vehicle-ready are eligible for a tax credit. The amount of the credit varies according to the square footage of the building, the level of certification achieved, and if it's affordable/low-income housing. Additional tax credit can be received if a commercial building is fully electric or certified zero-carbon, energy, waste, or water. Exact credit rates can be found through the program website.<br/></p><p>Renovated commercial buildings can receive a flat credit rate of $2.25/sq.ft if the building: 1) was renovated at least 10 years after construction, 2) is over 20,000 square feet, <i>and </i>3) is broadband- and electric vehicle-ready; the maximum receivable credit is $150,000 per renovation. In existing commercial buildings that are less than 20,000 square feet and are broadband-ready, tax credit can also be received for the installation of energy-saving technologies.</p><p><b>Residential Buildings</b></p><p>Residential buildings certified as sustainable homes can also qualify for a tax credit. Eligible residential buildings include single-family homes and multi-family homes which are certified as either Build Green Gold or higher, LEED-H Gold or higher, or are Energy Star-certified manufactured homes; residential buildings must also be broadband- and electric vehicle-ready. The amount of the credit varies according to the square footage of the building, the level of certification achieved, and if it's affordable/low-income housing. Additional tax credit can be received if a residential building is fully electric or certified zero-carbon, energy, waste, or water.  In existing residential buildings, tax credit can also be received for the installation of energy-saving technologies. Exact credit rates can be found through the program website.</p><p><b>Applying for the Tax Credit</b></p><p>To receive the tax credit, the building owner must obtain a certificate of eligibility from the Energy, Minerals and Natural Resources Department after the building project has been completed (the project being either construction, renovation, or technology installation). The Department will only grant certificates in any given calendar year until the equivalent of $1,000,000 worth of certificates for newly constructed commercial buildings; $2,000,000 worth of certificates for newly constructed residential buildings that are not manufactured housing; $250,000 worth of certificates for newly constructed residential buildings that are manufactured housing; $1,000,000 worth of certificates for renovated commercial buildings; and $2,900,000 worth of certificates for energy-saving technology installation in both commercial and residential buildings combined have been awarded in that calendar year. If the aggregate limit for any type of sustainable building is not met, the leftover limit can be moved over to another type that has already reached its limit within that year; leftovers cannot be carried forward to another year.</p><p><b>Payout Schedule and Carry Forward</b></p><p>The taxpayer must then present their certificate of eligibility to the Taxation and Revenue Department to receive a document granting the Sustainable Building Tax Credit. If the total amount of a Sustainable Building Tax Credit is less than $100,000, a maximum of $25,000 can be applied to the taxpayer's income tax in that year and the next 3 years as needed depending on the amount of the credit. If the credit is more than $100,000, the taxpayer can claim the credit in increments of 25% in each of the 4 taxable years, including the year in which the credit is approved. If a taxpayer's tax liability is less than the amount of credit due, the excess credit may be carried forward for up to 7 years.</p><p><b>Transferability</b></p><p>The tax credit is transferable for nonprofits. Although nonprofits are not taxed by the state, they can apply for the certificate of eligibility and sell the credit to an entity that does pay taxes. Additionally, people and entities who do not owe enough taxes to take full advantage of the tax credit also have the option of selling the tax credit.</p><p><b>Other Tax Credits</b></p><p>A solar thermal system or a photovoltaic system may not be used as a component of qualification for this tax credit if a tax credit has already been claimed for it under the <a href=""https://programs.dsireusa.org/system/program/detail/22472/new-solar-market-development-tax-credit"">Solar Market Development Tax Credit</a>. <br/></p>","Incentive Amount: Varies based on the square footage of the building, the certification level, and additional technological upgrades.; Maximum Incentive: ; Eligible System Size: Up to 200,000 square feet for LEED Certified commercial buildings. At least 20,000 square feet for commercial buildings' additional renovation credit. Up to 20,000 square feet for commercial buildings' energy-saving technology credit. Up to 2,000 square feet for all residential buildings. No size requirement for residential buildings' energy-saving technology credit.; Equipment Requirements: ; Installation Requirements: ; Carryover Provisions: Excess credits may be carried forward for up to 7 years",https://www.emnrd.nm.gov/ecmd/tax-incentives/sustainable-building-tax-credit-sbtc/,"March 20, 2026",12/08/2021
4495,expired+updated,True,NM,Financial Incentive,Corporate Tax Credit,State,Agricultural Biomass Income Tax Credit (Corporate),Taxation and Revenue Department,,,"<p>&#10;&#9;<a class=""summarylink"" href=""http://www.nmlegis.gov/Sessions/10%20Regular/final/HB0171.pdf"" target=""_blank"" title=""House Bill 171"">H.B. 171</a> of 2010 created a tax credit for agricultural biomass from a dairy or feedlot transported to a facility that uses agricultural biomass to generate electricity or make biocrude or other liquid or gaseous fuel for commercial use. For the purposes of this tax credit, agricultural biomass means wet manure. The Energy, Minerals and Natural Resources Department may adopt additional specifications for agricultural biomass through a rule making process.</p><p>&#10;&#9;The credit is effective for biomass originating between January 1, 2011, and January 1, 2030. The credit is worth $5 per wet ton. Eligible projects must apply to the Taxation and Revenue Department for the credit. The Taxation and Revenue Department is authorized to distribute $5,000,000 in credits annually and will award a qualification document to eligible projects on a first-come, first-served basis. <br/></p>",Incentive Amount: $5 per wet ton; Maximum Incentive: Statewide annual limit of $5 million in total credits; Eligible System Size: ; Equipment Requirements: The biomass must originate from a dairy or feedlot and be transported to a facility that uses agricultural biomass to generate electricity or make biocrude or other liquid or gaseous fuel for commercial use.; Installation Requirements: ; Carryover Provisions: Unused credit may be carried forward for up to 4 years.,https://www.emnrd.nm.gov/ecmd/tax-incentives/agricultural-biomass-income-tax-credit/#gsc.tab=0,"March 21, 2026",12/14/2010
4496,expired+updated,True,NM,Financial Incentive,Personal Tax Credit,State,Agricultural Biomass Income Tax Credit (Personal),,,,"<p>&#10;&#9;<a class=""summarylink"" href=""http://www.nmlegis.gov/Sessions/10%20Regular/final/HB0171.pdf"" target=""_blank"" title=""House Bill 171"">H.B. 171</a> of 2010 created a tax credit for agricultural biomass from a dairy or feedlot transported to a facility that uses agricultural biomass to generate electricity or make biocrude or other liquid or gaseous fuel for commercial use. For the purposes of this tax credit, agricultural biomass means wet manure. The Energy, Minerals and Natural Resources Department may adopt additional specifications for agricultural biomass through a rule making process.</p><p>&#10;&#9;The credit is effective for biomass originating between January 1, 2011, and January 1, 2030. The credit is worth $5 per wet ton. Eligible projects must apply to the Taxation and Revenue Department for the credit. The Taxation and Revenue Department is authorized to distribute $5,000,000 in credits annually and will award a qualification document to eligible projects on a first-come, first-served basis.<br/></p>","Incentive Amount: $5 per wet ton; Maximum Incentive: Statewide annual limit of $5,000,000 in total credits; Eligible System Size: ; Equipment Requirements: The biomass must originate from a dairy or feedlot and be transported to a facility that uses agricultural biomass to generate electricity or make biocrude or other liquid or gaseous fuel for commercial use.; Installation Requirements: ; Carryover Provisions: ",https://www.emnrd.nm.gov/ecmd/tax-incentives/agricultural-biomass-income-tax-credit/#gsc.tab=0,"March 21, 2026",12/14/2010
359,updated,True,NM,Financial Incentive,Sales Tax Incentive,State,Biomass Equipment & Materials Compensating Tax Deduction,New Mexico Taxation & Revenue Department,,,"<p><span>In 2005, New Mexico adopted a policy to allow businesses to deduct the value of biomass equipment and biomass materials used for the processing of biopower, biofuels, or biobased products in determining the amount of Compensating Tax due.</span></p><p><span>New Mexico's Compensating Tax is an excise, or &#34;use&#34; tax, which is typically levied on the purchaser of the product or service for using tangible property in the state. The tax applies to imports of factory and office equipment, and other items. The rate is 5.125% on certain property used in New Mexico and 5% on certain services used in New Mexico. Compensating Tax is designed to protect New Mexico businesses from unfair competition from out-of-state business not subject to a sales or gross receipts tax. This biomass Compensating Tax deduction is analogous to a sales tax exemption for renewable energy equipment available in some other states.</span></p><p><span>Deductions from compensating tax do not have to be reported to the New Mexico Taxation and Revenue Department but records substantiating the deduction should be kept in the taxpayer's records.</span></p>",Incentive Amount: 100% of value may be deducted for purposes of calculating Compensating Tax due; Maximum Incentive: ; Equipment Requirements: ,,"December 24, 2025",04/29/2005
3233,expired+updated,True,NV,Financial Incentive,Sales Tax Incentive,State,Renewable Energy Sales and Use Tax Abatement,Nevada State Office of Energy,,,"<p><b><i>Note: <a href=""https://www.leg.state.nv.us/App/NELIS/REL/81st2021/Bill/8201/Text"">S.B. 448</a> of 2021 extended this property tax abatement to include energy storage systems paired with eligible renewable energy systems.</i></b></p>&#10;<p><span>New or expanded businesses in Nevada may apply to the Director of the State Office of Energy for a sales and use tax abatement for qualifying renewable energy technologies. The purchaser is only required to pay sales and use taxes imposed in Nevada at the rate of 2.6%. The abatement is valid for three years beginning with the approval of the application.</span><br/></p><p>&#10;&#9;<br/>&#10;&#9;The abatement applies to property used to generate electricity from renewable energy resources including solar, wind, biomass*, fuel cells, geothermal or hydro. Generation facilities must have a capacity of at least 10 megawatts (MW). Facilities that use solar energy to generate at least 25,840,000 British thermal units of process heat per hour can also qualify for an abatement.<br/>&#10;&#9;<br/>&#10;&#9;There are several job creation and job quality requirements that must be met in order for a project to receive an abatement. Depending on the population of the county or city where the project will be located, the project owners must:</p>&#10;<ul>&#10;&#9;<li>&#10;&#9;&#9;Employ a certain number of full-time employees during construction, a percentage of whom must be Nevada residents</li>&#10;&#9;<li>&#10;&#9;&#9;Ensure that the hourly wage paid to the facility's employees and construction workers is a certain percentage higher than the average statewide hourly wage</li>&#10;&#9;<li>&#10;&#9;&#9;Make a capital investment of a specified amount in the state of Nevada</li>&#10;&#9;<li>&#10;&#9;&#9;Provide the construction workers with health insurance, which includes coverage for the worker's dependents</li>&#10;</ul>&#10;<p>&#10;&#9;AB 239 (2013) provided additional criteria for considering projects eligible. <span>Note that this exemption does not apply to residential property, or property that is owned, operated, leased or controlled by a governmental entity.</span></p>&#10;<p>&#10;&#9;<br/>&#10;&#9;<i><b>History</b></i><br/>&#10;&#9;This abatement went through significant revisions with <a href=""http://www.leg.state.nv.us/75th2009/Bills/AB/AB522_EN.pdf"" target=""_blank"">AB 522</a>, signed in May 2009. Notably, AB 522 raised the capacity minimum for eligible projects from 10 kilowatts (kW) to 10 MW. It also changed the abatement such that the purchaser is only required to pay sales and use taxes imposed in Nevada at the rate of 2.6 % (effective through June 30, 2011) and at the rate of 2.25 % (effective July 01, 2011 - June 30, 2049), extended it to additional technologies, and increased the qualification requirements to ensure that incentivized projects result in more high quality jobs. These changes took effect on July 1, 2009. AB 522 also created a property tax abatement for renewable energy producers. In 2013, <a href=""https://www.leg.state.nv.us/Session/77th2013/Bills/SB/SB475.pdf"">SB 475</a>, a broad tax extender bill, extended the 2.6% tax rate through 2015, and in 2015, <a href=""http://www.leg.state.nv.us/Session/78th2015/Bills/SB/SB483_EN.pdf"">SB 483</a> extended the 2.6% rate indefinitely.<br/>&#10;&#9;<br/>&#10;&#9;*<i>Biomass is defined as any organic matter that is available on a renewable basis, including, without limitation, agricultural crops and agricultural wastes and residues; wood and wood wastes and residues; animal wastes; municipal wastes; and aquatic plants.</i></p>","Incentive Amount: Purchaser is only required to pay sales and use taxes imposed in Nevada at the rate of 2.6%; Maximum Incentive: ; Equipment Requirements: Systems must have a generating capacity of at least 10 megawatts.
",https://www.energy.nv.gov/programs/renewable-energy-tax-abatement-reta-program/,"September 4, 2026",01/27/2009
158,updated,True,NV,Financial Incentive,Property Tax Incentive,State,Renewable Energy Systems Property Tax Exemption,NV Department of Taxation,,,"<p>&#10;&#9;Renewable energy systems which serve a commercial or industrial building or irrigation system are exempt from property taxes. Qualified equipment includes solar, wind, geothermal, solid waste and hydroelectric systems used to heat or cool a building, heat or cool water used by a building, or generate electricity used by the building. S.B. 426 of 2011 clarified that a system installed on one or more buildings and supplying energy to adjacent buildings or an irrigation system in an agricultural operation is eligible for the exemption.  This exemption applies for all years following installation.<br/>&#10;&#9;<br/>&#10;&#9;The renewable energy property tax exemption cannot be claimed if another state tax abatement or exemption is claimed by the same building.</p>",Incentive Amount: 100%; Maximum Incentive: None; Eligible System Size: ; Equipment Requirements: ,,"March 23, 2026",01/01/2000
1596,updated,True,NY,Financial Incentive,Property Tax Incentive,State,Energy Conservation Improvements Property Tax Exemption,New York State Office of Real Property Tax Services,,,"<p><b><i>NOTE: <a href=""https://nyassembly.gov/leg/?default_fld=&amp;leg_video=&amp;bn=A00260&amp;term=2017&amp;Summary=Y&amp;Actions=Y&amp;Text=Y"">A.B. 260</a> enacted in October 2017 amends the property tax exemption adding micro-hydro, fuel cell, micro combined heat and power, and electric energy storage system and storage equipment to be eligible for tax exemption for any increase in the value through the addition of these systems for period of fifteen years. </i></b></p><p>&#10;&#9;Qualifying energy-conservation improvements to homes are exempt from real property taxation to the extent that the addition would increase the value of the home. The exemption includes general municipal property taxes, school district taxes, and special ad valorem taxes, but does <i>not apply</i> to special assessments. Eligible properties include single-family to four-family dwellings. The exemption applies directly to a variety of equipment and measures, but the statute also states that any conservation-related state or federal tax credit or deduction is also exempt from New York's property tax under this statute. The state Tax Assessor's Manual also specifically identifies solar and wind energy systems as eligible for the exemption.</p>",Incentive Amount: 100% of the value added to the residence by the improvements; Maximum Incentive: ; Eligible System Size: ; Equipment Requirements: ,http://www.tax.ny.gov/research/property/assess/manuals/vol4/pt1/sec4_01/sec487_a.htm,"April 14, 2026",06/12/2006
22072,expired+updated,True,NY,Financial Incentive,Property Tax Incentive,State,Energy Conservation Improvements Property Tax Exemption,New York State Department of Taxation and Finance,,,"<p>In 2017, New York passed <a href=""https://nyassembly.gov/leg/?default_fld=&amp;leg_video=&amp;bn=A00260&amp;term=2017&amp;Summary=Y&amp;Actions=Y&amp;Text=Y"">Assembly Bill 260</a>, adding electric energy storage equipment and systems as eligible for an exemption from real property taxes for certain energy equipment.</p><p>Other equipment included in the exemption includes micro-hydroelectric energy systems, fuel cell electric generating systems, and micro-combined heat and power generating equipment systems (added in the 2017 bill), as well as solar, wind, and farm waste energy systems (previously included).</p><p>The tax exemption lasts for a period of fifteen years. To qualify for the exemption solar, wind, or farm waste energy systems must be (a) in existence or constructed prior to July 1, 1988, or (b) constructed after January 1, 1991 and before January 1, 2025. Micro-hydroelectric energy, fuel cell electric generating, micro-combined heat and power generating equipment, or electric energy storage equipment and systems must be constructed after January 1, 2018 and before January 1, 2025. The exemption applies to the increase in value of the real property due to the addition of the energy equipment.</p><p>Municipalities and school districts can elect to not apply this exemption within their jurisdiction.</p><p>As of 2019, real property, comprising of or including an eligible energy system, that is owned or controlled by New York State or a New York State department, agency or public authority where New York State or the New York State department, agency, or public authority has agreed in writing with the energy system owner or operator to purchase the produced energy or the environmental credits or attributes created by virtue of the system’s operation is permanently exempt from taxation, special ad valorem levies and special assessments, and the owner of such property shall not be subject to any requirement to enter in an agreement for payments in lieu of taxes.</p>",Incentive Amount: Exemption from real property taxation on the increase in value of the real property by reason of the inclusion of the energy equipment for a period of 15 years.; Maximum Incentive: ; Eligible System Size: ; Equipment Requirements: ,https://www.tax.ny.gov/research/property/assess/manuals/vol4/pt1/sec4_01/sec487.htm,"April 14, 2026",03/27/2019
5249,updated,True,NY,Financial Incentive,Property Tax Incentive,State,Local Option - Real Property Tax Exemption for Green Buildings,Administered locally,,,"<p>&#10;&#9;In July 2012 New York enacted legislation allowing municipal corporations to exempt green buildings from real property taxes. It is important to note that this law allows <em>but does not require</em> local governments to extend favorable property tax treatment to green buildings. In order for the exemption to apply, the taxing jurisdiction must first adopt this exemption.</p>&#10;<p>&#10;&#9;In order to qualify for an exemption, the new construction or improvement (does not include routine maintenance or repairs) must commence on or after January 1, 2013; be valued in excess of $10,000; and projects must meet the LEED, Green Globes, American National Standards Institute, or substantially equivalent green building certification standards. Although the law references allowable green building rating systems/certifications other than LEED, the incentive amounts are described in relation to LEED certification levels. The amount of the exemption permitted varies by year and by the certification level achieved. Although not specifically identified in the law, it appears that the &#34;year&#34; refers to the property tax year in which the exemption is first claimed and subsequent years thereafter. The allowable exemption levels, stated in terms of the percentage of total taxes owed, are as follows:</p>&#10;<table border=""1"" cellpadding=""1"" cellspacing=""1"" style=""width: 487px;height: 228px;text-align: left;"">&#10;&#9;<thead>&#10;&#9;&#9;<tr>&#10;&#9;&#9;&#9;<th scope=""col"" style=""text-align: center;"">&#10;&#9;&#9;&#9;&#9;Year</th>&#10;&#9;&#9;&#9;<th scope=""col"" style=""text-align: center;"">&#10;&#9;&#9;&#9;&#9;LEED Certified/Silver</th>&#10;&#9;&#9;&#9;<th scope=""col"" style=""text-align: center;"">&#10;&#9;&#9;&#9;&#9;LEED Gold</th>&#10;&#9;&#9;&#9;<th scope=""col"" style=""text-align: center;"">&#10;&#9;&#9;&#9;&#9;LEED Platinum</th>&#10;&#9;&#9;</tr>&#10;&#9;</thead>&#10;&#9;<tbody>&#10;&#9;&#9;<tr>&#10;&#9;&#9;&#9;<td style=""text-align: center;"">&#10;&#9;&#9;&#9;&#9;1</td>&#10;&#9;&#9;&#9;<td style=""text-align: center;"">&#10;&#9;&#9;&#9;&#9;100%</td>&#10;&#9;&#9;&#9;<td style=""text-align: center;"">&#10;&#9;&#9;&#9;&#9;100%</td>&#10;&#9;&#9;&#9;<td style=""text-align: center;"">&#10;&#9;&#9;&#9;&#9;100%</td>&#10;&#9;&#9;</tr>&#10;&#9;&#9;<tr>&#10;&#9;&#9;&#9;<td style=""text-align: center;"">&#10;&#9;&#9;&#9;&#9;2</td>&#10;&#9;&#9;&#9;<td style=""text-align: center;"">&#10;&#9;&#9;&#9;&#9;100%</td>&#10;&#9;&#9;&#9;<td style=""text-align: center;"">&#10;&#9;&#9;&#9;&#9;100%</td>&#10;&#9;&#9;&#9;<td style=""text-align: center;"">&#10;&#9;&#9;&#9;&#9;100%</td>&#10;&#9;&#9;</tr>&#10;&#9;&#9;<tr>&#10;&#9;&#9;&#9;<td style=""text-align: center;"">&#10;&#9;&#9;&#9;&#9;3</td>&#10;&#9;&#9;&#9;<td style=""text-align: center;"">&#10;&#9;&#9;&#9;&#9;100%</td>&#10;&#9;&#9;&#9;<td style=""text-align: center;"">&#10;&#9;&#9;&#9;&#9;100%</td>&#10;&#9;&#9;&#9;<td style=""text-align: center;"">&#10;&#9;&#9;&#9;&#9;100%</td>&#10;&#9;&#9;</tr>&#10;&#9;&#9;<tr>&#10;&#9;&#9;&#9;<td style=""text-align: center;"">&#10;&#9;&#9;&#9;&#9;4</td>&#10;&#9;&#9;&#9;<td style=""text-align: center;"">&#10;&#9;&#9;&#9;&#9;80%</td>&#10;&#9;&#9;&#9;<td style=""text-align: center;"">&#10;&#9;&#9;&#9;&#9;100%</td>&#10;&#9;&#9;&#9;<td style=""text-align: center;"">&#10;&#9;&#9;&#9;&#9;100%</td>&#10;&#9;&#9;</tr>&#10;&#9;&#9;<tr>&#10;&#9;&#9;&#9;<td style=""text-align: center;"">&#10;&#9;&#9;&#9;&#9;5</td>&#10;&#9;&#9;&#9;<td style=""text-align: center;"">&#10;&#9;&#9;&#9;&#9;60%</td>&#10;&#9;&#9;&#9;<td style=""text-align: center;"">&#10;&#9;&#9;&#9;&#9;80%</td>&#10;&#9;&#9;&#9;<td style=""text-align: center;"">&#10;&#9;&#9;&#9;&#9;100%</td>&#10;&#9;&#9;</tr>&#10;&#9;&#9;<tr>&#10;&#9;&#9;&#9;<td style=""text-align: center;"">&#10;&#9;&#9;&#9;&#9;6</td>&#10;&#9;&#9;&#9;<td style=""text-align: center;"">&#10;&#9;&#9;&#9;&#9;40%</td>&#10;&#9;&#9;&#9;<td style=""text-align: center;"">&#10;&#9;&#9;&#9;&#9;60%</td>&#10;&#9;&#9;&#9;<td style=""text-align: center;"">&#10;&#9;&#9;&#9;&#9;100%</td>&#10;&#9;&#9;</tr>&#10;&#9;&#9;<tr>&#10;&#9;&#9;&#9;<td style=""text-align: center;"">&#10;&#9;&#9;&#9;&#9;7</td>&#10;&#9;&#9;&#9;<td style=""text-align: center;"">&#10;&#9;&#9;&#9;&#9;20%</td>&#10;&#9;&#9;&#9;<td style=""text-align: center;"">&#10;&#9;&#9;&#9;&#9;40%</td>&#10;&#9;&#9;&#9;<td style=""text-align: center;"">&#10;&#9;&#9;&#9;&#9;80%</td>&#10;&#9;&#9;</tr>&#10;&#9;&#9;<tr>&#10;&#9;&#9;&#9;<td style=""text-align: center;"">&#10;&#9;&#9;&#9;&#9;8</td>&#10;&#9;&#9;&#9;<td style=""text-align: center;"">&#10;&#9;&#9;&#9;&#9;0%</td>&#10;&#9;&#9;&#9;<td style=""text-align: center;"">&#10;&#9;&#9;&#9;&#9;20%</td>&#10;&#9;&#9;&#9;<td style=""text-align: center;"">&#10;&#9;&#9;&#9;&#9;60%</td>&#10;&#9;&#9;</tr>&#10;&#9;&#9;<tr>&#10;&#9;&#9;&#9;<td style=""text-align: center;"">&#10;&#9;&#9;&#9;&#9;9</td>&#10;&#9;&#9;&#9;<td style=""text-align: center;"">&#10;&#9;&#9;&#9;&#9;0%</td>&#10;&#9;&#9;&#9;<td style=""text-align: center;"">&#10;&#9;&#9;&#9;&#9;0%</td>&#10;&#9;&#9;&#9;<td style=""text-align: center;"">&#10;&#9;&#9;&#9;&#9;40%</td>&#10;&#9;&#9;</tr>&#10;&#9;&#9;<tr>&#10;&#9;&#9;&#9;<td style=""text-align: center;"">&#10;&#9;&#9;&#9;&#9;10</td>&#10;&#9;&#9;&#9;<td style=""text-align: center;"">&#10;&#9;&#9;&#9;&#9;0%</td>&#10;&#9;&#9;&#9;<td style=""text-align: center;"">&#10;&#9;&#9;&#9;&#9;0%</td>&#10;&#9;&#9;&#9;<td style=""text-align: center;"">&#10;&#9;&#9;&#9;&#9;20%</td></tr></tbody></table>&#10;<p>&#10;&#9;Projects must actually achieve certification in order to be eligible for an exemption, and the exemption must be approved by the local assessor prior to taking effect.</p>","Incentive Amount: Upon local adoption, 20% - 100% exemption from real property taxes on the increase in value of the real property attributable to the construction/reconstruction; varies by year and certification level; Maximum Incentive: ; Eligible System Size: ; Equipment Requirements: Projects must meet the LEED, Green Globes, American National Standards Institute, or substantially equivalent green building certification standards; construction value must exceed $10,000",https://www.tax.ny.gov/research/property/assess/manuals/vol4/pt2/sec4_06/sec470.htm,"April 14, 2026",08/02/2012
192,expired+updated,True,NY,Financial Incentive,Property Tax Incentive,State,"Local Option - Solar, Wind & Biomass Energy Systems Exemption",New York State Department of Taxation and Finance,,,"<p>Section 487 of the New York State Real Property Tax Law provides a 15-year real property tax exemption for solar, wind energy, and farm-waste energy systems constructed in New York State. As currently effective, the law is a local option exemption, meaning that local governments are permitted to decide whether or not to allow it. The exemption was mandatory prior to a 1990 reenactment in which the local option clause was added. The exemption is valid unless a government opts out of the exemption, as opposed to the more common practice of requiring governments to &#34;opt-in&#34; in order to offer an exemption. </p><p>As originally created, the exemption was limited to solar and wind energy systems, but in September 2002, it was expanded (<a href=""https://nyassembly.gov/leg/?default_fld=&amp;leg_video=&amp;bn=S06592&amp;term=2001&amp;Summary=Y&amp;Actions=Y&amp;Text=Y"">S.B. 6592</a>) to include farm-waste energy systems. The maximum rated system capacity for eligible farm-waste energy systems is 1,000 kilowatts (kW). In 2017, <a href=""https://nyassembly.gov/leg/?default_fld=&amp;leg_video=&amp;bn=A00260&amp;term=2017&amp;Summary=Y&amp;Actions=Y&amp;Text=Y"">A.B. 260</a> included micro-hydroelectric energy systems, fuel cell electric generating systems, micro-combined heat and power generating equipment systems, electric energy storage equipment, and electric energy storage systems as eligible for the incentive.</p><p><a href=""https://nyassembly.gov/leg/?default_fld=&amp;leg_video=&amp;bn=S05966&amp;term=2005&amp;Summary=Y&amp;Actions=Y&amp;Text=Y"">S.B. 5966A</a> enacted in July 2006 extended the previous December 31, 2006 in-service deadline to December 31, 2010, and <a href=""https://nyassembly.gov/leg/?default_fld=&amp;leg_video=&amp;bn=A10875&amp;term=2009&amp;Summary=Y&amp;Actions=Y&amp;Text=Y"">A.B. 10875</a> enacted in August 2010 extended the deadline until December 31, 2014. <a href=""https://assembly.state.ny.us/leg/?default_fld=&amp;bn=S07026&amp;term=2013&amp;Summary=Y&amp;Actions=Y&amp;Text=Y"">S.B 7062</a> of 2014 further extended the deadline to January 1st, 2025.</p><p>The exemption applies to solar, wind, or farm waste energy systems that (a) exist or  constructed prior to July 1, 1988 (mandatory), or (b) constructed after January 1, 1991, and prior to January 1, 2025 (local option). Micro-hydroelectric energy, fuel cell electric generating, micro-combined heat and power generating equipment, or electric energy storage equipment and systems must be constructed after January 1, 2018 and before January 1, 2025. The amount of the exemption is equal to the increase in assessed value attributable to the energy system. The exemption applies only to general municipal and school district taxes; it cannot be applied to special assessments or special ad valorem levies. </p><p>With respect to systems constructed after January 1, 1991, and before January 1, 2025, each county, city, town, village and school district (except the city school districts of New York, Buffalo, Rochester, Syracuse and Yonkers) may choose whether to disallow the exemption. The option must be exercised by counties, cities, towns and villages through adoption of a local law and by school districts through adoption of a resolution. Click <a href=""https://www.tax.ny.gov/research/property/legal/localop/487opt.htm"">here</a> for a list of municipalities that have opted not to offer the exemption. Alternatively, a local government that has not opted out of the exemption is permitted to require the property owner to enter into a contract for payments in lieu of taxes, not to exceed the amount payable without the exemption. </p><p>Partial exemptions are also available if a solar, wind, or farm waste energy system or components of it also serve as part of the building structure. The increase in value exempt from taxation is equal to the assessed value attributable to such system or components multiplied by the ratio of &#34;incremental cost&#34; of the system or components to the total cost of the system or components. The &#34;incremental cost&#34; is the increased cost of the solar, wind, or farm waste energy system or component which also serves as part of the building structure, above the cost for similar conventional construction, which enables its use as a solar, wind, or farm waste energy system or component.</p>","Incentive Amount: 100% exemption for 15 years (unless local jurisdiction has opted out); Maximum Incentive: ; Eligible System Size: Farm-waste energy systems: maximum size of 1,000 kW<br>
Other eligible property: no specific limits; Equipment Requirements: ",http://www.tax.ny.gov/research/property/assess/manuals/vol4/pt1/sec4_01/sec487.htm,"April 14, 2026",11/26/2001
22390,expired+updated,True,NY,Financial Incentive,Rebate Program,Utility,National Grid - Electric Vehicle Charging Station Make-Ready Program,National Grid,,,"<p>National Grid's Electric Vehicle Charging Station Make-Ready Program provides funding for up to 100% of the electric infrastructure costs associated with building new electric vehicle charging stations. See project eligibility by incentive below.</p><p>Up to 100%</p><ul><li>Publicly available DCFC projects with standardized plug types located within Disadvantaged Communities.</li><li>L2 projects at multi-unit dwellings located within Disadvantaged Communities.</li></ul><p>Up to 90%</p><ul><li>Publicly available L2 and DCFC projects with standardized plug types located outside of Disadvantaged Communities. Includes municipal pay-to-park and free parking locations.</li><li>Publicly available L2 and DCFC projects including proprietary plugs must have an equal number of standardized plus of an equal or greater charging capacity to the proprietary plugs (outside of Disadvantaged Communities).</li></ul><p>Up to 50%</p><ul><li>Non-public L2 and DCFC projects, such as workplaces with restricted access and privately-owned pay-to-park lots.</li><li>Public and non-public L2 and DCFC projects consisting only of proprietary plugs.</li><li>Public and non-pubic L2 and DCFC projects where proprietary plugs are not co-located with an equal number or greater number of standardized plugs of equal or greater charging capacity.</li></ul><p><br/></p>","Incentive Amount: Non-public locations and/or locations without standardized plugs: Up to 50% of cost <br />
Public locations with standardized plugs: Up to 90% of cost <br />
Locations in disadvantaged communities: Up to 100% of cost; Maximum Incentive: ; Eligible System Size: ; Equipment Requirements: ; Installation Requirements: ; Ownership of Renewable Energy Credits: ",https://www.nationalgridus.com/Upstate-NY-Business/Energy-Saving-Programs/Electric-Vehicle-Charging-Station-Program#dcfc,"November 20, 2025",08/21/2021
3037,expired+updated,True,NY,Financial Incentive,Property Tax Incentive,Local,New York City - Property Tax Abatement for Photovoltaic (PV) and Energy Storage Equipment,New York City Department of Buildings,,,"<h4>In August 2008, the State of New York enacted legislation allowing a property tax abatement for photovoltaic (PV) system expenditures made on buildings located in cities with a population of 1 million or more people. This limits the abatement to systems installed within New York City. Eligible buildings include all real property except utility real property. As originally enacted, the in-service deadline for eligible systems was December 31, 2012. However, in August 2012 the abatement was extended to systems placed in service through December 31, 2014, at a reduced rate. In September 2014, <a href=""https://assembly.state.ny.us/leg/?default_fld=&amp;leg_video=&amp;bn=S07464&amp;term=2013&amp;Summary=Y&amp;Actions=Y&amp;Text=Y"">S.B. 746</a> extended the compliance period for systems until 2016. <a href=""https://assembly.state.ny.us/leg/?default_fld=&amp;leg_video=&amp;bn=S07110&amp;term=2015&amp;Summary=Y&amp;Actions=Y&amp;Text=Y"">S.B. 7110</a> of 2016 again extended the compliance period until 2019, while <a href=""https://assembly.state.ny.us/leg/?default_fld=&amp;leg_video=&amp;bn=A10410&amp;term=2017&amp;Summary=Y&amp;Text=Y"">A.B. 10410</a> of 2018 expanded the abatement to include energy storage equipment. Most recently, <a href=""https://assembly.state.ny.us/leg/?default_fld=&amp;leg_video=&amp;bn=A06113&amp;term=2023&amp;Summary=Y&amp;Actions=Y&amp;Text=Y"">A.B. 6113</a> of 2023, extended the compliance period until the end of 2034.</h4><p>&#10;&#9;The abatement allows building owners to deduct from their total real property taxes* a portion of the expenditures associated with installing a PV system on an eligible building. Systems placed in service between August 5, 2008 (the effective date) and December 31, 2010 were eligible for an abatement of 8.75% of eligible expenditures annually for four years. The percentage of abatement changes dependent on the time period the system was put in place; 5% for 2011-2012, 2.5% for 2013, 5% for 2014-2023. The addition of energy storage equipment brought a 10% abatement for systems in service between 2019-2023. The current abatement for both types of systems is 7.5% for 2024-2034.</p><p>The maximum abatement during a year is $62,500 or the amount of real property taxes owed during the year. Unused balances may not be carried forward to subsequent years. Eligible expenditures include reasonable expenditures for materials, labor associated with on-site preparation, assembly and original installation, architectural and engineering services, and designs and plans directly related to the construction or installation of a system. Expenditures incurred using a federal, state, or local grant are not eligible, nor are interest or finance charges. However, the amount of eligible expenditures is not reduced by federal, state or local tax credits, tax abatements, tax exemptions or tax rebates.</p><p>&#10;&#9;The abatement program is administered by the Department of Finance in cooperation with the Department of Buildings. Applications for the abatement must be filed by March 15 in order to be eligible for a tax credit during the year the application is submitted. Applications submitted after this deadline can be applied to taxes owed for the following fiscal year. It is important to note that claiming the abatement does not affect whether a building owner can claim New York's <a href=""http://programs.dsireusa.org/system/program/detail/5249"">real property tax exemption</a> on the value added by solar, wind, and farm-based biogas energy systems.<br/>&#10;&#9;<br/>&#10;&#9;<i><br/>&#10;&#9;*This incentive is similar to an investment tax credit for renewable energy systems, which are frequently applied to personal or corporate income taxes. It is unique in that the tax benefits are recouped through reduced property taxes on the host building instead of through reduced income taxes.</i></p>","Incentive Amount: Solar systems installed from August 5, 2008 to December 31,  2010: 8.75% of system expenditures per year for 4 years; 5% for 2011 - 2012; 2.5% for 2013; 5% for 2014 - 2023.<br><br>

Energy storage equipment installed from January 1, 2019 to December 31, 2023: 10% of system expenditures per year for 4 years<br><br>

Either system Installed from January 1, 2024 to December 31, 2034: 7.5% of the system expenditures per year for 4 years; Maximum Incentive: $62,500 annually or the amount of real property taxes owed during a year.; Eligible System Size: ; Equipment Requirements: Systems must be located within a city with a population of at least 1 million (i.e., New York City).",https://www1.nyc.gov/nycbusiness/description/solar-electric-generating-systems-tax-abatement-program,"April 14, 2026",08/11/2008
4703,updated,True,NY,Financial Incentive,Sales Tax Incentive,Local,New York City - Residential Solar Sales Tax Exemption,,,,"<p>New York City passed Resolution 1121 in August 2005 (effective December 1, 2005) to exempt residential solar energy systems equipment and services from sales tax. As a city with a population of 1 million or more, New York City had to pass this resolution in order to offer the <a href=""https://programs.dsireusa.org/system/program/detail/1234/solar-sales-tax-exemption"">same</a> exemption as the state.</p>",Incentive Amount: 100% local sales tax exemption; Maximum Incentive: ; Equipment Requirements: ,,"April 14, 2026",03/21/2011
22411,expired+updated,True,NY,Financial Incentive,Rebate Program,Utility,PSEG Long Island - EV Make Ready Program,PSEG Long Island,,,"<p>PSEG Long Island offers incentives for Electric Vehicle chargers through the Make-Ready Program. Incentives are available to all commercial customers including multi-unit dwellings, retail/offices, parking facilities/lots for Level-2 EV chargers and Direct-Current Fast Chargers. Incentives range from 50-100% of the cost of equipment. See eligibility tiers below.</p><p><u>100% Tier (minimum 2 ports)</u></p><p></p><ul><li><span>DCFC and/or Level 2 chargers</span></li><li>Universal plugs</li><li>Accepts universal payment</li><li>Public</li><li>Located in a disadvantaged community</li></ul><p><u>75% Tier (minimum 2 ports)</u></p><ul><li>DCFC and/or Level 2 chargers</li><li>Universal plugs and/or NACS plugs</li><li>NACS plugs matched one-for-one or less for quantity and power output from universal plugs</li><li>Accepts universal payment</li><li>public </li><li>Not located in a disadvantaged community</li></ul><p><u>50% Tier (minimum 2 ports)</u></p><p></p><ul><li>DCFC and/or Level 2 chargers</li><li>Universal plugs and/or NACS plugs</li><li>NACS plugs not matched one-for-one or less for quantity and power output from universal plugs</li><li>Does not accept universal payment</li><li>Private</li></ul><p><u>Incentive Caps</u></p><p></p><ul><li>50% $3,000; 75% $5,000; 100% $6,500</li><li>DCFC: 50% $20,000; 75% $50,000; 100% $65,000</li></ul><p></p><p></p><p></p>","Incentive Amount: See <a href=""https://www.psegliny.com/saveenergyandmoney/GreenEnergy/EV/CommercialCustomers/MakeReady""> <b> EV Make Ready Program Overview</b> </a>for full details.; Maximum Incentive: 4+ DCFC Plugs: $370,000<br>
2+ DCFC Plugs: $185,000<br>
<br>
3+ Level 2 Plugs: $30,000<br>
2+ Level 2 Plugs: $20,000<br>
<br>
<i>No more than 20% of the annual budget for Level 2 or DCFC respectively shall be given to an EV station owner that has multiple sites</i>; Eligible System Size: Maximum Power<br>
DCFC: 2 MW<br>
Level 2: 100 kW; Equipment Requirements: ; Installation Requirements: ; Ownership of Renewable Energy Credits: ",https://www.psegliny.com/saveenergyandmoney/GreenEnergy/EV/CommercialCustomers/MakeReady,"November 20, 2025",08/28/2021
4874,updated,True,NY,Financial Incentive,Sales Tax Incentive,State,Residential Wood Heating Fuel Exemption,New York State Department of Taxation and Finance,,,"<p>&#10;&#9;New York exempts retail sales of wood used for residential heating purposes from the state sales tax. The law also permits local governments (municipalities and counties) to grant an exemption from local sales taxes. If a city with a population of 1 million or more chooses to grant the local exemption, it must enact a specific resolution that appears in the state law. Local sales tax rates in New York range from 1.5% to more than 4% in addition to the general state sales tax rate of 4%. For buildings with both residential and non-residential units where more than 25% of the space is used for non-residential purposes, an allocation must be made between the amount of fuel used for residential purposes and that used for non-residential purposes.  The non-residential portion remains subject to the state sales tax.</p><p>This exemption also applies to natural gas, propane (sold in containers of 100 pounds or more), electricity, steam, fuel oil (except diesel motor fuel), and coal.</p>&#10;<p>&#10;&#9;The New York Department of Taxation and Finance publishes a variety of sales tax reports detailing local tax rates and exemptions, including those for residential energy services. The residential energy services sales tax list (<a class=""summarylink"" href=""http://www.tax.ny.gov/pdf/publications/sales/pub718r.pdf"" target=""_blank"" title=""Publication 718-R"">Publication 718-R</a>) is updated frequently.</p>",Incentive Amount: 100% exemption; Maximum Incentive: ; Equipment Requirements: ,https://www.tax.ny.gov/pubs_and_bulls/tg_bulletins/st/residential_energy.htm,"April 14, 2026",06/20/2011
1234,updated,True,NY,Financial Incentive,Sales Tax Incentive,State,Solar Sales Tax Exemption,New York State Department of Taxation and Finance,,,"<p>&#10;&#9;New York enacted legislation in July 2005 exempting the sale and installation of residential solar-energy systems from the state's sales and compensating use taxes. The exemption was extended to non-residential solar systems in August 2012 (<a href=""http://assembly.state.ny.us/leg/?default_fld=&amp;bn=S03203&amp;term=2011&amp;Summary=Y&amp;Actions=Y&amp;Text=Y"">S.B. 3203</a>), effective beginning January 1, 2013. In 2015 (<a href=""http://assembly.state.ny.us/leg/?default_fld=&amp;bn=A03009&amp;term=2015&amp;Summary=Y&amp;Actions=Y&amp;Text=Y"">A.B. 3009</a>) the exemption was extended to solar systems that are owned by third party owners, who provide solar electricity to residential and commercial users. Both solar lease payments and the receipts of the sale of electricity by such systems are exempt from state sales and use tax. The exemption was further extended to residential energy storage systems (<a href=""https://www.nysenate.gov/legislation/bills/2023/A8808/amendment/C"">A.B. 8808</a> of 2024). This extension includes storage systems that are owned by third party owners, who provide solar electricity to residential user, lease payments and the receipts of the sale of electricity by such systems are exempt from state sales and use tax. </p><p><span>For both residential and non-residential systems, the exemption applies to solar-energy systems that utilize solar radiation to produce energy designed to provide heating, cooling, hot water and/or electricity. It does not include equipment that is part of a &#34;non-solar energy system&#34;. For residential systems additional language prohibits the exemption from being claimed for a system that uses &#34;any sort of recreational facility or equipment as a storage medium&#34;.  This language is not replicated in the non-residential exemption, thus it would appear that a system used to heat a non-residential pool would qualify while one used to heat a residential pool would not. There is not an expiration date for this incentive</span>.<span>*</span></p><p>&#10;&#9;The law also permits local governments (municipalities and counties) to grant an exemption from local sales taxes. If a city with a population of 1 million or more chooses to grant the local exemption, it must enact a specific resolution that appears in the state law. The New York Department of Taxation and Finance publishes a variety of <a href=""https://www.tax.ny.gov/pubs_and_bulls/publications/sales/rates_by_local_jurisdiction.htm"">sales tax reports</a> detailing local tax rates and exemptions, including those for solar energy equipment. The solar sales tax list (<a href=""https://www.tax.ny.gov/pdf/publications/sales/pub718s.pdf"">Publication 718-S</a>) is updated several times per year. The New York Department of Taxation and Finance has issued a small amount of additional guidance and instructions on how to claim the residential exemption in <a class=""summarylink"" href=""http://www.tax.ny.gov/pdf/memos/sales/m05_11s.pdf"" target=""_blank"" title=""Publication TSB-M-05(11)S"">Publication TSB-M-05(11)S</a>. In December 2012 the department issued similar instructions on how the claim the commercial exemption in <a class=""summarylink"" href=""http://www.tax.ny.gov/pdf/memos/sales/m12_14s.pdf"" target=""_blank"" title=""Publication TSB-M-12(14)S"">Publication TSB-M-12(14)S</a>.  Effective December 2015, the department issued guidance <a href=""https://www.tax.ny.gov/pdf/publications/sales/pub718ppa.pdf"">PUB 718-PPA</a> for claiming sales and use tax exemption for sales of electricity generated through solar systems and sold under a solar power purchase agreement (PPA). <span>More information, including a list of jurisdictions that provide an exemption, can be found </span><a class=""summarylink"" href=""http://www.tax.ny.gov/pdf/publications/sales/pub718cs.pdf"" target=""_blank"">here</a><span>.  A <a href=""https://www.tax.ny.gov/pubs_and_bulls/tg_bulletins/st/exemption_certificates_for_sales_tax.htm"">Sales Tax Exemption Certificate </a>is required to claim sales and use tax exemption for solar energy related equipment and other purchases.   </span></p>&#10;<p><a href=""https://www.tax.ny.gov/pdf/publications/sales/pub718cs.pdf"">Local Sales and Use Tax Rates on Sales and Installations of Commercial Solar Energy Systems Equipment</a> - Effective March 1, 2022</p><p><a href=""https://www.tax.ny.gov/pdf/publications/sales/pub718ppa.pdf"">Local Sales and Use Tax Rates on Sales of Electricity under Solar Power Purchase Agreements</a> - Effective September 1, 2022</p><p><a href=""https://www.tax.ny.gov/pdf/publications/sales/pub718s.pdf"">Local Sales and Use Tax Rates on Sales and Installations of Residential Solar Energy Systems Equipment</a> - Effective March 1, 2022</p><p>&#10;&#9;<i>*The New York Code contains duplicate sections NYCL Tax § 1115 (ee). The first pertains to the sales tax exemption for residential solar energy systems and contains no expiration date, while the second contains rules for an unrelated exemption with expiration dates of December 1, 2028, and December 1, 2030. This appears to be a mistake that will not affect the sales tax exemption for residential solar energy equipment.</i></p>",Incentive Amount: 100% exemption from state sales tax; Maximum Incentive: ; Equipment Requirements: ,https://www.tax.ny.gov/pubs_and_bulls/publications/sales/st_pubs_and_bulls_by_number.htm,"April 14, 2026",08/10/2005
3259,updated,True,OH,Financial Incentive,Loan Program,Local,Hamilton County - Home Improvement Program,Hamilton County Department of Planning and Development,,,"<p>The Home Improvement Program (HIP) in Hamilton County, Ohio, originally opened in 2002, and was reinstated in May 2008. The HIP loan allows homeowners in Hamilton County communities to borrow money to repair or remodel homes or rental property at interest rates 3% below the lowest rate a bank would normally offer. The following banks participate:  Fifth Third Bank, U.S. Bank, KeyBank, North Side Bank and First Safety Bank. The HIP loan is usually structured as a home equity loan, secured by a second mortgage on the property. Credit requirements apply.<br />
<br />
Eligible residential (one- or two-family homes) and commercial properties must have an assessed value of less than $350,000 and must be current on property tax payments. There is no property value limit on multi-family dwellings (three or more units). Loans may be used for alteration, repair, maintenance or improvements, including renewable energy and energy efficiency improvements, although funds may not be used for luxury projects (e.g., swimming pools, hot tubs) or for free-standing appliances. Appliances that are permanently installed are permissible.</p>","Maximum Loan: $50,000; Loan Term: 5 years; Interest Rate: 3% below market rate",https://www.hamiltoncountyohio.gov/community/home_improvement_program_hip.php#collapselinks-472-21b10,"January 15, 2026",02/11/2009
2008,updated,True,OK,Financial Incentive,Rebate Program,Utility,Edmond Electric - Energy Efficiency Rebate Programs,City of Edmond Utility Office,Comprehensive Measures/Whole Building; Dual Fuel Air-Source Heat Pump; Ducted Mini-Split Heat Pump; Ductless Mini-Split Heat Pump; Geothermal Heat Pumps,Incentive min: 75.0000 $/ton; Incentive max: 250.0000 $/ton; Incentive min: 250.0000 $/ton; Incentive max: 800.0000 $/ton; Incentive max: 100000.0000 $,"<p>Edmond Electric offers rebates to customers who install energy-efficient measures in their homes. Equipment must meet specific energy-efficient standards listed on the program website.  Interested customers should contact Edmund Electric to schedule a free energy audit, which is required prior to system installation.</p>","Incentive Amount: <a href=""https://www.edmondok.gov/1292/Heat-Pump-Rebates""> Heat Pump Rebate Program</a><br />
<a href=""https://www.edmondok.gov/1294/Demand-Energy-Efficiency-Program""> Demand & Energy Efficiency Program</a><br />; Maximum Incentive: ; Eligible System Size: ; Equipment Requirements: ; Installation Requirements: ; Ownership of Renewable Energy Credits: ",https://www.edmondok.gov/1290/Rebates-Programs,"October 7, 2025",08/22/2006
1230,updated,True,OK,Financial Incentive,Personal Tax Credit,State,Energy Efficient Residential Construction Tax Credit (Personal),Oklahoma Tax Commission,Air conditioners; Building Insulation; Caulking/Weather-stripping; Comprehensive Measures/Whole Building; Doors; Duct/Air sealing; Furnaces; Heat pumps; Roofs; Windows,Incentive max: 4000.0000 $,"<p>&#10;&#9;Oklahoma allows a contractor who is the primary builder of an energy efficient home or manufactured home substantially completed after December 31, 2005, to claim an income tax credit beginning in tax year 2006. The home must be under 2,000 square feet. Improvements eligible for the credit include energy efficient heating and cooling systems, windows, doors, roofs, and insulation to minimize heat loss and gain.<br/>&#10;&#9;<br/>&#10;&#9;The contractor can take a tax credit for the amount of the eligible expenditures, not to exceed $2,000 for a home that is between 20% and 39% above the International Energy Conservation Code 2003 (and any supplement in effect at the time of completion) or $4,000 for a home that is 40% or above of the Code. In addition, the heating and cooling efficiencies must meet the minimum requirements established by the National Appliance Energy Conservation Act of 1987 and building envelope improvements must account for a certain percentage of the reduced annual heating and cooling energy consumption levels.<br/>&#10;&#9;<br/>&#10;&#9;The contractor can carryover any unused portion of the tax credit for up to 4 subsequent years. Credits earned after August 25, 2006 are freely transferable to any taxpayer upon the filing of a transfer agreement.</p>","Incentive Amount: Amount of eligible expenditures; Maximum Incentive: $4,000; Eligible System Size: ; Equipment Requirements: Property must be less than 2,000 square feet.; Installation Requirements: ; Carryover Provisions: Can carry over unused credit for up to four years",,"March 21, 2026",07/29/2005
3639,updated,True,OK,Financial Incentive,Rebate Program,Utility,OG&E - Commercial Energy Efficiency Rebate Programs,OGE Energy,Attic Insulation; Doors; HVAC; Programmable Thermostats; Windows,Incentive max: 500.0000 $; Incentive max: 350.0000 $; Incentive max: 200.0000 $; Incentive max: 50.0000 $; Incentive max: 3000.0000 $,"<p>OG&amp;E offers businesses a range of energy-efficiency programs aimed at reducing operating costs and improving sustainability. Qualifying commercial and industrial customers can receive services such as energy assessments, benchmarking support, incentives tailored to specific projects, and upgrades in areas like LED lighting, HVAC systems, refrigeration, and building controls. For small businesses, OG&amp;E may cover up to 90 % of costs for eligible upgrades (assessment + installation by approved contractors). Their “Midstream” offering provides instant point-of-sale discounts on efficient products (e.g. lighting, refrigeration, kitchen equipment) that meet DLC/ENERGY STAR criteria. The program also includes an “Advanced A/C Tune-Up,” which can improve HVAC efficiency by as much as 30 %. OG&amp;E works with “Trade Allies” and participating contractors/distributors, and offers resources to track rebate applications, measure project status, and benchmark usage over time.</p><p><span>To learn more or get started, customers can contact BusinessEE@oge.com.</span></p>","Incentive Amount: Log-in to OG&E account to view the rebate form; Maximum Incentive: ; Eligible System Size: ; Equipment Requirements: <a href=https://www.oge.com/wps/wcm/connect/09a88f0b-01e3-490a-ab41-ae3af24e1bf3/OK-Rebates-Attic+Insulation-Guidelines.pdf?MOD=AJPERES&CVID=psvceTH""> Eligibility & Guidelines</a>; Installation Requirements: ; Ownership of Renewable Energy Credits: ",https://www.oge.com/wps/portal/ord/energy-solutions/efficiency-programs/commercial-industrial-energy-efficiency/!ut/p/z1/lZHLDoIwEEU_qUNbSruEVFvEpKAI2I1hRUgUXRi_XwwJCS_F2TVzz5zMFFlUINuUr7oqn_W9Ka_t-2zZBYNWWnDsxCmXwIQ-iiighGuC8i6gJdM7BUYlkQsJgY2fUUoACLJreF,"October 7, 2025",08/27/2009
3590,updated,True,OK,Financial Incentive,Rebate Program,Utility,Oklahoma Electric Cooperative - Energy Efficiency Rebate Program,Oklahoma Electric Cooperative,Ductless Mini-Split Heat Pump; Geothermal Heat Pumps; HVAC; LED Lighting; Level-2 Electric Vehicle Service Equipment; Programmable Thermostats; Water Heaters,Incentive max: 750.0000 $/ton; Incentive : 50.0000 $/Unit; Incentive : 1000.0000 $; Incentive : 300.0000 $; Incentive : 50.0000 $,"<p>Oklahoma Energy Cooperative (OEC) offers rebates to residential customers for the purchase of air-source components, products and energy-efficient design.</p><p>All Rebates must be verified by an Energy Efficiency Specialist. New Homes rebates apply to homes permitted within the last 12 months. For questions contact Daniel Lofland at Daniel.Lofland@okcoop.org or (405) 217-6631. Subject to change based on availability of funding.</p><p>Visit the program website for more information.</p>","Incentive Amount: <a href=""https://okcoop.org/wp-content/uploads/2025/07/2025-Rebate-Program-Proposal-for-website.pdf""> 2025 Rebate Program</a><br />; Maximum Incentive: ; Eligible System Size: ; Equipment Requirements: See program website; Installation Requirements: ; Ownership of Renewable Energy Credits: ",https://okcoop.org/energy-efficiency-rebates/,"October 7, 2025",08/10/2009
4525,updated,True,OK,Financial Incentive,Rebate Program,Utility,Oklahoma Municipal Power Authority - WISE Energy Efficiency Rebate Program,,,,"<p>The Oklahoma Municipal Power Authority (OMPA) offers residential and commercial customers rebates on a variety of HVAC equipment through its Ways I Save Electricity (WISE) Rebate program. This program encourages customers and builders to upgrade to energy efficient heating and cooling equipment in participating homes and facilities. Rebates are available on air-source heat pumps, dual fuel heat pumps, mini-split heat pumps, and geothermal heat pumps for residential, commercial, and multi-family customers. Air sealing, ceiling insulation, water heater rebates are available for residential customers only. OMPA will cover 50% of the cost for eligible upgrades through this program, while local municipalities will cover the remaining 50% of the cost. Read all equipment requirements on the program website or view the program brochure to ensure eligibility. Contact OMPA for other information on this program.</p>","Incentive Amount: Residential:<br>
Air-Source Heat Pumps: $175-$300/ton (for multi-family, $150/ton for first 50 units plus $100/ton for remaining units) <br />
Dual-Fuel Heat Pumps: $125-$250/ton (for multi-family, $100/ton for first 50 units plus $50/ton for remaining units) <br />
Mini-Split Heat Pumps: $150/ton<br>
Air Sealing (must be paired with ceiling installation rebate): $150<br>
Ceiling Insulation: $250-$500 <br />
Electric Water Heater: $200-$250 ($350 if switching from gas) <br />
Heat Pump Water Heater: $250 ($500 if switching from gas)<br />
<br>
Commercial:<br>
Air-Source Heat Pumps: $125-$250/ton (for multi-family, $100/ton for first 50 units plus $50/ton for remaining units)<br />
Dual-Fuel Heat Pumps: $75-$200/ton (for multi-family, $75/ton for first 50 units plus $25/ton for remaining units)<br />
Mini-Split Heat Pumps: $100/ton<br>
<br>
Geothermal Heat Pumps:<br>
Electric: $800/ton<br>
Dual Fuel: $250/ton<br>
Replacement: $250/ton<br>
Addition to Existing System: $250/ton or $800/ton; Maximum Incentive: ; Eligible System Size: ; Equipment Requirements: Air sealing must have at least a 20% reduction in air leakage. Ceiling insulation must have a minimum total installed R-value of R-49. See program website for more information.; Installation Requirements: ; Ownership of Renewable Energy Credits: ",https://www.ompa.com/services/rebate-programs/,"June 8, 2026",01/03/2011
2158,updated,True,OR,Financial Incentive,Loan Program,Utility,EWEB - Residential Energy Efficiency Loan Programs,Eugene Water & Electric Board,Ducted Mini-Split Heat Pump; Ductless Mini-Split Heat Pump; General Air Sealing; Heat Pump Water Heater; Insulation; Windows,Incentive max: 2500.0000 $; Incentive max: 6000.0000 $; Incentive max: 20000.0000 $; Incentive max: 1000.0000 $; Incentive max: 6000.0000 $; Incentive max: 9000.0000 $; Incentive max: 20000.0000 $; Incentive max: 15000.0000 $; Incentive max: 14000.0000 $; Incentive max: 5.0000 Years; Incentive : 2.0000 Years,"<p>Eugene Water and Electric Board (EWEB) assists residential customers in financing energy efficiency improvements through a variety of loan programs.  Zero-interest loans of varying amounts and repayment periods are available for air-source and ductless heat pumps, and weatherization measures including window replacements and insulation upgrades.  Generally, eligible homes must have permanently installed electric heat as their primary heating source. For additional information and program details consult the website listed above or contact EWEB directly.</p>","Maximum Loan: Heat Pump Water Heater Program (Standard & Income-Based): Up to $2,500<br />
Insulation (Single Family): Up to $6,000<br />
Insulation (Multi Family): Up to $4,000 for the first unit and $500 per additional unit loan cap of up to $20,000 per customer<br />
Air Sealing: Up to $1,000<br />
Windows (Single Family): Up to $6,000 - $9,000 depending on rating<br />
Windows (Multi-Family): Up to $4,000 for the first unit and $500 per additional unit up to $20,000 per customer<br />
Windows (Income-based): Up to $6,000<br />
Ducted Heat Pumps (Standard): Up to $15,000<br />
Ducted Heat Pumps (Income-based): Up to $15,000<br />
Ductless Heat Pumps (Standard & Income): Up to $6,000 for single-head systems plus $2,000 for each additional head up to $14,000 total<br />; Loan Term: Heat Pump Water Heater Program (Standard & Income-Based): 48 Month Term<br />
Insulation (Under $5,000): 48-month term<br />
Insulation (Over $5,000): 60-month term<br />
Air Sealing: 48-month term<br />
Windows (Under $5,000): 48-month term<br />
Windows (Over $5,000): 60-month term<br />
Ducted Heat Pumps (Under $5,000): 48-month term<br />
Ducted Heat Pumps (Over $5,000): 60-month term<br />
Ductless Heat Pumps (Under $5,000): 48-month term<br />
Ductless Heat Pumps (Over $5,000): 60-month term<br />; Interest Rate: Heat Pump Water Heater Program (Standard & Income-Based): 0%<br />
Insulation: 0%<br />
Air Sealing: 0%<br />
Windows: 0%<br />
Heat Pumps: 0%<br />",http://www.eweb.org/residential-customers/rebates-loans-and-conservation,"October 14, 2025",09/14/2006
2157,updated,True,OR,Financial Incentive,Rebate Program,Utility,EWEB - Residential Energy Efficiency Rebate Programs,Eugene Water & Electric Board,Ducted Mini-Split Heat Pump; Ductless Mini-Split Heat Pump; Heat Pump Water Heater; Insulation; Level-2 Electric Vehicle Service Equipment; Windows,Incentive : 900.0000 $; Incentive : 1.0000 $/square foot; Incentive : 4.0000 $/square foot; Incentive : 1000.0000 $; Incentive : 800.0000 $; Incentive max: 500.0000 $,"<p>Eugene Water &amp; Electric Board (EWEB) offers a variety of residential rebates, loans, and conservation programs to help customers save energy, water, and money. Incentives are available for upgrades like insulation, windows, heat pumps, heat pump water heaters, smart thermostats, and water-saving fixtures, along with low-interest loans for efficiency improvements. Contact the utility or see the program web site for more information.</p>","Incentive Amount: <ul>
  <li><b>Heat Pump Water Heaters</b>
    <ul>
      <li>Standard: $900</li>
      <li>Income-based: $1,700</li>
    </ul>
  </li>

  <li><b>Heating & Cooling</b>
    <ul>
      <li>Ducted Heat Pump: $1,000</li>
      <li>Ducted Heat Pump (Income-based): $1,000 - $6,000</li>
      <li>Ductless Heat Pump: $800</li>
      <li>Ductless Heat Pump (Income-based): $1,000 - $4,500</li>
    </ul>
  </li>

  <li><b>Home Envelope Upgrades</b>
    <ul>
      <li>Insulation: $1 per sq ft</li>
      <li>Insulation (Income-based): 100% of cost</li>
      <li>Air Sealing: $0.10 per sq ft</li>
      <li>Duct Sealing: $250</li>
      <li>Duct Sealing (Income-based): $250</li>
      <li>Insulated Doors: $40</li>
      <li>Windows: $4 per sq ft</li>
      <li>Windows (Income-based): $10 - $20 per sq ft</li>
    </ul>
  </li>

  <li><b>Electric Vehicles</b>
    <ul>
      <li>Level 2 EV Charging: Up to $500</li>
    </ul>
  </li>
</ul>; Maximum Incentive: ; Eligible System Size: ; Equipment Requirements: ; Installation Requirements: ; Ownership of Renewable Energy Credits: ",http://www.eweb.org/residential-customers/rebates-loans-and-conservation,"October 28, 2025",09/14/2006
1232,updated,True,OR,Financial Incentive,Loan Program,Utility,Emerald PUD - Residential Energy Efficiency Loan Programs,Emerald People's Utility District,,,"<p>Emerald People's Utility District (EPUD) has a loan program through Pacific Cascade Federal Credit Union to help residential customers improve the energy efficiency of their homes.  Through this loan program, residents can borrow up to $5,000 with zero interest to install insulation in the attic, floor, and walls, and to upgrade windows and doors. However, the maximum loan amount available through this program varies by technology. The first step to obtaining a weatherization loan is to call Emerald Energy Services and schedule an energy analysis. An energy analyst will visit the home to help determine what energy saving measures are needed.<br/>&#10;<br/></p>&#10;<p>For more information on all programs, interested customers should consult the program <a href=""https://epud.upgrade.guide/recommendations/255b793d-9314-417d-aadd-c13be7448a42/?embed#"">website </a>or contact Energy Services at (541) 746-1583.</p>","Maximum Loan: $5,000; Loan Term: Varies; Interest Rate: 0%",https://epud.upgrade.guide/recommendations/255b793d-9314-417d-aadd-c13be7448a42/?embed#,"October 22, 2025",09/07/2006
2132,updated,True,OR,Financial Incentive,Rebate Program,Utility,Emerald PUD - Residential Energy Efficiency Rebate Program,Emerald People's Utility District,Attic Insulation; Clothes Washers; Comprehensive Measures/Whole Building; Doors; Ducted Mini-Split Heat Pump; Ductless Mini-Split Heat Pump; Electric Clothes Dryer; Floor Insulation; Heat Pump Water Heater; Programmable Thermostats; Wall Insulation; Windows,Incentive : 900.0000 $; Incentive : 35.0000 $; Incentive : 50.0000 $; Incentive min: 500.0000 $; Incentive max: 1000.0000 $; Incentive : 800.0000 $; Incentive : 140.0000 $; Incentive : 0.5000 $/square foot; Incentive : 0.5000 $/square foot; Incentive : 0.5000 $/square foot; Incentive : 8.0000 $/square foot; Incentive : 40.0000 $; Incentive min: 1200.0000 $; Incentive max: 2500.0000 $,"<p>Emerald People's Utility District (EPUD) offers several incentives for its residential customers to increase the energy efficiency of homes. Emerald PUD offers rebates for ENERGY STAR rated appliances, heat pumps, insulation, windows, lighting, and ENERGY STAR homes. All equipment must meet program requirements in order to be eligible for rebates. Rebate forms and program details are available on the program web site listed above.<br/>&#10;<br/>&#10;Emerald PUD also offers low interest loans for some of the items covered under these rebates. Contact Emerald PUD for more information on this and other offerings.</p>","Incentive Amount: <strong>Appliances & Lighting</strong><br>
Heat Pump Water Heater: $900<br>
Clothes Washer: $35<br />
Clothes Dryer: $50<br>
Generator Transfer Switch: $500<br>
Lighting: Discounts from various local retailers<br>
<strong>Heating & Cooling</strong><br>
Ducted Heat Pump Upgrade or Conversion: $500 - $1,000<br>
Ductless Heating/Cooling System: $800<br>
Smart Thermostats: $140<br>

<strong>Insulation</strong><br>
Attic Insulation: $0.50/sq. ft. not to exceed 50% of cost OR Interest Free Financing up to $5,000<br>
Floor Insulation: $0.50/sq. ft. not to exceed 50% of cost OR Interest Free Financing up to $5,000<br>
Wall Insulation: $0.50/sq. ft. not to exceed 50% of cost OR Interest Free Financing up to $5,000<br>
Windows: $8/sq. ft.<br>
Doors: $40/door<br>

<strong>New Construction</strong><br>
New electrically heated ENERGY STAR Manufactured Home (NEEM 1.1) $1,200<br>
New electrically heated ENERGY STAR Manufactured Home (NEEM 2.0) $1,400<br>
Replacement of Pre-1976 Manufactured Home with an electrically heated new ENERGY STAR Manufactured Home (NEEM 1.1) $2,200<br>
Replacement of Pre-1976 Manufactured Home with an electrically heated new ENERGY STAR Manufactured Home (NEEM 2.0) $2,500<br>; Maximum Incentive: Windows, Doors, Insulation: 50% of project cost; Eligible System Size: ; Equipment Requirements: Appliances must be ENERGY STAR rated<br />
Clothes Washer: MEF 2.0, WF 6.0 minimum, electric water heating only<br />
Heat Pump Water Heater: Must replace electric storage water heater and be at least 50 gallons<br /><br>

<strong>Weatherization Measures</strong><br />
Insulation: As close to the following R ratings as practical: Attic R-49, Floor R-30, Wall R-11<br />
Duct Sealing: PTCS specifications<br />
Windows: U-factor .30 or lower<br />
Door: ENERGY STAR rated; Installation Requirements: ; Ownership of Renewable Energy Credits: ",https://www.epud.org/conservation-energy-savings/residential-programs/,"October 22, 2025",09/07/2006
5416,updated,True,OR,Financial Incentive,Property Tax Incentive,State,Local Option - Rural Renewable Energy Development Zones,The Oregon Business Development Commission,,,"<p>&#10;&#9;Cities, counties, or several contiguous counties in Oregon can set up Rural Renewable Energy Development (RRED) Zones. The zone can only cover territory outside of the urban growth boundary of any large city or metropolitan area. Businesses must meet certain employment and/or investment requirements to be eligible.</p>&#10;<p><span>Commercial renewable energy properties in these zones are eligible for a 3 to 5 year local property tax exemption. Eligible investments include wind, geothermal, solar, biomass, or other unconventional forms of electricity generation, or systems that produce, distribute or store biofuels. Each zone sets a local cap for the total value of property that can qualify for the abatement, up to $250 million in initial market value of each project. Interested businesses must apply for authorization before construction or installation begins.</span></p><p><span>Depending on the zone, businesses may also be eligible for other local property tax incentives. For a current list of designated zones, see the program website listed above. </span><br/></p><p>Designated Zones:</p><ul><li>Clackamas County*&#9;Effective January 13, 2022</li><li>Coos County&#9;Effective December 2, 2019</li><li>Crook County&#9;Effective January 1, 2020</li><li>Deschutes County*&#9;Effective January 8, 2015</li><li>Douglas County&#9;Effective January 29, 2020</li><li>Gilliam County Effective January 20, 2021</li><li>Jackson County*&#9;Effective December 12, 2014</li><li>Lake County&#9;Effective July 1, 2019</li><li>Linn County*&#9;Effective July 1, 2018</li><li>Malheur County&#9;Effective January 1, 2015</li><li>Polk County*&#9;Effective July 1, 2018</li><li>Sherman County&#9;Effective February 28, 2019</li><li>Wasco County&#9;Effective May 6, 2020</li><li>City of Pilot Rock&#9;Effective February 18, 2020</li></ul><p><br/></p><p>*Excluding any area within urban growth boundary (UGB) of a metropolitan region or city with a population of 30,000 or more.</p>","Incentive Amount: 3-5 year exemption from local property taxes; Maximum Incentive: The total amount of property among one or more projects that can qualify is subject to a locally-set cap, but is not to exceed $250 million; Eligible System Size: ; Equipment Requirements: ",https://www.oregon.gov/biz/programs/RuralRenewableEnergyDevelopment%28RRED%29Zone/Pages/default.aspx,"October 8, 2025",06/10/2013
3963,updated,True,OR,Financial Incentive,Rebate Program,Utility,McMinnville Water and Light - Residential Energy Efficiency Rebate Program,McMinnville Water & Light,Attic Insulation; Clothes Washers; Comprehensive Measures/Whole Building; Doors; Dual Fuel Air-Source Heat Pump; Ductless Mini-Split Heat Pump; Electric Clothes Dryer; Floor Insulation; Heat Pump Water Heater; Programmable Thermostats; Wall Insulation; Windows,Incentive min: 0.5500 $/square foot; Incentive max: 1.5000 $/square foot; Incentive min: 0.5500 $/square foot; Incentive max: 1.0000 $/square foot; Incentive min: 0.5500 $/square foot; Incentive max: 1.5000 $/square foot; Incentive : 30.0000 $/Unit; Incentive min: 4.5000 $/square foot; Incentive max: 12.0000 $/square foot; Incentive : 600.0000 $; Incentive : 105.0000 $/Unit; Incentive min: 750.0000 $; Incentive max: 900.0000 $; Incentive min: 525.0000 $; Incentive max: 675.0000 $; Incentive min: 900.0000 $; Incentive max: 1050.0000 $; Incentive : 30.0000 $; Incentive : 35.0000 $,"<p>McMinnville Water and Light (MWL) offers rebates on energy efficient homes, appliances and equipment to residential customers.  Rebates are available for Heat Pumps, Windows, Duct Sealing, Insulation and others. Visit the program <a href=""https://www.mc-power.com/energy-efficiency/energy-efficiency-rebates-incentives/"">website</a><a href=""https://www.mc-power.com/wordpress/wp-content/uploads/MWL-List-of-Residential-Conservation-Incentives-FY22-23-002.pdf""> </a>to learn more details.</p>","Incentive Amount: <b>Insulation/Weatherization</b><br />
Attic: $0.55 - $1.50/sq ft<br />
Floor: $0.55 - $1.00/sq ft<br />
Walls: $0.55 - $1.50/sq ft<br />
Exterior Doors: $30/unit<br />
Window: $4.50 - $12/sq ft<br />
Patio Doors: $4.50 - $12/sq ft<br />
<b>HVAC</b><br />
Ductless Heat Pump: $600<br />
Smart Thermostat: $105/unit<br />
Air Source Heat Pump: $750 - $900<br />
Heat Pump Water Heater: $525 - $675<br />
<b>Other</b><br />
Energy Star Manufactured Homes: $900 - $1,050<br />
Clothes Washer: $30<br />
Electric Clothes Dryer: $35<br />; Maximum Incentive: ; Eligible System Size: ; Equipment Requirements: ; Installation Requirements: ; Ownership of Renewable Energy Credits: ",https://www.mc-power.com/energy-efficiency/energy-efficiency-rebates-incentives/,"October 22, 2025",02/09/2010
2316,updated,True,OR,Financial Incentive,Rebate Program,Utility,OTEC - Residential Energy Efficiency Rebate Program,Oregon Trail Electric Cooperative,Air conditioners; Attic Insulation; Clothes Washers; Comprehensive Measures/Whole Building; Dishwasher; Doors; Electric Clothes Dryer; Floor Insulation; Heat Pump Water Heater; Heat pumps; Programmable Thermostats; Refrigerators/Freezers; Wall Insulation; Water Heaters; Windows,Incentive min: 50.0000 $; Incentive max: 175.0000 $; Incentive min: 30.0000 $; Incentive max: 35.0000 $; Incentive : 10.0000 $; Incentive : 10.0000 $; Incentive min: 150.0000 $; Incentive max: 525.0000 $; Incentive : 100.0000 $; Incentive : 100.0000 $; Incentive min: 150.0000 $; Incentive max: 800.0000 $; Incentive : 150.0000 $; Incentive min: 600.0000 $; Incentive max: 1250.0000 $; Incentive : 3.9000 $/square foot; Incentive : 5.2000 $/square foot; Incentive min: 0.3600 $/square foot; Incentive max: 1.3000 $/square foot; Incentive min: 0.0700 $/square foot; Incentive max: 0.6800 $/square foot; Incentive min: 0.3400 $/square foot; Incentive max: 1.5000 $/square foot; Incentive : 26.0000 $/Unit,"<p>Oregon Trail Electric Cooperative (OTEC) assists residential members in reducing electric consumption by providing rebates for energy efficient equipment. OTEC offers an appliance program, a heat pump program, a manufactured home program (NEEM or ENERGY STAR), and a window program. Rebates may not be combined. The applicant must be a member of OTEC and/or provide proof that the project is being completed within OTEC's service territory. Forms and other resources can be found on the program <a href=""https://otec.coop/residential"">website</a>.</p>&#10;<p> </p>","Incentive Amount: <i><b>All incentives eligible for Buy Local Rebates</i></b><br><br>
<b>Appliances</b><br>
Clothes Dryer: $50 - $175<br />
Clothes Washer: $30 - $35<br />
Dishwasher: $10.00<br />
Oven/Cookup: $25<br>
Refrigerator: $10.00<br />
Freezer: $10.00<br />
Heat Pump Water Heater: $150 - $525<br />
Electric Storage Water heater: $100.00<br>
Smart Thermostat: $100<br>
Thermostatically Controlled Outlets: $10<br />
<b>HVAC</b><br>
Heat Pump – All Electric (No wood heat): $500<br>
Heat Pump – All Electric (Wood heat removal): $800<br>
Heat Pump – All Electric (Wood heat retention): $650<br>
Heat Pump Dual Fuel: $150<br>
Central Air Conditioning: $150<br>
<b>Manufactured Home Program</b><br>
New Manufactured Home: NEEM 1.1 rebate is $600, 2.0 is $700<br>
New Manufactured Home Replacement: NEEM 1.1 rebate is $1,100, 2.0 is $1,250<br>
<b>Windows/Insulation</b><br>
Windows .30 to .23 u-factor: $3.90/sq. ft.<br>
Windows .22 or lower u-factor: $5.20/sq. ft.<br>
Wall Insulation: $0.36 - $1.30/sq. ft.<br>
Floor Insulation: $0.07 - $0.68/sq. ft.<br>
Attic Insulation: 0.34 - $1.50/sq. ft.<br>
Exterior Doors: $26/door<br>; Maximum Incentive: ; Eligible System Size: ; Equipment Requirements: <b>Appliances</b><br>
Clothes Dryer: ENERGY STAR<br />
Clothes Washer: ENERGY STAR<br />
Dishwasher: ENERGY STAR<br />
Oven: ENERGY STAR<br>
Refrigerator: ENERGY STAR<br />
Freezer: ENERGY STAR<br />
Heat Pump Water Heater: Qualified products<br />
Electric Storage Water heater: Qualified products<br>
Thermostatically Controller Outlet: Qualified products<br>
Smart Thermostat: Qualified products<br>
<br>
<b>HVAC</b><br>
Heat Pump – All Electric Wood Heat Retention: must comply with the current BPA and\or OTEC standards<br />
Heat Pump Dual Fuel: must comply with the current BPA and\or OTEC standards<br />
Central Air Conditioning: must comply with the current BPA and\or OTEC standards<br>
Heat Pump – All Electric Wood Heat Removal: must comply with the current BPA and\or OTEC standards<br />
Heat Pump – All Electric No wood heat: must comply with the current BPA and\or OTEC standards<br />
<br />
<b>Manufactured Home Program</b><br>
New Manufactured Home: NEEM 1.1 - 2.0 <br>
New Manufactured Home Replacement: NEEM 1.1 - 2.0<br>
<br>
<b>Windows/Insulation</b><br>
Windows .30 to .23 u-factor: must be .30 or better u-factor vinyl windows<br>
Windows .22 or lower u-factor: must be .30 or better u-factor vinyl windows<br>
Wall Insulation: Pre-condition is zero insulation<br>
Floor Insulation: Pre-condition is zero insulation<br>
Attic Insulation: Pre-condition is zero insulation<br>
Exterior Doors: energy star<br>; Installation Requirements: ; Ownership of Renewable Energy Credits: ",https://otec.coop/residential,"October 23, 2025",09/29/2006
1674,updated,True,OR,Financial Incentive,Rebate Program,Utility,Portland General Electric - Residential Energy Efficiency Rebate Program,Portland General Electric,Air conditioners; Duct Insulation; Duct/Air sealing; Furnaces; Heat Pump Water Heater; Heat pumps; Pool Pumps; Water Heaters,Incentive min: 400.0000 $; Incentive max: 500.0000 $; Incentive : 650.0000 $; Incentive : 300.0000 $; Incentive : 750.0000 $; Incentive : 300.0000 $; Incentive max: 350.0000 $; Incentive : 350.0000 $,<p>Portland General Electric's (PGE) Residential Energy Efficiency Rebate Program offers offers a variety of rebates to residential customers for energy efficient improvements. See the program web site or contact the utility for additional information on program incentives and guidelines.</p>,"Incentive Amount: Energy Star Air Conditioners & Heat Pumps: $400 - $500<br />
Energy Star Furnace: $650<br />
Duct Sealing: $300<br />
Duct Insulation: $300<br />
Energy Star Heat Pump Water Heater: $750<br />
Pool Pump: $300<br />
Natural Gas Water Heater: Up to $350<br />
Natural Gas Fireplace: $150<br />
Natural Gas Furnace: Up to $350<br />; Maximum Incentive: ; Eligible System Size: ; Equipment Requirements: ; Installation Requirements: Heat Pump Instant Discount: Must be PGE approved contractor; Ownership of Renewable Energy Credits: ",https://www.portlandgeneral.com/residential/energy-savings/special-offers-incentives,"October 27, 2025",06/26/2006
165,expired+updated,True,OR,Financial Incentive,Property Tax Incentive,State,Renewable Energy Systems Exemption,Oregon Department of Energy,,,"<p><i><b>Note: This exemption may not be allowed for the tax years beginning after July 1, 2029.</b></i></p><p>&#10;&#9;Oregon law states that any change in real market value to property due to the installation of a qualifying renewable energy system is exempt from assessment of the property’s value for property tax purposes. Qualifying renewables include solar, geothermal, wind, water, fuel cell or methane gas systems used to heat, cool or generate electricity. This exemption is intended for end users and only applies to systems that are net metered or primarily intended to offset on-site electricity use.  Systems installed on real property that is otherwise exempt from property taxation will continue to be exempt.</p>",Incentive Amount: 100%; Maximum Incentive: ; Eligible System Size: ; Equipment Requirements: ,https://www.oregon.gov/energy/Incentives/Pages/default.aspx,"October 8, 2025",01/01/2000
1056,updated,True,PA,Financial Incentive,Grant Program,Local,Penelec SEF of the Community Foundation for the Alleghenies Grant Program (FirstEnergy Territory),Community Foundation of the Alleghenies,,,"<p><b><i>Note: grant applications are currently not being accepted until further notice.</i></b></p><p>FirstEnergy (formerly GPU) established the Metropolitan Edison Company Sustainable Energy Fund and the Penelec Sustainable Energy Fund in 2000. The Community Foundation for the Alleghenies in Johnstown, Pennsylvania administers the Penelec loan and grant components of the Fund. The majority of funding available from the fund takes the form of investments made in businesses pursuing one or more of the fund's objectives. These funds typically will be distributed as loans or equity investments, but a limited number of grants are available each year for specific purposes. </p><ul></ul>",Incentive Amount: Varies according to project; Maximum Incentive: Varies; Equipment Requirements: ; Installation Requirements: ,https://bccf.org/sustainable-energy-fund/,"January 14, 2026",03/06/2003
5068,expired+updated,True,PA,Financial Incentive,Rebate Program,Utility,Philadelphia Gas Works - Commercial and Industrial Equipment Rebate Program,Philadelphia Gas Works,Boilers; Commercial Cooking Equipment; Heat pumps,Incentive min: 2700.0000 $; Incentive max: 9000.0000 $; Incentive : 450.0000 $/ton; Incentive : 175.0000 $/Unit; Incentive : 510.0000 $/Unit,"<div><br/></div><div><span>Philadelphia Gas Works' (PGW) Commercial-sized Efficient Equipment rebates are available to all PGW firm-rate customers installing qualifying natural gas equipment. All equipment must meet program requirements in order to be eligible for rebates. Application including the purchase date, manufacturer, model, purchase price, and proof of payment. The qualifying equipment for rebates must be purchased and installed within the promotion dates. </span><br/></div><div><br/></div><div><span>See the program web site for more information on rebate amounts, equipment requirements and fund availability. </span><br/></div><div><br/></div><div><span><br/></span></div><div><br/></div>&#10;<p><br/></p>","Incentive Amount: <b>Heating Equipment</b><br />
Commercial Boiler: $2,700 - $9,000<br />
Commercial Low-Intensity Infrared Heater: $300/unit<br /><br />

<b>Water Heating</b><br />
 Water Heater: $4.25/MBH<br />
Low-Flow Showerhead: $18/showerhead<br />
Low-Flow Aerator: $5/aerator<br /><br />

<b>VRF Heat Pump</b>: $450/ton<br /><br />

<b>Building Controls & Distribution:</b><br /> Commercial Outdoor Reset: $400<br />
Commercial Steam Trap: $50 - $150<br /><br />

<b>Commercial Cooking</b><br />
Gas Fryer: $425 - $625/unit<br />
Gas Steam Cooker: $175 - $510<br /><br />

Commercial Building Roof: $0.60/sf<br />; Maximum Incentive: ""Most rebates are limited to $25,000 at an individual address. However, to encourage the submission of comprehensive rebate applications for commercial and multifamily projects, we offer higher rebate incentive caps for projects that incorporate eligible equipment and other improvements from multiple measure categories. Incentives across all projects are capped at $150,000 per customer per year.""<br />
<I>See website for additional details</I>; Eligible System Size: ; Equipment Requirements: ; Installation Requirements: Must be installed by a licensed contractor; Ownership of Renewable Energy Credits: ",https://pgwenergysense.com/commercial-rebates/,"November 14, 2025",05/19/2011
4831,expired+updated,True,PA,Financial Incentive,Rebate Program,Utility,Philadelphia Gas Works - Residential and Small Business Equipment Rebate Program,Philadelphia Gas Works,,,"&#10;<p>&#10;&#9;Philadelphia Gas Works' (PGW) Residential Heating Equipment rebates are available to all PGW residential or small business customers installing high efficiency boilers and furnaces, and tankless water heaters. All equipment must meet program requirements in order to be eligible for rebates. See the program website for more information on rebate amounts, equipment requirements and fund availability.</p>&#10;<div><br/></div>","Incentive Amount: <b>Residential Equipment Rebates</b><br />
Furnace: $250 - $800<br />
Boiler: $700 - $1,400<br />
Combi Boiler: $1,000 - $2,000<br />
Tankless Water Heater: $350 - $700<br /><br />

<b>Residential Air Sealing & Insulation</b><br />
Roof Insulation with Air Sealing: $0.30 - $0.95/sf<br /><br />
<I>*See website for product details</I>; Maximum Incentive: Most rebates are limited to $25,000 at an individual address. Incentives across all projects are capped at $150,000 per customer per year.; Eligible System Size: ; Equipment Requirements: Boiler and Furnace: AFUE 94% or greater; Installation Requirements: ; Ownership of Renewable Energy Credits: ",https://pgwenergysense.com/residential-rebates/,"November 14, 2025",05/19/2011
3352,updated,True,PA,Financial Incentive,Industry Recruitment/Support,State,Solar Energy Incentives Program,Department of Community and Economic Development,,,"<p><span>In July 2008, Pennsylvania enacted legislation providing $650 million to support a variety of renewable energy and energy efficiency technologies. Included in this legislation was a provision authorizing the creation of a $80 million grant and loan program for solar energy technologies. The program is jointly administered by the Department of Community and Economic Development (DCED) and the Department of Environmental Protection (DEP), under the direction of Commonwealth Finance Authority (CFA). Program guidelines were first issued in April 2009 although they have been revised since that time. Incentives are available to businesses (including non-profits), economic development organizations, and political subdivisions (e.g., local governments, schools, etc.).</span></p><p>&#10;&#9;<br/>&#10;&#9;The program will offer support for solar technologies in the form of loans, grants and loan guarantees (i.e., grants to be used in the event of a financing default). Eligible facilities are defined as those that generate, distribute, or store solar energy; manufacturing or assembly facilities for solar panels or other solar equipment; and solar technology R&amp;D facilities. This definition includes both solar photovoltaic (PV) and solar thermal systems. All systems must have a lifetime of at least four years. Funds may be used for the following project costs:</p>&#10;<ul>&#10;&#9;<li>&#10;&#9;&#9;Acquisition of land and buildings, rights-of-way, and easements necessary for project construction</li>&#10;&#9;<li>&#10;&#9;&#9;Clearing and preparation of land to build an eligible project</li>&#10;&#9;<li>&#10;&#9;&#9;Construction or renovation of a building to manufacture solar components and systems</li>&#10;&#9;<li>&#10;&#9;&#9;Equipment purchases for the manufacture of solar systems</li>&#10;&#9;<li>&#10;&#9;&#9;Purchase, installation and construction of facilities to produce, distribute, and store solar energy or produce hot water using solar energy</li>&#10;&#9;<li>&#10;&#9;&#9;Project planning and feasibility studies</li>&#10;&#9;<li>&#10;&#9;&#9;Permit fees</li>&#10;&#9;<li>&#10;&#9;&#9;Administrative costs associated with an eligible project, not to exceed 3% of funding</li>&#10;</ul>&#10;<p>&#10;&#9;The individual support mechanisms are described in more detail below. For all types of support, there is a general requirement that applicants provide matching funds equivalent to the funding offered under the program. Energy generation projects must undergo a solar shade analysis which shows annual energy production of at least 80% of optimal. In addition, all PV energy systems must be new and UL-listed and solar thermal systems must be new and SRCC OG-100 rated (or comparable rating approved by the DEP). All systems must be installed in accordance with the applicable construction codes and standards.<br/>&#10;&#9;<br/>&#10;&#9;<b>Loans</b><br/>&#10;&#9;Loans are available at a fixed interest rate -- 5% as of August 2011 -- for terms of up to 10 years (equipment) or 15 years (real estate). Loans for manufacturing facilities are limited to $40,000 per job created within three years of loan approval. Loans for energy production projects are generally limited to $5 million although larger loans of greater than may be considered on a case-by-case basis. Loans for PV energy production projects are also limited to $3.00 per watt.<br/>&#10;&#9;<br/>&#10;&#9;<b>Grants</b><br/>&#10;&#9;Grants for manufacturing facilities are available for up to $5,000 per job created within three years of grant approval. Grants for energy production facilities are generally limited to $1 million, although larger grants may be considered on a case-by-case basis. Grants for PV energy production projects are also limited to $2.25 per watt. Planning and feasibility studies are also eligible for grants of the lesser of 50% of the cost of the study or $175,000. The guidelines state that the CFA prefers to support generation projects through loans rather than grants; however, it will consider grant requests from projects for which there is not a long-term contract (10 years or more) in place for the Solar Renewable Energy Certificates (SRECs) produced by the project. The program requires grantees to give up the SRECs generated by the project.<br/><br/>&#10;&#9;<b>Loan Guarantees</b></p><p><span>Loan guarantee grants shall not exceed $5 million and have a term of not more than five years. In the event of a default, the grant will pay up to 75 percent of the deficiency.</span></p><p>&#10;&#9;Visit the program web site and review the funding guidelines for additional program details and application procedures.</p>","Incentive Amount: Varies by project, but program generally requires matching funds at least equivalent to DCED funding for grants and $1 per $3 for loans.; Maximum Incentive: Manufacturer loans: $40,000 per job created within 3 years<br>
Manufacturer grants: $5,000 per job created within 3 years<br>
Loans for solar distribution projects: Lesser of $5 million or 3.00/watt<br>
Grants for distribution projects: Lesser of $1 million or $1.50/watt<br>
Loan Guarantees: $5 million; Terms: Loans at a fixed interest rate -- 5% as of August 2011 -- up to 10 years (equipment) or 15 years (real estate). Loan guarantee grants have a maximum term of 5 years.",https://dced.pa.gov/programs/alternative-clean-energy-program-ace/,"January 15, 2026",04/21/2009
22791,updated,True,PA,Financial Incentive,Grant Program,State,Solar Energy Program (Grant Category),Department of Community and Economic Development (DCED); Department of Environmental Protection (DEP),,,"<p>The Solar Energy Program (SEP) program offers financial assistance as grants and loans to eligible applicants to promote manufacturing, research and development, and generation of solar energy in the state.  The program is administered jointly by the Department of Community and Economic Development (DCED) and the Department of Environmental Protection (DEP) under direction of the Commonwealth Financing Authority (CFA). </p><p><b>Eligibility</b></p><p>The following applicants are eligible for grants:</p><p>1. A Business – a corporation, partnership, sole proprietorship, limited liability company, business trust, or other commercial entity approved by the Commonwealth Financing Authority. The term shall include venture capital firms, solar energy and solar thermal system installers, and other business entities capable of raising a significant amount of capital. The term shall also include not-for-profit entities.</p><p>2. An Economic Development Organization – a nonprofit corporation or association whose purpose is the enhancement of economic conditions in their community.</p><p><span>3. A Political Subdivision – A municipality, county, or school district.</span></p><p><b>Program Description </b></p><p></p><p>Funding is available to component manufacturers of solar energy generation equipment and solar energy generation or distribution projects. Solar energy or distribution projects can receive g<span>rants up to $1 million or $1.50 per watt, whichever is less. </span></p><p></p><p><span>The grant can be used for following measures:</span></p><ul><li>Acquisition of land and buildings, right-of-way, and easements necessary for the project.</li><li>Clearing and preparation of land necessary for construction of the project.</li><li>Construction or renovation of buildings used for either manufacture equipment, research, or development related to solar energy systems. </li><li>Purchase and installation of equipment used for the manufacturing of equipment, or to conduct research and development related to solar energy systems. </li><li>Design, purchase of equipment, installation, and construction of facilities that generate electricity.</li><li>Energy storage costs directly related to the storage of electricity produced by solar energy system. </li><li><span>Permit fees</span></li><li>Administrative costs (not to exceed 2% of the loan amount).</li></ul><p>Expenses related to fees for securing other financing, interest on borrowed funds, refinancing of existing debt, and cost incurred prior to the approval of CFA financing are not eligible for funding. </p><p>To apply for funding, interested applicants can submit an online application available at the Department of Community and Economic Development website. Application periods do not have a set schedule because the program opens for applications as funding becomes available through loan repayments and other sources. Potential applicants should check dced.pa.gov/sep to determine if applications are currently being accepted. Interested parties can be added to a distribution list to be notified of available funds by emailing or calling the contact below.</p>","Incentive Amount: Up to $1 million or $1.50 per watt, whichever is less.; Maximum Incentive: Up to $1 million or $1.50 per watt, whichever is less.; Equipment Requirements: None specified.; Installation Requirements: None specified.",https://dced.pa.gov/programs/solar-energy-program-sep/,"October 3, 2025",10/03/2025
22790,updated,True,PA,Financial Incentive,Grant Program,State,Solar for Schools Grant Program (S4S),Pennsylvania Department of Community & Economic Development,,,"<p>The Solar for Schools Grant Program was established by the Pennsylvania Solar for Schools Act. The program awards grants to school districts, intermediate units, charter schools including cyber, regional, and a school for education of the deaf or the blind, area career and technical schools, specific trade and technical schools, and community colleges can use to fund solar energy projects. The grants are intended to support purchase and installation of equipment, permit fees, energy storage, and utility interconnection.</p><p>Eligible projects must be located at a school facility and be related to photovoltaic or solar thermal devices that convert, transfer or store solar energy in or into usable forms of thermal or electric energy.</p><p>Maximum grant amounts are determined by the applicant's market value/personal income aid ratio (MV/PIAR): </p><ul><li>For a MV/PI AR greater than 0.7, the maximum incentive is the lesser of $600,000 or 50% of project cost.</li><li>For a MV/PI AR between 0.5 and 0.7, the lesser of $480,000 or 40% of project cost.</li><li>For a MV/PI AR less than 0.5, the lesser of $360,000 or 30% of project cost.</li></ul>","Incentive Amount: Grant maximums are determined according to applicant market value/personal income aid ratio (MV/PI AR); Maximum Incentive: For a MV/PI AR greater than 0.7, the maximum incentive is the lesser of $500,000 or 50% of project cost <br>
For a MV/PI AR between 0.5 and 0.7, the lesser of $400,000 or 40% of project cost <br>
For a MV/PI AR less than 0.5, the lesser of $300,000 or 30% of project cost; Equipment Requirements: None specified.; Installation Requirements: None specified.",https://dced.pa.gov/programs/solar-for-schools-grant-program-s4s/,"March 23, 2026",10/03/2025
679,updated,True,PA,Financial Incentive,Loan Program,Local,Sustainable Energy Fund (SEF) Loan Program (PPL Territory),Sustainable Energy Fund of Central Eastern PA,Biomass; Combined Heat & Power; Energy Mgmt. Systems/Building Controls; Fuel Cells using Non-Renewable Fuels; Fuel Cells using Renewable Fuels; Geothermal Electric; Geothermal Heat Pumps; Hydroelectric; Landfill Gas; Lighting; Other Distributed Generation Technologies; Other EE; Solar Photovoltaics; Solar Space Heat; Solar Water Heat; Wind (All); Wind (Small),Incentive min: 5000.0000 $; Incentive max: 999999.9999 $,"<p><span>The Sustainable Energy Fund (SEF) promotes and invests in energy efficiency and renewable energy projects, and energy education initiatives in the state of Pennsylvania. </span></p><p><span>Financial incentives are offered as loans to promote clean energy technologies and for projects where energy savings are measurable. Eligible clean technology applications include a wide range of energy efficiency and renewable energy projects. Financing is available to commercial, industrial, municipal, agricultural, and nonprofit entities. Special features of the loans include: no prepayment penalty, subordinate lien positions, 100% financing, and interest only period payments.</span></p><p></p><p>The SEF also provides financing to non-profits through its Energy Savings Agreements program. The program functions as an Energy Service Performance Contracting (ESPC), where the SEF will finance energy efficiency upgrades at a non-profit facility, which are paid back through bill savings. </p><p></p><p><span>The SEF also offers to act as the program administrator for any local governments that choose to offer commercial PACE financing.</span><br/></p>&#10;<p>&#10;&#9;The SEF was founded in November 1999 as a result of the Pennsylvania Public Utility Commission electric utility restructuring proceedings. The SEF was a key component of the joint settlement with PPL, Inc. (now PPL Electric Utilities Corporation) and the PUC. The fund has collected slightly more than $25 million since opening through a rate surcharge on PPL ratepayers. The surcharge expired and was not renewed at the end of 2006. </p>","Maximum Loan: From $5,000 to $1 million; Loan Term: Vary by project; Interest Rate: Competitive interest rates (vary by project)",http://www.TheSEF.org,"January 14, 2026",02/08/2002
2801,updated,True,RI,Financial Incentive,Property Tax Incentive,State,Local Option - Property Tax Exemption for Renewable Energy Systems,Rhode Island Office of Energy Resources,,,"<p><b><i>NOTE: H.B. 8354 enacted in July 2016 included a <a href=""http://webserver.rilegislature.gov/BillText/BillText16/HouseText16/H8354A.pdf"">provision </a>that exempted qualifying renewable energy equipment used in residential and manufacturing sector to be exempt from property taxes throughout the state, thereby superseding the local option provision. Renewable energy equipment used in commercial facilities are not included in the exemption.</i></b></p><p>&#10;&#9;Rhode Island allows cities and towns to exempt, by ordinance, renewable energy systems from property taxation. The term &#34;renewable energy system&#34; is not defined in the applicable statute (R.I. Gen. Laws § 44-3-21), but R.I. Gen Law § 39-26-5 defines renewable energy resources to include, direct solar radiation, wind, movement and latent heat of ocean, geothermal, small hydro, eligible biomass, and fuel cells using renewable energy. </p><p>Note that a separate statute (<a href=""https://webserver.rilegislature.gov/Statutes/TITLE44/44-57/44-57-4.htm"">R.I. Gen. Laws § 44-57-4</a>) specifies that for purposes of local municipal property tax assessment, certain residential solar-energy systems may not be assessed at more than the value of a conventional heating system, a conventional hot-water system, or energy production capacity that otherwise could be necessary to install in a building. Qualifying technologies include photovoltaic (PV) systems, solar water-heating systems and active solar space-heating systems.</p><p><br/></p>",Incentive Amount: Varies (local option); Maximum Incentive: ; Eligible System Size: ; Equipment Requirements: ,,"November 20, 2025",11/13/2007
3024,updated,True,RI,Financial Incentive,Rebate Program,Utility,Rhode Island Energy (Gas) - Residential Gas Heating Rebate Programs,,Boilers; Furnaces; Programmable Thermostats; Tankless Water Heater; Water Heaters,Incentive max: 75.0000 $; Incentive : 775.0000 $; Incentive : 525.0000 $; Incentive : 600.0000 $; Incentive : 70.0000 $,"<p>National Grid offers financial incentives for various energy efficiency measures in Rhode Island homes. Incentives are available for heaters, furnaces, boilers, and others. The program also offers a<a href=""https://www.rienergy.com/RI-Home/Energy-Saving-Programs/Home-Energy-Assessments""></a><a> home </a>energy assessment of the house at no cost to the participant. Rebates can be applied online or through the mail and must be sent within 60 days of the equipment installation date. </p>","Incentive Amount: <ul>
  <li>
    <strong>Thermostats</strong>
    <ul style=""margin-left: 20px;"">
      <li>ENERGY STAR&reg; Certified Smart Thermostat — up to $75 each</li>
      <li>7-Day Programmable Thermostat — up to $25 each</li>
    </ul>
  </li>
  <li>
    <strong>High-Efficiency Natural Gas Heating Equipment</strong>
    <ul style=""margin-left: 20px;"">
      <li>Hot water boiler (&#8805;95% AFUE) — $775</li>
      <li>Warm air furnace (&#8805;97% AFUE with ECM) — $525</li>
    </ul>
  </li>
  <li>
    <strong>High-Efficiency Natural Gas Water Heaters</strong>
    <ul style=""margin-left: 20px;"">
      <li>ENERGY STAR&reg; Certified On-demand Tankless Water Heater (&#8805;87 UEF) — $600</li>
      <li>ENERGY STAR&reg; Certified Storage Water Heater (Medium Draw &#8805;64 UEF; High Draw &#8805;68 UEF) — $70</li>
    </ul>
  </li>
  <li>
    <strong>Combined Heating &amp; Water Heating</strong>
    <ul style=""margin-left: 20px;"">
      <li>Combined condensing boiler + on-demand water heating unit (AFUE &#8805;95%) — $950</li>
    </ul>
  </li>
</ul>; Maximum Incentive: ; Eligible System Size: ; Equipment Requirements: ; Installation Requirements: Must apply for the program before installation.; Ownership of Renewable Energy Credits: Not specified",https://www.rienergy.com/site/ways-to-save/save-money-with-rebates-and-incentives/natural-gas-heating,"October 16, 2025",07/23/2008
4806,updated,True,SC,Financial Incentive,Rebate Program,Utility,Dominion Energy (Electric) - Residential EnergyWise Program,Dominion Energy,Air conditioners; Duct Insulation; Duct/Air sealing; Furnaces; Heat Pump Water Heater; Heat pumps; Pool Pumps; Water Heaters,Incentive min: 400.0000 $; Incentive max: 500.0000 $; Incentive min: 350.0000 $; Incentive max: 650.0000 $; Incentive : 300.0000 $; Incentive : 750.0000 $; Incentive : 300.0000 $; Incentive : 350.0000 $,"<p>Dominion Energy provides energy efficiency incentives to home owners in its service territory through its EnergyWise program.</p><p><span>Applicants must be the registered owner of a separately metered, detached, or attached single-family residence where the product/equipment is installed. A licensed contractor must install the equipment and a rebate form and invoice must be submitted within 90 days of installation. View the program web site for additional details.</span><br/></p>","Incentive Amount: <ul>
  <li><b>Heating &amp; Cooling – New Equipment (replace existing AC or heat pump)</b>
    <ul>
      <li>Central Air Conditioner (Split): 15.2 SEER2 – $400; 16 SEER2 – $500</li>
      <li>Central Air Conditioner (Package): 15.2 SEER2 – $400; 16 SEER2 – $500</li>
      <li>Heat Pump (Split): 15.2 SEER2 / 7.2 HSPF2 – $400; 16 SEER2 / 7.2 HSPF2 – $500</li>
      <li>Heat Pump (Package): 15.2 SEER2 / 7.2 HSPF2 – $400; 16 SEER2 / 7.2 HSPF2 – $500</li>
    </ul>
  </li>
  <li><b>Electric Furnace → Heat Pump (conversion)</b>
    <ul>
      <li>Replace electric furnace with ENERGY STAR&reg; heat pump – $650</li>
    </ul>
  </li>
  <li><b>Ductwork Improvements</b>
    <ul>
      <li>Duct Sealing – $300</li>
      <li>Duct Insulation (includes full ductwork replacement) – $300</li>
    </ul>
  </li>
  <li><b>Heat Pump Water Heater</b>
    <ul>
      <li>ENERGY STAR&reg; heat pump water heater – $750</li>
    </ul>
  </li>
  <li><b>Pool Pump</b>
    <ul>
      <li>ENERGY STAR&reg; certified variable-speed pool pump – $300</li>
    </ul>
  </li>
  <li><b>Natural Gas Water Heaters</b>
    <ul>
      <li>Gas Storage: UEF 0.64 – $75; UEF 0.80 – $350</li>
      <li>Gas Tankless: UEF 0.80 – $250; UEF 0.90 – $350</li>
    </ul>
  </li>
  <li><b>Natural Gas Direct Vent Fireplace</b>
    <ul>
      <li>&ge; 70% Fireplace Efficiency with electric pilot ignition – $150</li>
    </ul>
  </li>
  <li><b>Natural Gas Furnace</b>
    <ul>
      <li>90% AFUE – $250; 95% AFUE – $350</li>
    </ul>
  </li>
</ul>; Maximum Incentive: ; Eligible System Size: ; Equipment Requirements: ; Installation Requirements: ; Ownership of Renewable Energy Credits: ",https://www.dominionenergy.com/south-carolina/save-energy?tab=1,"October 27, 2025",05/03/2011
3605,updated,True,SC,Financial Incentive,Rebate Program,Utility,Duke Energy (Electric) - Residential Energy Efficiency Rebate Program,Duke Energy,Air conditioners; Attic Insulation; Dual Fuel Air-Source Heat Pump; Duct Insulation; General Air Sealing; Geothermal Heat Pumps; Heat Pump Water Heater; Heat pumps; Pool Pumps; Programmable Thermostats,Incentive min: 200.0000 $; Incentive max: 500.0000 $; Incentive min: 350.0000 $; Incentive max: 900.0000 $; Incentive min: 700.0000 $; Incentive max: 900.0000 $; Incentive min: 2300.0000 $; Incentive max: 2500.0000 $; Incentive : 125.0000 $; Incentive : 500.0000 $; Incentive : 700.0000 $; Incentive : 350.0000 $; Incentive : 900.0000 $,<p>The Smart $aver® program offers incentives for residential customers to increase residential energy efficiency. All incentives are paid after completion of the services. Interested customers should contact Progress Energy or visit the program website for more information.</p>,"Incentive Amount: Central Air Conditioner: $200 - $500<br>
Air-Source Heat Pump: $350 - $900<br>
Mini-split Heat Pump: $700 - $900<br />
Geothermal Heat Pump: $2,300 - $2,500<br>
Smart Thermostat: $125<br>
Heat Pump Water Heater: $500<br />
Attic Insulation & Air Sealing: $700<br />
Duct Sealing: $350<br />
Pool Pump: $900<br />; Maximum Incentive: ; Eligible System Size: ; Equipment Requirements: ; Installation Requirements: ; Ownership of Renewable Energy Credits: ",https://www.duke-energy.com/home/products/smart-saver,"October 16, 2025",08/12/2009
3968,updated,True,SC,Financial Incentive,Rebate Program,Utility,Duke Energy Progress - Residential Energy Efficiency Rebate Program,Progress Energy Carolinas,Air conditioners; Attic Insulation; Dual Fuel Air-Source Heat Pump; Duct Insulation; General Air Sealing; Geothermal Heat Pumps; Heat Pump Water Heater; Heat pumps; Pool Pumps; Programmable Thermostats,Incentive min: 200.0000 $; Incentive max: 500.0000 $; Incentive min: 350.0000 $; Incentive max: 900.0000 $; Incentive min: 700.0000 $; Incentive max: 900.0000 $; Incentive min: 2300.0000 $; Incentive max: 2500.0000 $; Incentive : 125.0000 $; Incentive : 500.0000 $; Incentive : 700.0000 $; Incentive : 350.0000 $; Incentive : 900.0000 $,"<p>Progress Energy provides incentives for residential customers to increase home energy efficiency. To qualify, the equipment must meet the efficiency requirements outlined on the program web site and the home must be at least one year old. Early replacement rebates are offered for some equipment. Customers  must use a contractor approved by Progress Energy to participate in the program. Customers must submit an application form, including equipment cut sheets and original contractor invoice, within 90 days of completion of the work. More details and a list of approved contractors are available on the program web site. Contact Progress Energy for further information on this program.</p>","Incentive Amount: Central Air Conditioner: $200 - $500<br>
Air-Source Heat Pump: $350 - $900<br>
Mini-split Heat Pump: $700 - $900<br />
Geothermal Heat Pump: $2,300 - $2,500<br>
Smart Thermostat: $125<br>
Heat Pump Water Heater: $500<br />
Attic Insulation & Air Sealing: $700<br />
Duct Sealing: $350<br />
Pool Pump: $900<br />; Maximum Incentive: ; Eligible System Size: ; Equipment Requirements: ; Installation Requirements: ; Ownership of Renewable Energy Credits: ",https://www.duke-energy.com/home/products/smart-saver,"October 16, 2025",02/12/2010
2099,updated,True,SC,Financial Incentive,Rebate Program,Utility,Palmetto Electric Cooperative - Buried Treasure Rebate Program,Palmetto Electric Cooperative,Geothermal Heat Pumps; Heat pumps,Incentive : 200.0000 $/ton; Incentive max: 1000.0000 $; Incentive : 200.0000 $/ton; Incentive max: 700.0000 $,"<p>Palmetto Electric Cooperative offers rebates for its members who install ground-source heat pumps (also known as geothermal heat pumps) through the Buried Treasure Rebate Program. Rebates are in the amount of $200 per ton up to a maximum of $1,000 per household. Visit the program website for more information.</p>","Incentive Amount: Heat Pumps (all types): $200 per ton; Maximum Incentive: Geothermal Heat Pumps: $1,000 per household <br />
Dual Fuel Heat Pumps: $700 per household; Eligible System Size: ; Equipment Requirements: ; Installation Requirements: Must be installed by a licensed heat pump contractor; Ownership of Renewable Energy Credits: ",https://www.palmetto.coop/buried-treasure,"October 28, 2025",08/31/2006
22419,updated,True,SC,Financial Incentive,Property Tax Incentive,State,Renewable Energy and Energy Storage Property Tax Exemption,,,,"<p><a href=""https://www.scstatehouse.gov/sess124_2021-2022/bills/3354.htm"">H.B. 3354</a> of 2021 established a property tax exemption for renewable energy systems with a rated capacity of not more than 20 kW-AC. The exemption applies to the renewable energy equipment and all components that enhance the operational characteristics of the generating equipment, such as an advanced inverter or battery storage device, and equipment required to meet all applicable safety, performance, interconnection, and reliability standards established by the commission, the National Electrical Code, the National Electrical Safety Code, the Institute of Electrical and Electronics Engineers, Underwriters Laboratories, the Federal Energy Regulatory Commission, and any local governing authorities.</p>",Incentive Amount: 100% exemption; Maximum Incentive: ; Eligible System Size: 20 kW-AC or less; Equipment Requirements: ,,"March 23, 2026",10/05/2021
4229,updated,True,SC,Financial Incentive,Rebate Program,Utility,Rock Hill Utilities - Water Heater and Heat Pump Rebate Program,,Heat pumps; Water Heaters,Incentive : 225.0000 $/Unit; System min: 40.0000 Gallons; Incentive : 400.0000 $/Unit,"<p>Through the SmartChoice program, Rock Hill Utilities offers rebates for water heater and heat pump replacements. Information on financing for heat pumps can also be found on the web site listed above. </p><p>Customers who qualify as all-electric may be eligible for the Great Rate program. The Great Rate program qualifies the customer for a discount of up to 4 cents per kWh. To qualify for the Great Rate program, the water heater must be equipped with a Smart Switch and a minimum 16 SEER. This controls the flow of electricity to the heater during peak periods of demand. Contact Rock Hill Utilities for additional information on this program.</p>","Incentive Amount: Water Heater: $225 <br />
Heat Pump Replacement: $400; Maximum Incentive: ; Eligible System Size: Water Heater: 40 gallon minimum; Equipment Requirements: Heat Pump: 14 SEER or greater; Installation Requirements: Heat Pump must be installed by a certified heating and A/C contractor; Ownership of Renewable Energy Credits: ",https://www.cityofrockhill.com/departments/utilities/residential-services/smartchoice-rebates-loans,"October 16, 2025",06/29/2010
4559,updated,True,SC,Financial Incentive,Rebate Program,Utility,Santee Cooper - Commercial Energy Efficiency Rebate Program,Santee Cooper,Air conditioners; Heat Pump Water Heater; Heat pumps; LED Lighting; Lighting Controls/Sensors; Pool Pumps; Programmable Thermostats; Solar Water Heat,Incentive min: 0.2000 $/W; Incentive max: 0.4000 $/W; Incentive min: 10.0000 $/Unit; Incentive max: 50.0000 $/Unit; Incentive min: 50.0000 $/Unit; Incentive max: 400.0000 $/Unit; Incentive : 50.0000 $; Incentive : 350.0000 $/Unit; Incentive : 500.0000 $/Unit; Incentive min: 300.0000 $/horsepower; Incentive max: 450.0000 $/horsepower; Incentive : 50.0000 $/Unit,"<p>The 2025 Santee Cooper Commercial Prescriptive Rebate Program helps businesses reduce energy costs by providing cash incentives for upgrading to high-efficiency equipment. Eligible measures include lighting upgrades, HVAC systems, refrigeration and kitchen equipment, domestic hot water improvements, pumps and motors, and smart thermostats. Rebates are available for both new construction and retrofit projects, covering technologies such as LED lighting, ENERGY STAR® appliances, variable speed drives, and efficient water heating systems. The program is designed to lower the upfront cost of energy-efficient improvements and promote long-term energy savings for commercial customers.</p>","Incentive Amount: <ul>
  <li><b>Lighting</b>
    <ul>
      <li>Tier 1 Certified LED Lighting – $0.40 per watt reduced</li>
      <li>Tier 2 Non-Certified LED Lighting – $0.20 per watt reduced</li>
      <li>Area Daylighting Controls – $45 per sensor</li>
      <li>Dimming Controls – $45 per sensor</li>
      <li>Fixture-Mounted Occupancy Sensors – $10 per sensor</li>
      <li>Wall-Mounted Occupancy Sensors – $10 per sensor</li>
      <li>Ceiling-Mounted Occupancy Sensors – $50 per sensor</li>
      <li>Bi-Level Lighting Controls – $45 per sensor</li>
      <li>LED Underwater Lighting Retrofit – $0.40 per watt reduced</li>
    </ul>
  </li>

  <li><b>HVAC</b>
    <ul>
      <li>Single-Phase Split/Packaged Heat Pump (Tier 1) – $300 per system</li>
      <li>Single-Phase Split/Packaged Heat Pump (Tier 2) – $400 per system</li>
      <li>Water Source Heat Pump – $200 per unit</li>
      <li>3-Phase Split/Packaged Unitary Systems – $0.30 per kWh saved</li>
      <li>VRF/Mini-Split Systems – $250 per ton</li>
      <li>Packaged Terminal Air Conditioner (PTAC) – $50 per unit</li>
      <li>Packaged Terminal Heat Pump (PTHP) – $50 per unit</li>
      <li>Variable Frequency Drive (VFD) for HVAC – $50 per HP</li>
      <li>Demand Controlled Ventilation System – $550 per system</li>
      <li>Dual Enthalpy Economizer System – $150 per system</li>
      <li>Advanced Rooftop Controls System – $580 per system</li>
      <li>Hotel Room Key Card Energy Management – $20 per room</li>
    </ul>
  </li>

  <li><b>Refrigeration & Kitchen</b>
    <ul>
      <li>T12 Retrofit to LED Case Lighting – $10 per lamp</li>
      <li>T8 Retrofit to LED Case Lighting – $8 per lamp</li>
      <li>Electronically Commutated Motor – $50 per motor</li>
      <li>Refrigerant Suction Line Insulation – $3 per linear foot</li>
      <li>ENERGY STAR® Commercial Freezer – $70 per freezer</li>
      <li>ENERGY STAR® Commercial Refrigerator – $70 per refrigerator</li>
      <li>ENERGY STAR® Combination Oven – $200 per oven</li>
      <li>ENERGY STAR® Convection Oven – $200 per oven</li>
      <li>ENERGY STAR® Dishwasher – $250 per dishwasher</li>
      <li>ENERGY STAR® Griddle – $100 per griddle</li>
      <li>ENERGY STAR® Hot Food Holding Cabinet – $200 per cabinet</li>
      <li>ENERGY STAR® Steamer – $200 per steamer</li>
      <li>Demand Control Kitchen Hood – $735 per hood</li>
    </ul>
  </li>

  <li><b>Domestic Hot Water</b>
    <ul>
      <li>Heat Pump Water Heater – $350 per unit</li>
      <li>Solar Water Heater – $500 per unit</li>
      <li>Drain Water Heat Recovery – $400 per drain</li>
      <li>1.5 GPM Faucet Aerator – $3 per aerator</li>
      <li>1.75 GPM Showerhead – $3 per showerhead</li>
      <li>Pipe Insulation (R-4 minimum) – $3 per linear foot</li>
    </ul>
  </li>

  <li><b>Pumps and Motors</b>
    <ul>
      <li>Variable Speed Pool Filter Pump (1–5 HP) – $300 per HP</li>
      <li>Non-Filtered Pool Pump (Any HP) – $450 per pump</li>
    </ul>
  </li>

  <li><b>Smart Thermostats</b>
    <ul>
      <li>ENERGY STAR® Smart Thermostat – $50 per thermostat</li>
    </ul>
  </li>
</ul>; Maximum Incentive: ; Eligible System Size: ; Equipment Requirements: Equipment must meet efficiency levels documented on program website; Installation Requirements: ; Ownership of Renewable Energy Credits: ",https://www.santeecooper.com/Save-Energy-Money/For-My-Business/Index.aspx,"October 24, 2025",08/22/2006
2776,updated,True,SC,Financial Incentive,Loan Program,Utility,Santee Cooper - Renewable Energy Resource Loans,Santee Cooper,,,"<p><span>Santee Cooper offers low-interest loans to residential customers who have a licensed contractor install photovoltaic (PV) systems, wind energy systems, micro-hydropower systems, biomass energy systems, or solar water heaters. </span></p><p>&#10;<br/><br/></p>","Maximum Loan: $500 to $40,000; Loan Term: Repayment: up to 120 months; Interest Rate: Subject to change, rate as of March 2026: 4.75%",https://www.santeecooper.com/Programs-Incentives/EmpowerHome/Loans/,"March 23, 2026",10/30/2007
4558,updated,True,SC,Financial Incentive,Rebate Program,Utility,Santee Cooper - Residential Energy Efficiency Existing Homes  Rebate Program,Santee Cooper,Clothes Washers; Duct Replacement; Geothermal Heat Pumps; Heat Pump Water Heater; Heat pumps; Pool Pumps; Programmable Thermostats; Refrigerators/Freezers,Incentive min: 80.0000 $/ton; Incentive max: 160.0000 $/ton; Incentive min: 300.0000 $/Unit; Incentive max: 700.0000 $/Unit; Incentive : 600.0000 $/Unit; Incentive : 50.0000 $; Incentive : 500.0000 $; Incentive : 400.0000 $; Incentive : 30.0000 $; Incentive : 20.0000 $; Incentive min: 100.0000 $; Incentive max: 275.0000 $,"<p>Santee Cooper provides rebates to residential and multi-family residential customers. Rebates require that recipients live in a single-family, all electric home. Existing Home incentives are determined by specified standards and must be verified with Santee Cooper.  Santee Cooper also provides financing for energy efficient improvements to existing homes. Contact Santee Cooper for more information on this program.</p><p></p>","Incentive Amount: Heat Pumps: $40 - $80 per .5 ton<br />
Heat Pumps: $300 -$700 per system<br />
Geothermal Heat Pumps: $600 per system<br />
Smart Thermostat: $50<br />
Duct Replacement: $500<br />
Heat Pump Water Heaters: $400<br />
Energy Star Refrigerator: $30<br />
Energy Star Clothes Washer: $20<br />
Heat Pump Pool Heater: $225<br />
Pool Pump Motors: $100 - $275<br />; Maximum Incentive: ; Eligible System Size: Requirements are varied. visit the company website for more details.; Equipment Requirements: Requirements are varied. visit the company website for more details.; Installation Requirements: ; Ownership of Renewable Energy Credits: ",https://www.santeecooper.com/Save-Energy-Money/For-My-Home/Index.aspx,"October 15, 2025",08/22/2006
1803,updated,True,SC,Financial Incentive,Personal Tax Credit,State,"Solar Energy, Small Hydropower, and Geothermal Tax Credit (Personal)",South Carolina Department of Revenue,Geothermal Heat Pumps; Hydroelectric (Small); Solar Photovoltaics; Solar Water Heat,Incentive : 25.0000 % of cost,"<p>&#10;&#9;In South Carolina, taxpayers may claim a credit of 25% of the costs of purchasing and installing a solar energy system, small hydropower system, or a geothermal system for heating water, space heating, air cooling, energy-efficient daylighting, heat reclamation, energy-efficient demand response, or the generation of electricity in a building owned by the taxpayer. Effective July 1, 2009, <a class=""summarylink"" href=""http://www.scstatehouse.gov/sess117_2007-2008/bills/1141.htm"" target=""blank"" title=""SB 1141"">SB 1141</a> expanded the scope of this credit to include small hydropower systems. Only hydropower systems installed after July 1, 2009 are eligible for the tax credit. <a href=""http://www.scstatehouse.gov/sess121_2015-2016/bills/3874.htm"">HB 3874</a> of 2016 expanded the scope again to include geothermal energy projects.</p>&#10;<p>&#10;&#9;The maximum credit a taxpayer may take in any one tax year is $3,500 for each facility or 50% of the taxpayer's tax liability for that taxable year, whichever is less. Unused credit, or credit that exceeds the annual cap, may be carried forward for 10 years.<br/>&#10;&#9;<br/>&#10;&#9;The term &#34;system&#34; includes &#34;all controls, tanks, pumps, heat exchangers, and other equipment used directly and exclusively for the solar-energy system.&#34; The term &#34;system&#34; does not include any land or structural elements of the building, such as walls and roofs, or other equipment ordinarily contained in the structure.<br/>&#10;&#9;<br/>&#10;&#9;Solar-thermal systems must be certified by the Solar Rating and Certification Corporation (SRCC) or a comparable entity endorsed by the South Carolina Energy Office to qualify for the credit, unless the system was installed before June 19, 2007.<br/>&#10;&#9;<br/>&#10;&#9;The <a href=""http://www.sctax.org/"">South Carolina Department of Revenue</a> has issued forms and instructions for claiming the tax credit.</p>","Incentive Amount: 25% of eligible costs; Maximum Incentive: In any given tax year a maximum of $3,500, or 50% of taxpayer's tax liability for that taxable year, whichever is less. If the amount of the credit exceeds $3,500 for each facility, the taxpayer may carry forward the excess for up to ten years.; Eligible System Size: ; Equipment Requirements: Solar-thermal systems must be certified by SRCC or a comparable entity endorsed by the S.C. Energy Office; Installation Requirements: ; Carryover Provisions: Excess credit may be carried forward up to 10 years",https://solar.sc.gov/financing-system/tax-credits-incentives-and-net-metering,"March 23, 2026",07/18/2006
2879,updated,True,SD,Financial Incentive,Property Tax Incentive,State,Large Commercial Wind and Solar Alternative Taxes,S.D. Department of Revenue,,,"<p>&#10;&#9;In South Dakota, wind facilities constructed after July 1, 2007 and solar facilities, are subject to an alternative taxation calculation in lieu of all taxes on real and personal property levied by the state, counties, municipalities, school districts, and other political subdivisions. The definitions of &#34;wind farm&#34; and &#34;solar facility&#34; include only facilities producing electricity for commercial sale that have a minimum capacity of 5 megawatts (MW). All property used or constructed to interconnect individual wind turbines or solar panels within a renewable energy facility into a common project, termed the &#34;collector system,&#34; is eligible for the exemption and alternative taxation.</p><p>&#10;&#9;The alternative taxation method has two components. The first component is an annual tax equal to $3 per kilowatt (kW) of capacity of the wind or solar facility, prorated according to when the facility begins operation during the first calendar year. </p><p>The second component differs for wind systems producing power for the first time between July 1, 2007 and March 31, 2015, wind systems producing power for the first time after March 31, 2015, and for solar facilities. Wind energy systems producing power for the first time between July 1, 2007 and March 31, 2015 pay an annual tax of $0.00065 per kilowatt-hour (kWh) of electricity produced. Wind energy systems producing power for the first time after March 31, 2015 pay an annual tax of $0.00045 per kWh of electricity produced. Solar facilities pay an annual tax of $0.00090 per kWh of electricity produced.</p><p>&#10;&#9;The money generated by the alternative taxation method described above will be deposited into the state's renewable facility tax fund. All of the receipts from the capacity tax and 20% of the production tax will be redistributed back to the county treasurer of the county (or counties) where the wind or solar facilities are located before May of each year. The funds must be distributed among the school districts, the county, and the organized townships.</p>","Incentive Amount: Alternative tax assessment method: $3/kW of capacity plus $0.00065/kWh for wind facilities beginning operation between 7/1/2007 and 3/31/2015, $0.00045/kWh for wind facilities beginning operation after 3/31/2015, and $0.00090/kWh for solar facilities.; Maximum Incentive: ; Eligible System Size: Must be 5 MW or greater; Equipment Requirements: ",https://dor.sd.gov/businesses/taxes/property-tax/,"October 8, 2025",03/06/2008
5422,updated,True,SD,Financial Incentive,Sales Tax Incentive,State,Renewable Energy Facility Sales and Use Tax Reimbursement,Governor's Office of Economic Development,,,"<p>&#10;&#9;South Dakota allows for a reinvestment payment up to the total amount of sales and use taxes paid for certain new or expanded renewable energy systems, equipment upgrades to existing systems, and manufacturing facilities that produce renewable energy equipment. <a href=""https://sdlegislature.gov/Session/Bill/4415"">S.B. 235</a> (2013) referred specifically to wind energy facilities, but also allows for &#34;power generation facilities&#34; and facilities defined by the Governor's Office of Economic Development (GOED) as targeted industries. Based on that authority, the GOED chose to extend this incentive to other types of renewable energy. </p>&#10;<p>&#10;&#9;To qualify, the project costs associated with a new or expanded facility must exceed $20 million, or the costs associated with equipment upgrades must exceed $2 million. Eligible project costs include the amount paid by the project owner in money, credits, property, or other considerations associated with a project. Also included are the costs associated with land, labor, and equipment, including towers, wind turbine generators, power collection systems, and electric interconnection systems.</p>&#10;<p>&#10;&#9;Applicants must file an application with the GOED within 90 days of starting construction. In reviewing the application, the Board of Economic Development will consider the likelihood that the investment would have occurred without the reinvestment payment, and other criteria listed in the legislation and rules to be developed by the Board. The reinvestment payment may be transferred to other entities. </p>","Incentive Amount: Up to 100% of the tax paid on project costs; Maximum Incentive: ; Equipment Requirements: Project costs for a new or expanded facility must exceed $20 million.<br>
Project costs for equipment upgrades must exceed $2 million.",https://sdreadytowork.com/financing-incentives/tax-incentives/,"January 12, 2026",06/26/2013
4068,updated,True,SD,Financial Incentive,Property Tax Incentive,State,Renewable Energy System Exemption,S.D. Department of Revenue,,,"<p>&#10;&#9;In March 2010, South Dakota established a new property tax incentive that replaced two existing property tax incentives for renewable energy. Facilities that generate electricity using wind, solar, hydro, hydrogen generated by another eligible resource, or biomass resources are eligible for this incentive, as are facilities that generate other forms of energy using solar or geothermal resources.<br/>&#10;&#9;<br/>&#10;&#9;For eligible facilities less than 5 megawatts (MW) in capacity, all real property used or constructed for the purpose of producing electricity is assessed in the same manner as other real property. However, the first $50,000 or 70% of the assessed value of eligible property, whichever is greater, is exempt from the real property tax. For geothermal systems that produce thermal energy, but not electricity, this exemption is limited to the first four continuous years for residential systems and to the first three continuous years for commercial systems.</p>","Incentive Amount: $50,000 or 70% of the assessed value of eligible property, whichever is greater, is exempt; Maximum Incentive: $50,000 or 70% of the assessed value of eligible property, whichever is greater; Eligible System Size: Less than 5 MW; Equipment Requirements: ",https://dor.sd.gov/businesses/taxes/property-tax/,"October 8, 2025",04/07/2010
3801,updated,True,TN,Financial Incentive,Loan Program,State,Energy Efficient Schools Initiative - Loans,Energy Efficient Schools Initiative,Air conditioners; Boilers; Building Insulation; Building Systems; Chillers; Comprehensive Measures/Whole Building; Custom/Others pending approval; Energy Mgmt. Systems/Building Controls; Furnaces; Geothermal Heat Pumps; HVAC; Heat pumps; LED Lighting; Lighting; Lighting Controls/Sensors; Load Management; Motor VFDs; Motors; Other EE; Programmable Thermostats,Incentive max: 100.0000 % of cost,"<p><span>The Energy Efficient Schools Initiative (EESI) was created in May 2008 to provide l</span><span>oans to Tennessee school systems for capital outlay projects that meet energy efficient design and technology guidelines for school facilities.  Existing school facilities in Tennessee are eligible to apply.</span></p><p><span>State government appropriated the original funding ($90 million) with a onetime transfer from the Lottery for Education Account reserve and Lottery for Education special reserve account for K-12 capital outlay. Additional money to the fund comes from interest earnings and other funds secured by the Energy Efficient Schools Council. The Council is administratively attached to the Department of Education.  </span><br/></p><p><span>Eligible projects include lighting retrofits and controls, HVAC upgrades, building automation systems, retro-commissioning, upgrades to more efficient appliances and certain building envelope improvements.  Project required architectural and engineering services are also eligible.</span><br/></p><p><span>All project applications will be reviewed by EESI’s Technical Advisory Committee, which will verify the proposed energy cost reductions to assure adequate savings to fund the loan debt. Assistance in completing the application will be provided to district personnel from EESI staff upon request. EESI staff can also recommend additional low cost project funding opportunities if the amount of funds they have available is less than what is needed. </span><br/></p><p></p><p>Additional loan terms and repayment requirements can be found by <a href=""https://www.tn.gov/eesi/application-forms.html"">clicking here</a>.</p><p></p>","Maximum Loan: 100% of project cost within loan term (Max combined loan amount is $5 million); Loan Term: Loans must be repaid from energy cost savings or other legally available funds within a maximum term of 12 years, depending on energy savings estimated payback<br />; Interest Rate: 1.5%",https://www.tn.gov/eesi/apply-now.html,"January 2, 2026",08/10/2009
4328,updated,True,TN,Financial Incentive,Loan Program,State,Pathway Energy Efficiency Loan Program,Pathway Lending Community Development Financial Institution,Air conditioners; Combined Heat & Power; Comprehensive Measures/Whole Building; Custom/Others pending approval; Heat pumps; Lighting; Processing and Manufacturing Equipment; Solar Photovoltaics,Incentive : 999999.9999 $; Incentive max: 100.0000 % of cost,"<p>Pathway Lending's Energy Efficiency Loan Program provides Tennessee business and non-profit entities with below-market loans for energy efficiency and renewable energy improvements. All costs related to the efficiency measures may be financed, including assessments, design, equipment, and installation. Any project that reduces utility consumption, across electric, gas, or water, may apply for financing through this program. The loans are designed to allow for energy cost savings derived from each project to provide the repayment of the loan. </p><p>Starting in 2016, EELP began offering up to six years of financing for qualified energy efficiency and renewable energy projects to Tennessee local governmental entities, including municipalities, counties, school districts, and other similar public agencies. To be eligible for a loan, a governmental entity must have a complete third-party energy audit, assessment, or vendor proposal that details estimated energy savings.</p>","Maximum Loan: $5 million<br>100% of cost; Loan Term: 4% fixed up to 5 year term <br />
6% fixed for 10 year terms <br />
Repayment up to 10 years<br />
All loan costs may be financed<br /> 
No prepayment penalty<br />
Loan recipients must complete a vendor proposal with detailed project energy savings<br /> 
For local governmental entities: Up to 6 years of financing at 4% interest; Interest Rate: ",https://pathwaylending.org/energy-efficiency/,"January 2, 2026",09/01/2010
22641,updated,True,TN,Financial Incentive,Grant Program,State,Tennessee  - National Electric Vehicle Infrastructure (NEVI) Formula Grant Program,Tennessee Department of Transportation,,,"<p>The Tennessee Department of Transportation's (DOT) and Department of Environment &amp; Conservation's (DEC) NEVI <a href=""https://www.fhwa.dot.gov/environment/nevi/ev_deployment_plans/tn_nevi_plan.pdf"">plan </a>stipulated that funding will help construct about 1,283 miles of EV charging corridors. The state DOT released a notice of intent on March 20, 2023, and a notice of funding opportunity (NOFO) was released in August 2023. The NOFO stipulated an application deadline of November 1, 2023, and an anticipated selection notification on January 5, 2024. The Tennessee DOT released its 2023 <a href=""https://www.tn.gov/content/dam/tn/tdot/long-range-planning/air-quality/tevi/Approved_TEVI_Plan_Update_2023.pdf"">updated</a> plan during Q3 2023, which included mostly minor updates and information on contracting related to the August 2023 NOFO, among other things. The agency received approval for its 2024 updated <a href=""https://web.archive.org/web/20250204074504/https://www.tn.gov/content/dam/tn/tdot/long-range-planning/air-quality/tevi/FY%202025%20TEVI%20Plan_Approved.pdf"">plan</a> on November 25, 2024, which includes minor updates related to engagement and infrastructure mapping, as well as preliminary plans for another a Round 2 NOFO. The Round 2 plans detail that the state would issue a NOFO in Fall 2024 (which did not occur), and follow a similar timeline and structure as the first NOFO in August 2023.</p><p>A 2025 updated <a href=""https://www.tn.gov/content/dam/tn/tdot/long-range-planning/air-quality/tevi/FY%202026%20TEVI%20Plan_Approved_09222025.pdf"">plan</a> was published in mid-September 2025, which does not reference Round 2 plans, but it does detail that the Tennessee DOT will re-engage Round 1 awardees to confirm continuing interest and to request updated cost estimates. The number of unexecuted Round 1 contracts totalled 32 charging locations, which were paused due to the federal NEVI program pause.</p>",Incentive Amount: Varies; Maximum Incentive: ; Equipment Requirements: ; Installation Requirements: ,https://www.tn.gov/tdot/long-range-planning-home/air-quality-planning/tennessee-electric-vehicle-infrastructure--tevi-.html,"January 2, 2026",06/12/2024
22590,updated,True,TN,Financial Incentive,PACE Financing,State,Tennessee C-PACER Financing,TENNESSEE PACE,,,"<p><b><i>Note:  In 2010, the Federal Housing Finance Agency (FHFA), which has authority over mortgage underwriters Fannie Mae and Freddie Mac, <a href=""https://www.fhfa.gov/Media/PublicAffairs/Pages/FHFA-Statement-on-Certain-Energy-Retrofit-Loan-Programs.aspx"">directed</a> these enterprises against purchasing mortgages of homes with a PACE lien due to its senior status above a mortgage. Most residential PACE activity subsided following this directive; however, some residential PACE programs are now operating with loan loss reserve funds, appropriate disclosures, or other protections meant to address FHFA's concerns. Commercial PACE programs were not directly affected by FHFA’s actions, as Fannie Mae and Freddie Mac do not underwrite commercial mortgages. Visit <a href=""https://www.pacenation.org/"">PACENation</a> for more information about PACE financing and a comprehensive list of all PACE programs across the country.</i></b></p><p><b></b></p><p><b><br/></b></p><p></p><p>Property-Assessed Clean Energy (PACE) financing effectively allows property owners to borrow money to pay for energy improvements. The amount borrowed is typically repaid via a special assessment on the property over a period of years.<a href=""https://legiscan.com/TN/text/HB0667/2021""> H.B. 667</a> established Tennessee's commercial property assessed clean energy and storm resiliency (C-PACER) programs. This legislation allows jurisdictions to voluntarily implement programs aimed at financing energy efficiency and resiliency improvements for owners of agricultural, commercial, industrial, and multifamily residential properties. Qualifying improvements and projects must:<br/></p><ol><li>Decrease energy consumption or demand through the use of efficiency technologies</li><li>Support the production of clean, renewable energy<br/></li><li>Decrease water consumption or demand and address safe drinking water through the use of efficiency technologies</li><li>Allow for the reduction or elimination of lead from water that may be used for drinking or cooking; or</li><li>Increase water or waste water resilience</li></ol><p>Tennessee's program distinguishes itself from other similar initiatives by emphasizing resiliency improvement opportunities for property owners. Financing is available for both new and existing buildings. However, residential property consisting of four or fewer dwelling units does not qualify for financing under the C-PACER program. Additionally, the legislation states that the period of the amount of the assessment must not exceed the weighted average of the useful life of the qualified project that is the basis for the assessment.</p><p><br/></p><p>Not all counties or cities have PACE programs. Consult your local government to determine whether yours does.<br/></p><br/>","Terms: The amount of the assessment plus any existing
indebtedness on the property may not exceed twenty-five percent (25%) of the fair market value of the property",https://tnpace.org/,"January 2, 2026",01/05/2024
2650,updated,True,TX,Financial Incentive,Rebate Program,Utility,CenterPoint Energy - Residential and Hard-to-Reach Energy Efficiency Program,CenterPoint Energy,Air conditioners; Boilers; Building Insulation; Caulking/Weather-stripping; Clothes Washers; Dishwasher; Duct Insulation; Duct/Air sealing; Electric Clothes Dryer; Floor Insulation; Geothermal Heat Pumps; HVAC; Heat Pump Water Heater; Heat pumps; Insulation; LED Lighting; Lighting; Other EE; Pool Pumps; Refrigerators/Freezers; Wall Insulation; Water Heaters; Windows,Incentive : 450.0000 $/kW; Incentive : 0.1800 $/kWh; Incentive : 325.0000 $/kW; Incentive : 0.1500 $/kWh; Incentive : 400.0000 $/kW; Incentive : 0.1700 $/kWh; Incentive : 175.0000 $/kW; Incentive : 0.1300 $/kWh; Incentive : 190.0000 $/Unit; Incentive : 200.0000 $/kW; Incentive : 0.1300 $/kWh; Incentive : 225.0000 $/kW; Incentive : 0.0870 $/kWh; System max: 3.0000 Horsepower; Incentive min: 75.0000 $; Incentive max: 300.0000 $,"<p><i><b>Note: Rebate Incentives are only available to CenterPoint Energy electric customers in the greater Houston area, Texas.</b></i><br/></p><p>CenterPoint Energy's (CNP) Residential and Hard-to-Reach Standard Offer Program (RSOP &amp; HTR) provides incentives to encourage contractors, service companies, community agencies and other organizations to install energy efficiency measures in homes and small businesses in CNP's designated service area. The HTR program specifically targets households at or below 200% of the Federal Poverty Guidelines. <br/></p><p>Contractors who install energy efficiency measures at a facility that has a maximum demand of no more than 100 kW are eligible to participate in the program as a Project Sponsor. Multiple facilities can aggregate projects, but must not have a maximum combined demand of more than 250 kW. All payments to project sponsors are based solely on kW and kWh savings. Examples of eligible projects include:</p>&#10;<ul>&#10;    <li>Weatherization (window caulking, repair/replace door and window seals<br/></li>&#10;    <li>Ceiling insulation<br/></li>&#10;    <li>Water-saving devices for electric water heaters. Devices include faucet aerators and low-flow shower heads<br/></li><li>ENERGY STAR Windows<br/></li>&#10;</ul>&#10;<p>Rebate incentives are also available for pool pumps and advanced lighting. <br/></p><p>Note that CenterPoint Energy is not a party to the agreement between the customer and the project sponsor. CNP pays all incentives directly to the project sponsors, not to customers. Project sponsors are not required to provide any direct incentives to customers, but are required to execute a contract with customers indicating that the project sponsor is participating in a CNP program and is receiving incentives for participating. <br/></p><p><br/></p>","Incentive Amount: <strong>Residential Standard Offer Rates:</strong><br> 
Standard/All Other Measures: $225/kW, $0.087/kWh<br>
Ceiling Insulation: $450/kW, $0.18/kWh<br>
Heat Pump Replacement: $325/kW, $0.15/kWh<br>
Central A/C Replacement: $400/kW, $0.17/kWh<br>
Window A/C Replacement: $175/kW, $0.13/kWh<br>
LED Lighting: $200/kW; $0.07/kWh<br>
A/C Tune Up: $190/tune-up<br>
<br>
<strong>Hard-to-Reach Offer Rates:</strong><br> 
Standard/All Other Measures: $275/kW, $0.09/kWh<br>
Ceiling Insulation: $585/kW, $0.23/kWh<br>
Heat Pump Replacement: $425/kW, $0.26/kWh<br>
Central A/C Replacement: $495/kW, $0.30/kWh<br>
Window A/C Replacement: $200/kW, $0.15/kWh<br>
LED Lighting: $212/kW; $0.12/kWh<br>
A/C Tune Up: $190/tune-up<br>
<br>
<strong>Pool Pumps:</strong><br>
ENERGY STAR Tier Inground: $75 with horsepower of 2.25 or less; $100 with horsepower 2.25 - 3;<br>
ENERGY STAR Tier Above Ground: $150 with horsepower of 2.25 or less; $200 with horsepower 2.25 - 3<br>
CEE Tier 1: $200<br>
CEE Tier 2: $300; Maximum Incentive: ; Eligible System Size: ; Equipment Requirements: ; Installation Requirements: Customers can find a list of participating contractors at CenterPointEfficiency.com.; Ownership of Renewable Energy Credits: ",https://cnpres.programprocessing.com/,"November 21, 2025",07/31/2007
4720,expired+updated,True,TX,Financial Incentive,Property Tax Incentive,Local,City of Houston - Property Tax Abatement for Green Commercial Buildings,Economic Development Division of the City Finance Department,,,"<p><b>Note: These guidelines and criteria for tax abatement were readopted by the City Council on August 28, 2024, and absent further extension they will expire on August 28, 2024.</b><br/>&#10;&#9;</p><p>In September 2009, the City of Houston Tax Abatement Program was enacted (Ordinance No. 2009-858), establishing a partial tax abatement for U.S. Green Building Council Leadership in Energy and Environmental Design (LEED)-certified commercial buildings. The tax abatement was extended most recently in 2024 under Ordinance No. 2024-624.<br/></p>&#10;<p><strong>Program eligibility<br/></strong></p><div>Under the program a facility is eligible for tax abatement if it meets the following requirements.</div><ol><li>It is a new commercial facility whose owner has registered with USGBC to apply for LEED certification for the facility;</li><li>Construction of the facility has not commenced prior to the application for abatement; and</li><li> The total project cost is reasonably expected by the applicant to be at least $3,000,000. This type of tax abatement may be a stand-alone abatement or part of a standard economic development abatement. <br/></li></ol><p><b>Value and Terms</b></p><p></p><p>A tax abatement shall be granted on the January 1st valuation date of the year that both construction has finished and a LEED certification has been obtained for the facility. This abatement will be for the percentage of the increase in the facility's value over the base year value that corresponds to the following LEED certification levels:<br/></p><p></p><ul><li><strong>Silver             5%</strong><strong></strong></li><li><strong>Gold             10%</strong><strong></strong></li><li><strong>Platinum    15% </strong></li></ul>","Incentive Amount: LEED Silver Level: 5%<br />
LEED Gold Level: 10%<br />
LEED Platinum Level: 15%; Maximum Incentive: ; Eligible System Size: ; Equipment Requirements: Must be LEED certified<br>
Must be new construction",https://www.houstontx.gov/ecodev/tax_abatements.html,"November 20, 2025",03/30/2011
2766,updated,True,TX,Financial Incentive,Sales Tax Incentive,State,ENERGY STAR Sales Tax Holiday for Energy-Efficient Products,Comptroller of Public Accounts,,,"<p>&#10;&#9;Purchases of certain energy-efficient products during Memorial Day weekend are exempt from the state sales and use tax. This 3-day tax holiday begins on the Saturday before the last Monday in May (Memorial Day) and ends on that same Monday (Memorial Day). The state sales and use tax rate is 6.25% (as of August 2014); some local jurisdictions add additional local sales and use taxes of up to 2%. The state exemption applies to both the state and local portion (if one exists) of the tax.</p>&#10;<p>&#10;&#9;Although the eligibility of some products is limited according to their sale price, there are no limitations on the total value or number of products exempt from sales tax.</p>&#10;<p>&#10;&#9;<strong>Eligible Technologies</strong></p>&#10;<p>&#10;&#9;This incentive is available only for the following types of products that meet federal <a href=""http://www.energystar.gov/index.cfm?fuseaction=find_a_product."" target=""_blank"">ENERGY STAR</a> requirements:</p>&#10;<ul>&#10;&#9;<li>Air conditioners with a sales price of $6,000 or less</li><li>Refrigerators with a sales price of $2,000 or less</li><li>Ceiling fans</li>&#10;&#9;<li>Incandescent or fluorescent light bulbs</li>&#10;&#9;<li>Clothes washers</li><li>Dishwashers</li><li>Dehumidifiers</li></ul>&#10;<p>&#10;&#9;<strong>Process</strong></p><p>&#10;&#9;Purchasers are not required to supply an exemption certificate or any other form of documentation in order to claim the exemption. Details on how the exemption is applied to internet and catalog sales, delivery charges, layaway plans, and installation charges are available from the program website. Interested individuals may also contact the office of the Texas Comptroller of Public Accounts with questions.</p>","Incentive Amount: 100% of sales and use tax (6.25% - 8.25% depending on local jurisdiction); Maximum Incentive: Air conditioners: price of $6,000 or less; <br>
Refrigerators: price of $2,000 or less;<br>
No limit on total purchases.; Equipment Requirements: Must meet federal ENERGY STAR efficiency requirements",https://comptroller.texas.gov/taxes/publications/96-1331.php,"December 24, 2025",10/26/2007
3840,updated,True,TX,Financial Incentive,Rebate Program,Utility,El Paso Electric Company - Small Business and Large Commercial Programs,,,,"<p>El Paso Electric (EPE) offers several incentive programs targeting small business owners as well as larger commercial and industrial EPE customers.</p>&#10;<p>The <a href=""http://www.epesavings.com/commercial-large.html"">Large Commercial Solutions Program</a> is designed to help businesses customers with demand of 100 kW or more address rising energy costs through the installation of energy efficiency improvements. The program offers objective, third-party consulting on energy usage and efficiency, supporting customers to identify cost-effective projects, properly evaluate vendor proposals, and leverage the resulting energy savings and cash incentives of up to $240 for every kW saved to finance additional improvements. Technical assistance, and communications support services are also offered through this program. Upgrades to lighting, HVAC, HVAC tune-up, cool roofs, pool pumps, commercial food service equipment, refrigeration measures, b<span>uilding envelope measures and other custom projects are eligible for this program. Please contact the utility or program representative for additional information on this program.</span></p>&#10;<p>The El Paso Electric <a href=""http://www.epesavings.com/commercial-small.html"">Small Commercial Solutions Program</a> offers technical assistance, communications support, and cash incentives for implementing energy efficiency improvements in the Texas portion of the El Paso Electric Service territory. The Small Commercial Solutions Program is specifically available to El Paso Electric business customers in Texas with up to 100 kW maximum demand or 250 kW maximum aggregate demand load. Incentives of up to $400 per peak kW are available for qualifying measures in retrofit and new construction projects. Indoor and outdoor lighting, HVAC, HVAC tune-up, cool roofs, pool pumps, commercial food service equipment, refrigeration measures and other measures are eligible for incentives under this program. El Paso Electric has partnered with CLEAResult Consulting, Inc. to administer the program. Please contact the utility or program representative for additional information on this program.</p>","Incentive Amount: Large Commercial Solutions: Up to $240/kW demand reduction<br />
Small Commercial Solutions: Up to $400/kW peak demand reduction; Maximum Incentive: ; Eligible System Size: Large Commercial Solutions: Over 100 kW per site<br />
Small Commercial Solutions: Up to 100 kW per meter, max. 250 kW between all systems; Equipment Requirements: ; Installation Requirements: ; Ownership of Renewable Energy Credits: ",https://www.epelectric.com/energy-efficiency/texas-business-energy-efficiency,"October 13, 2025",12/15/2009
3285,expired+updated,True,TX,Financial Incentive,Rebate Program,Utility,Garland Power & Light - EnergySaver Energy Efficiency Rebate Programs,Garland Power & Light,Air conditioners; Heat pumps; Lighting,Incentive min: 250.0000 $; Incentive max: 900.0000 $; Incentive max: 20000.0000 $; Incentive min: 700.0000 $; Incentive max: 900.0000 $,"<p>&#10;&#9;Garland Power and Light (GP&amp;L) offers incentives to its residential, small commercial, and commercial customers to increase the energy efficiency of homes and facilities. Rebates for installing central air conditioning or heat pumps in already existing homes and businesses are available to residential and small commercial customers. Additionally, a separate lighting program is available to commercial customers who reduce their facility demand. Details on all offerings are available on the program web site. Incentives are offered to customers in the form of bill credits.<br/>&#10;&#9;<br/>&#10;&#9;Residential customers also qualify for rebates when they install high efficiency window air conditioning units with an ENERGY STAR Rating or make weatherization improvements to already existing homes. Eligible weatherization measures include: ceiling insulation up-grades, weather-stripping, caulking, ENERGY STAR windows and doors, window solar screens and film, duct insulation or replacement, duct leakage tests, and duct sealing. See respective rebate applications on the program web site for specific instructions and amounts. Contact Garland Power and Light for more information.</p><p>Residential customers may also qualify for bill credits when installing solar photovoltaic panels. Information regarding the solar rebate program can be found <a href=""https://programs.dsireusa.org/system/program/detail/5858/garland-power-light-energysaver-solar-rebate-program"">here.</a><br/></p>","Incentive Amount: Central Air Conditioning & Heat Pump Program: $700 - $900/unit<br />
Room Air Conditioner: $250 - $300/unit<br />
Wholehouse Weatherization: Up to $2,000<br />
Commercial lighting: $100 per kW reduced up to $20,000<br />; Maximum Incentive: ; Eligible System Size: ; Equipment Requirements: ; Installation Requirements: ; Ownership of Renewable Energy Credits: ",http://www.gpltexas.org/save-energy-money/energysaver-program,"November 14, 2025",02/24/2009
3322,updated,True,TX,Financial Incentive,Rebate Program,Utility,Guadalupe Valley Electric Cooperative - Residential Energy Efficiency Rebate Programs,Guadalupe Valley Electric Cooperative,Air conditioners; Heat pumps; Level-2 Electric Vehicle Service Equipment; Programmable Thermostats,Incentive : 650.0000 $/Unit; Incentive max: 600.0000 $; Incentive max: 50.0000 % of cost; Incentive max: 3000.0000 $; Incentive max: 50.0000 % of cost; Incentive min: 30.0000 $; Incentive max: 85.0000 $,"<p>GVEC’s rebate program helps members offset the cost of energy-efficient upgrades, including high-efficiency heat pump systems, Level 2 EV charging stations, smart thermostats (via their Peak-Time Payback program), and battery storage systems. The goal is to promote energy conservation, reduce peak demand on the grid, and reward members who install efficient or distributed energy tech.</p><p>If you want further details or want to apply, you can reach GVEC at 800-223-4832. For rebate-specific inquiries, email rebates@gvec.org</p>","Incentive Amount: Heat Pumps/Air Conditioner: $650 (18+ SEER)<br>
Level-2 EV Charging Station (Residential): Least of $600 or 50% of costs<br/>
Level-2 EV Charging Station (Commercial): Least of $3000 or 50% of costs<br/>
Peak-Time Thermostat Program: One-time $85 bill credit with additional $30 per year (through September 30)<br />
Peak-Time Existing Battery Program (Initial): $75 per installed kilowatt of rated capacity<br />
Peak-Time Existing Battery Program (Annual): $75 per installed kilowatt of rated capacity, calculated as an annual amount, then prorated and applied as a monthly bill credit<br />
Peak-TIme New Battery Program (Initial): $220 per installed kilowatt of rated capacity<br />
Peak-TIme New Battery Program (Annual): $75 per installed kilowatt of rated capacity, calculated as an annual amount, then prorated and applied as a monthly bill credit<br />; Maximum Incentive: ; Eligible System Size: ; Equipment Requirements: See program website.; Installation Requirements: Installations require a licensed contractor approved by Guadalupe Valley Electric Cooperative<br />; Ownership of Renewable Energy Credits: ",https://www.gvec.org/electric/rebates/,"October 13, 2025",03/31/2009
4911,expired+updated,True,TX,Financial Incentive,Property Tax Incentive,Local,Harris County - Property Tax Abatement for Green Commercial Buildings,Harris County,,,"<p>In 2008, the Harris County Commissioners Court adopted guidelines for partial tax abatements for new construction of <span>U.S. Green Building Council (USGBC) Leadership in Energy and Environmental Design (LEED)</span>-certified commercial buildings. To be eligible for the tax abatement, projects must be registered with the <span>USGBC </span><em>before</em> submitting an <a href=""https://hcoed.harriscountytx.gov/docs/TA/2023_2025_HC_Green_Tax_Abatement_Appl.pdf"">application</a><a href=""http://www.hctx.net/CmpDocuments/103/Economic_Development/Harris%20County%20Green%20Building%20Tax%20Abatement%20Application.pdf"" target=""_blank""> </a>to Harris County Community Services Department and must be submitted to the County <em>before</em> construction of the project commences. Tax abatement agreements are effective for up to 10 years and are based are based on a percentage of the incremental investment associated with obtaining LEED certification.</p>&#10;<p>&#10;&#9;This type of tax abatement may be sought by an applicant of the County’s standard economic development tax abatement, or as a stand-alone tax abatement. When an applicant seeks only a LEED Certification Tax Abatement, no job creation target or competitive siting is required in order to qualify. The investment requirement is at least $1,000,000 for a commercial structure with Platinum LEED Certification, and at least $10,000,000 for a commercial with the Basic Certification. There is a non-refundable application fee of $1,000.</p>&#10;<p>&#10;&#9;The value of the tax abatement is calculated on the appraised value after LEED Certification is obtained. The value of the tax abatement may be increased by up to $1,000 in the final year of the Agreement, at the County’s discretion.</p><p>In April 2025, the abatement availability was extended to April 2027.</p>","Incentive Amount: Certified LEED (Basic): 1.0%<br>
LEED Silver: 2.5%<br>
LEED Gold: 5.0%<br>
LEED Platinum: 10%; Maximum Incentive: ; Eligible System Size: ; Equipment Requirements: Must be LEED certified<br>
Must be new construction",https://hcoed.harriscountytx.gov/gbta.aspx,"November 20, 2025",07/14/2011
22241,updated,True,TX,Financial Incentive,Rebate Program,State,Light-Duty Motor Vehicle Purchase or Lease Incentive Program,Texas Commission on Environmental Quality,,,"<p>The Light-Duty Motor Vehicle Purchase or Lease Incentive Program (LDPLIP) provides rebates across the state to people who purchase or lease new light-duty motor vehicles powered by a hydrogen fuel cell, compressed natural gas, liquefied petroleum gas (propane), or other electric drive (such as plug-in or plug-in hybrid), along with conversion systems for compressed natural gas or propane. For more information and instructions on how to apply, visit the <a href=""https://www.tceq.texas.gov/airquality/terp/ld.html/"">program website</a>.</p>",Incentive Amount: Varies; Maximum Incentive: ; Eligible System Size: ; Equipment Requirements: ; Installation Requirements: ; Ownership of Renewable Energy Credits: ,https://www.tceq.texas.gov/airquality/terp/ld.html/,"May 12, 2026",06/19/2021
22479,updated,True,TX,Financial Incentive,Rebate Program,Utility,Oncor Electric Delivery - Commercial Solar Program,Oncor Electric Delivery,,,"<p> Oncor Electric Delivery offers rebates to its customers that install photovoltaic (PV) systems on businesses in its service area. Oncor commercial customers are eligible to participate in the program. Rebates may be assigned to the customer, a service provider, or a third party.<br/><br/><b>Eligibility</b><br/><br/>A commercial customer's business must have electric delivery service provided by Oncor. Systems must be new, connected to the grid on the customer side of the meter and meet all applicable code and utility interconnection requirements. All installations must be performed by service providers who meet specific program eligibility requirements. <br/><br/>For more information, visit the program website.<br/></p>","Incentive Amount: Contact utility; Maximum Incentive: ; Eligible System Size: 10 kW-DC to 450 kW-DC. Must be less than 75% of annual peak demand; Equipment Requirements: The solar system must be new; Installation Requirements: Work must be performed in accordance with all applicable federal, state, and local codes and standards; The solar array azimuth must be within 67.5 to 292.5 degrees.; Ownership of Renewable Energy Credits: ",https://www.oncor.com/takealoadofftexas/pages/commercial-solar,"November 21, 2025",11/09/2022
3082,updated,True,TX,Financial Incentive,Rebate Program,Utility,Oncor Electric Delivery - Commercial Standard Offer Rebate Program,Oncor Electric Delivery,,,"<p>&#10;&#9;Oncor provides incentives to service providers and self-sponsors who install eligible energy efficiency measures at facilities serviced by Oncor through their Commercial Standard Offer Program (CSOP). Independent companies/contractors are eligible to participate. The program is divided into deemed projects and measurement &amp; verification projects. Deemed projects offer incentives to service providers who complete projects with deemed kilowatt and kilowatt-hour savings. Measurement &amp; verification (M&amp;V) projects offer incentives to service providers and self-sponsors who complete measures requiring measurement and verification. Oncor will pay service providers a fixed price per kilowatt and kilowatt-hour saved based on the estimate of useful life of the approved measure(s). There is a minimum savings of $500 for Deemed Savings projects and $10,000 for Measurement &amp; Verification projects. <br/></p><p><br/></p>","Incentive Amount: Incentive amounts vary based on the type of qualifying energy efficiency measure installed. Incentives are available for both new construction and retrofit projects. Contact Oncor for more information.
; Maximum Incentive: Deemed Commercial: Varies<br />
M&V Commercial: Contact Oncor; Eligible System Size: Eligible projects must achieve at least $500 in deemed savings incentives to be eligible for the Basic Commercial Program or $10,000 in measured and verified savings to be eligible for the M&V Commercial Program; Equipment Requirements: See program website for full details.; Installation Requirements: ; Ownership of Renewable Energy Credits: ",https://eepm.oncor.com/commercial-provider.aspx,"November 21, 2025",09/23/2008
22477,updated,True,TX,Financial Incentive,Grant Program,Utility,Pedernales Electric Cooperative Community Grants,Pedernales Electric Cooperative,,,"<p>Pedernales Electric Cooperative’s (PEC) Community Grants program awards grants of up to $5,000 to eligible nonprofit organizations for qualified projects located within the PEC service area or in a community surrounded by the PEC service area. The grants are made possible by PEC members’ participation in the<a href=""https://www.pec.coop/our-community/power-of-change/""> Power of Change program.<br/></a></p><p>PEC offers grants to cover capital improvements, technology, and equipment related to energy efficiency for eligible non-profits (either 501(c)(3) or 501(c)(4).  Additional requirements are outlined in the<a href=""https://www.pec.coop/our-community/pec-giving/community-grants/eligibility/""> </a><a href=""https://mypec.com/community-grants-eligibility-requirements/"">Community Grants eligibility requirements.</a></p><p><br/></p>","Incentive Amount: Up to $5,000 will be awarded to eligible nonprofit organizations.; Maximum Incentive: ; Equipment Requirements: ; Installation Requirements: ",https://www.pec.coop/community-grants/,"October 21, 2025",09/02/2022
81,updated,True,TX,Financial Incentive,Corporate Tax Deduction,State,Solar and Wind Energy Device Franchise Tax Deduction,Comptroller of Public Accounts,,,"<p>&#10;&#9;<span>Texas allows a corporation to deduct the cost of a solar energy device from the franchise tax in one of two ways: <br/></span></p>&#10;<ul>&#10;&#9;<li>&#10;&#9;&#9;<span>The total cost of the system may be deducted from the company's taxable capital or, </span></li>&#10;&#9;<li>&#10;&#9;&#9;<span>10% of the system's cost may be deducted from the company's income.  </span></li>&#10;</ul>&#10;<p>&#10;&#9;<span>Both taxable capital and a company's income are taxed under the franchise tax, which is Texas's equivalent to a corporate tax. </span></p>&#10;<p>&#10;&#9;<span>For the purposes of this deduction, a solar energy device means &#34;a system or series of mechanisms designed primarily to provide heating or cooling or to produce electrical or mechanical power by collecting and transferring solar-generated energy. The term includes a mechanical or chemical device that has the ability to store solar-generated energy for use in heating or cooling or in the production of power.&#34; Under this definition wind energy is also included as an eligible technology.</span></p>&#10;<p>&#10;&#9;<span>Texas also offers a<span class=""apple-converted-space""> </span><a href=""http://programs.dsireusa.org/system/program/detail/82"" target=""_blank"" title=""franchise tax exemption"">franchise tax exemption</a><span class=""apple-converted-space""> </span>for manufacturers, seller, or installers of solar energy systems which also includes wind energy as an eligible technology.</span></p>",Incentive Amount: 10% of amortized cost; Maximum Incentive: ; Equipment Requirements: ,https://comptroller.texas.gov/taxes/franchise/,"March 21, 2026",01/01/2000
1544,updated,True,TX,Financial Incentive,Rebate Program,Utility,Texas-New Mexico Power Company - Commercial Market Transformation Program,Texas-New Mexico Power,Air conditioners; Attic Insulation; Building Insulation; Building Systems; Chillers; Cold Climate Heat Pump; Commercial Refrigeration Equipment; Comprehensive Measures/Whole Building; Custom/Others pending approval; Dishwasher; Dual Fuel Air-Source Heat Pump; Ducted Mini-Split Heat Pump; Ductless Mini-Split Heat Pump; Energy Mgmt. Systems/Building Controls; HVAC; Heat pumps; Insulation; LED Lighting; Lighting; Lighting Controls/Sensors; Load Management; Motor VFDs; Other EE; Programmable Thermostats; Reflective Roofs; Refrigerators/Freezers; Solar Photovoltaics; Wall Insulation; Yes; specific technologies not identified,System max: 99.0000 kWh annual savings; Incentive min: 0.0100 $/kWh; Incentive max: 0.1050 $/kWh; Incentive min: 100.0000 $/kW; Incentive max: 400.0000 $/kW; System min: 1.5000 Tons; Incentive min: 100.0000 $; Incentive max: 1500.0000 $,"<p></p><p>The Commercial Market Transformation Program is offered to any TNMP non-residential distribution customer, including small business, non-profit, commercial, manufacturing, industrial, independent school district, college, university, test school, city, county, and government customers. Projects can include retrofits to existing systems, building remodels, or new construction incorporating high-efficiency designs and technologies.</p><p>The final incentive is based on the customer's annual energy savings -- $400/kW saved or $0.105/kWh saved, whichever is greater. Projects can receive a varied incentive value based on the facility's peak kW and the amount of kWh saved, with reduced incentives as the savings increase. See the<a href=""https://tnmp.com/sites/default/files/inline-images/2026%20TNMP%20Program%20Manual%20-%20Final.pdf""> program manual</a> for more information on the precise incentive tiers.</p><p>Eligible measures include:</p><ul><li><b>Lighting measures: </b>LED lighting retrofits, lighting controls, exterior lighting, LED installation in new construction</li><li><b>HVAC measures:</b> high-efficiency HVAC systems, variable frequency drives, energy recovery units, smart thermostats, HVAC system recommissioning/AC tune-ups</li><li><b>Building envelope improvements</b></li><li><b>Building automation and control measures: </b>controls to monitor and manage energy use, smart building controls, occupancy-based scheduling</li><li><b>Electric water heating and conservation measures</b></li><li><b>Renewable energy integration:</b> solar panels</li><li><b>ENERGY STAR appliances:</b> energy-efficient appliances, power management systems</li></ul><p>TNMP also provides an incentive for air conditioner and heat pump tune-ups for all commercial buildings using electricity on existing systems, with the incentive ranging from $100 to $1,500 based on the size of the system.</p><p>Separately, TNMP offers select equipment replaces at no cost, including energy assessments, select energy efficiency upgrades, and installation for commercial customers with a peak demand up to 100 kW.</p><p></p><p></p><p></p>","Incentive Amount: <b>Standard Incentive:</b><br>
0-250 peak kW: $0.025-$0.105/kWh or $200-$400/kW<br>
250-500 peak kW: $0.01-$0.105/kWh or $100-$400/kW<br>
500+ kW: $0.01-$0.05/kWh or $100-$250/kW (Tier 3)<br>
<br>
<b>Custom Incentive:</b><br>
1-3 million kWh saved: $0.035/kWh or $100/kW<br>
3-5 million kWh saved: $0.01/kWh<br>
Over 5 million kWh saved: $0.005/kWh<br>
<br>
<b>AC/Heat Pump Tune-Ups:</b><br>
1.5-3 tons: $100<br>
4-5 tons: $140<br>
6-10 tons: $250<br>
11-15 tons: $435<br>
16-25 tons: $500<br>
26-30 tons: $600<br>
31-50 tons: $840<br>
51-80 tons: $1,200<br>
80+ tons: $1,500; Maximum Incentive: $400/kW saved or $0.105/kWh saved, whichever is greater; Eligible System Size: ; Equipment Requirements: See program manual for full details; Installation Requirements: See program manual for full details; Ownership of Renewable Energy Credits: ",https://tnmp.com/energy-efficiency/commercial/large,"March 21, 2026",05/29/2006
1543,updated,True,TX,Financial Incentive,Rebate Program,Utility,Texas-New Mexico Power Company - Residential and Hard-to-Reach Standard Offer Programs,Frontier Energy,Air conditioners; HVAC; Heat Pump Water Heater; Heat pumps; Level-2 Electric Vehicle Service Equipment; Programmable Thermostats; Solar Photovoltaics,Incentive min: 50.0000 $/ton; Incentive max: 400.0000 $/ton; Incentive min: 75.0000 $/ton; Incentive max: 750.0000 $/ton; Incentive min: 50.0000 $; Incentive max: 500.0000 $; Incentive min: 50.0000 $; Incentive max: 175.0000 $; Incentive min: 1250.0000 $; Incentive max: 2750.0000 $; Incentive : 500.0000 $,"<p>The 2025 Residential and Hard-to-Reach (HTR) Standard Offer Program provides cash rebates to encourage homeowners and contractors to install energy-efficient equipment and upgrades. Incentives cover a wide range of residential improvements such as HVAC replacements, mini-split heat pumps, smart thermostats, lighting, water-saving fixtures, and insulation. Rebates vary by system efficiency (SEER2 ratings) and measure type, with additional incentives available for projects that include new construction or replace older systems early. Standard residential participants qualify for base rebate amounts, while Hard-to-Reach customers—typically low-income or rural households—receive higher incentives to help reduce upfront costs and promote equitable energy savings.</p><p><br/></p><p>The program also supports renewable and electrification technologies like solar PV systems, energy storage, and Level 2 EV chargers installed with solar. All measures must meet program eligibility requirements, and savings are verified based on equipment efficiency and installation quality.</p>","Incentive Amount: <b><a href=""https://tnmp.com/sites/default/files/PDFs/2025%20RESHTR%20Program%20Manual.pdf""> 2025 Program Manual</a></b><br />
<p><i>Note: “Res” = Residential Standard Offer Program; “HTR” = Hard-to-Reach Program (typically offers higher incentives for low-income or rural households).</i></p>

<ul>
  <li><b>Primary Measures — Paid by Verified Savings</b>
    <ul>
      <li>Ceiling/Wall/Floor Insulation (Gas): Res $480/kW + $0.25/kWh; HTR $538/kW + $0.30/kWh</li>
      <li>Ceiling/Wall/Floor Insulation (Electric): Res $440/kW + $0.24/kWh; HTR $493/kW + $0.28/kWh</li>
      <li>Attic Encapsulation (Gas): Res $384/kW + $0.20/kWh; HTR $430/kW + $0.24/kWh</li>
      <li>Attic Encapsulation (Electric): Res $352/kW + $0.19/kWh; HTR $394/kW + $0.22/kWh</li>
      <li>Duct Sealing (Alt Approach): Res $175; HTR $250 (flat)</li>
      <li>Air Infiltration (HTR only): HTR $275 + $0.11/kWh</li>
      <li>All Other Measures (&gt;10 yr EUL): Res $225 + $0.07/kWh; HTR $270 + $0.11/kWh</li>
    </ul>
  </li>

  <li><b>HVAC System Replacement — Replace on Burnout &amp; New Construction</b>
    <ul>
      <li>SEER2 15.2–17.19: Res $50/ton · $1,400/system (HP→ERH); HTR $125/ton · $1,900/system (HP→ERH)</li>
      <li>SEER2 17.2–19.99: Res $150/ton · $1,500/system (HP→ERH); HTR $225/ton · $2,000/system (HP→ERH)</li>
      <li>SEER2 20+: Res $225/ton · $1,700/system (HP→ERH); HTR $325/ton · $2,200/system (HP→ERH)</li>
      <li>Multifamily Units: Res $1,000/system; HTR $1,300/system</li>
    </ul>
  </li>

  <li><b>HVAC System Replacement — Early Retirement</b>
    <ul>
      <li>SEER2 15.2–17.19: Res $125/ton · $1,800/system (HP→ERH); HTR $225/ton · $2,300/system (HP→ERH)</li>
      <li>SEER2 17.2–19.99: Res $200/ton · $2,000/system (HP→ERH); HTR $300/ton · $2,500/system (HP→ERH)</li>
      <li>SEER2 20+: Res $300/ton · $2,200/system (HP→ERH); HTR $400/ton · $2,700/system (HP→ERH)</li>
      <li>Multifamily Units: Res $1,300/system; HTR $1,500/system</li>
    </ul>
  </li>

  <li><b>Mini-Split Systems (per ton)</b>
    <ul>
      <li><i>Replace on Burnout</i> — HP &amp; A/C: $75 - $350</li>
      <li><i>Replace on Burnout</i> — HP replacing ERH: $250 - $600</li>
      <li><i>Early Retirement</i> — HP &amp; A/C: $150 - $400</li>
      <li><i>Early Retirement</i> — HP replacing ERH: $350 - $750</li>
      <li><i>New Construction</i> — HP &amp; A/C: $75 - $350</li>
    </ul>
  </li>

  <li><b>Heat Pump Water Heaters (ENERGY STAR&reg;)</b>
    <ul>
      <li>&le;55 gal: Res $400; HTR $500</li>
      <li>&gt;55–120 gal: Res $50; HTR $100</li>
    </ul>
  </li>

  <li><b>HVAC Tune-Up (Deemed Savings)</b>
    <ul>
      <li>Res $55; HTR $55</li>
    </ul>
  </li>

  <li><b>Secondary Measures</b>
    <ul>
      <li>Advanced Power Strip (APS): Res $30; HTR $35</li>
      <li>Small APS (PowerTap): Res $15; HTR $15</li>
      <li>General Service LED: Res $3.00/lamp; HTR $3.00/lamp</li>
      <li>Faucet Aerator: Res $3.50; HTR $4.50</li>
      <li>Low-Flow Showerhead: Res $35; HTR $45</li>
      <li>Water Heater Pipe Wrap: Res $5; HTR $10</li>
      <li>Smart Thermostat (Single-family): Res $125; HTR $175</li>
      <li>Smart Thermostat (Multifamily): Res $50; HTR $65</li>
    </ul>
  </li>

  <li><b>Solar / Energy Storage / EVSE (with Solar)</b>
    <ul>
      <li>PV (DC-STC size): 3–4.999 kW $1,250; 5–7.499 kW $2,200; 7.5–30 kW $2,750</li>
      <li>Energy Storage (with Solar): $1,000</li>
      <li>Level 2 EVSE (with Solar): $500</li>
      <li>Max per Customer: $4,250; Max per Premise: $4,250</li>
    </ul>
  </li>
</ul>; Maximum Incentive: ; Eligible System Size: ; Equipment Requirements: ; Installation Requirements: See program manual for full details; Ownership of Renewable Energy Credits: ",https://tnmpefficiency.com/residential.php#existing-homes,"November 3, 2025",05/29/2006
2084,updated,True,TX,Financial Incentive,Rebate Program,Utility,United Cooperative Services - Residential Energy Efficiency Rebate Program,United Cooperative Services,Attic Insulation; Building Insulation; Geothermal Heat Pumps; HVAC; Heat Pump Water Heater; Heat pumps; Level-2 Electric Vehicle Service Equipment; Programmable Thermostats; Water Heaters,Incentive : 200.0000 $/ton; Incentive : 150.0000 $/Unit; Incentive : 200.0000 $/Unit; Incentive max: 50.0000 $/Unit; Incentive : 0.0200 $/square foot; Incentive : 75.0000 $/Unit; Incentive max: 250.0000 $; Incentive : 50.0000 % of cost,"<p>United Cooperative Services offers a one-time rebate program for new home construction and retrofit upgrades.  The following equipment/upgrades are eligible under United's Rebate Program:</p>&#10;<ul>&#10;    <li><span>Air-Source Heat Pumps</span></li>&#10;    <li>Ground Source Heat Pumps</li>&#10;    <li>Programmable Thermostats</li>&#10;    <li>Heat Pump Water Heaters</li>&#10;    <li>Attic Insulation</li><li>HVAC Systems/Tune-ups</li><li><span>Electric Vehicle Chargers</span></li>&#10;</ul>&#10;<p>Maximum incentives are capped at $1,200 per home.   To be eligible for the rebate program, rebate forms and accompanying documentation must be submitted within 60 days of the completion of construction and/or installation. Additional equipment requirements and applications may be found on the web site listed above.</p>","Incentive Amount: Air Source Heat Pump: $200<br />
Geothermal Heat Pump: $200/ton<br />
Heat Pump Electric Water Heater: $150/unit<br/>
Attic Insulation (Retrofit): $0.02/inch per sq ft<br />
HVAC Tune-Up: $75<br />
Electric Vehicle Charger: 50% of cost, up to $250/unit <br/>
Smart Thermostat: up to $50<br />; Maximum Incentive: Insulation Rebate: Paid only up to maximum depth of 12 inches<br />
Total Rebates: $1,200 maximum per home; Eligible System Size: See program website.; Equipment Requirements: See program website.; Installation Requirements: See program website.; Ownership of Renewable Energy Credits: ",https://www.united-cs.com/rebate-programs,"October 14, 2025",08/29/2006
727,updated,True,US,Financial Incentive,Corporate Tax Exemption,Federal,Residential Energy Conservation Subsidy Exclusion (Corporate),U.S. Internal Revenue Service,,,"<p>&#10;&#9;According to Section 136 of the U.S. Code, energy conservation subsidies provided (directly or indirectly) to customers by public utilities* are non-taxable. This exclusion does <i>not</i> apply to electricity-generating systems registered as &#34;qualifying facilities&#34; under the Public Utility Regulatory Policies Act of 1978 (PURPA). If a taxpayer claims federal tax credits or deductions for the energy conservation property, the investment basis for the purpose of claiming the deduction or tax credit must be reduced by the value of the energy conservation subsidy (i.e., a taxpayer may not claim a tax credit for an expense that the taxpayer ultimately did not pay).</p><p>The term &#34;energy conservation measure&#34; includes installations or modifications primarily designed to reduce consumption of electricity or natural gas, or to improve the management of energy demand. Eligible dwelling units include houses, apartments, condominiums, mobile homes, boats and similar properties. If a building or structure contains both dwelling units and other units, any subsidy must be properly allocated.</p><p>The definition of &#34;energy conservation measure&#34; implies that utility rebates for residential solar-thermal projects and photovoltaic (PV) systems may be non-taxable. However, the IRS has not ruled definitively on this issue. Taxpayers considering using this provision for a renewable energy system should discuss the details of the project with a tax professional. Other types of utility subsidies that may come in the form of credits or reduced rates might also be non-taxable, according to IRS Publication 525. <br/>&#10;&#9;<br/>&#10;&#9;<br/>&#10;&#9;* <i>The term &#34;public utility&#34; is defined as an entity &#34;engaged in the sale of electricity or natural gas to residential, commercial, or industrial customers for use by such customers.&#34; The term includes federal, state and local government entities.</i></p>",Incentive Amount: 100% of subsidy; Maximum Incentive: ,http://www.irs.gov/publications/p525/index.html,"March 26, 2026",03/05/2002
666,updated,True,US,Financial Incentive,Personal Tax Exemption,Federal,Residential Energy Conservation Subsidy Exclusion (Personal),U.S. Internal Revenue Service,,,"<p>
	According to Section 136 of the U.S. Code, energy conservation subsidies provided (directly or indirectly) to customers by public utilities* are non-taxable. This exclusion does <em>not</em> apply to electricity-generating systems registered as &quot;qualifying facilities&quot; under the Public Utility Regulatory Policies Act of 1978 (PURPA). If a taxpayer claims federal tax credits or deductions for the energy conservation property, the investment basis for the purpose of claiming the deduction or tax credit must be reduced by the value of the energy conservation subsidy (i.e., a taxpayer may not claim a tax credit for an expense that the taxpayer ultimately did not pay).</p>
<p>
	The term &quot;energy conservation measure&quot; includes installations or modifications primarily designed to reduce consumption of electricity or natural gas, or to improve the management of energy demand. Eligible dwelling units include houses, apartments, condominiums, mobile homes, boats and similar properties. If a building or structure contains both dwelling units and other units, any subsidy must be properly allocated.</p>
<p>
	The definition of &quot;energy conservation measure&quot; implies that utility rebates for residential solar-thermal projects and photovoltaic (PV) systems may be non-taxable. However, the IRS has not ruled definitively on this issue. Taxpayers considering using this provision for a renewable energy system should discuss the details of the project with a tax professional. Other types of utility subsidies that may come in the form of credits or reduced rates might also be non-taxable, according to IRS Publication 525.<br />
	<br />
	<br />
	* <i>The term &quot;public utility&quot; is defined as an entity &quot;engaged in the sale of electricity or natural gas to residential, commercial, or industrial customers for use by such customers.&quot; The term includes federal, state and local government entities.</i></p>",Incentive Amount: 100% of subsidy; Maximum Incentive: ,http://www.irs.gov/publications/p525/index.html,"March 26, 2026",03/05/2002
1070,expired+updated,True,UT,Financial Incentive,Sales Tax Incentive,State,Alternative Energy Sales Tax Exemption,Utah State Tax Commission,,,"<p>&#10;&#9;Utah exempts the purchase or lease of equipment used to generate electricity from alternative resources from the state sales tax. Eligible purchases or leases must be made for or by an alternative energy production facility on or after July 1, 2004, and before June 30, 2027. All leases must be made for at least seven years.</p><p>&#10;&#9;Eligible  resources include wind, solar, biomass, geothermal, hydroelectricity, and energy that is derived from coal-to-liquids, nuclear fuel, oil-impregnated diatomaceous earth, oil sands, oil shale, petroleum coke, waste heat from an industrial facility, or waste heat from a power station in which an electric generator is driven through a process in which water is heated, turns into steam, and spins a steam turbine. Facilities must use alternative energy to produce electricity and must have a minimum capacity of 2 megawatts (MW). An existing facility that is expanded by one or more MW as a result of the machinery or equipment may also be eligible for the exemption.</p><p>Equipment used to generate electricity from waste energy is also eligible for this exemption. Waste energy is defined as using as the primary source of energy materials that would be placed in a landfill or refuse pit if it were not used to generate electricity. This includes tires, waste coal, oil shale, and municipal solid waste. The facility must generate an amount of energy greater than that required for the operation of the facility.</p><p>&#10;&#9;Equipment eligible for the exemption generally includes wind turbines, generating equipment, control and monitoring systems, power lines, substation equipment, lighting, fencing, pipes, and other equipment for locating power lines and poles. Equipment <i>not</i> eligible for the exemption includes tools and other equipment used in construction of a new facility, contracted services required for construction, and routine maintenance activities and equipment utilized or acquired after the project is operational.</p>&#10;<p>&#10;&#9;As of 2013, sales of fuel cells are also exempt from taxation.</p>","Incentive Amount: 100%; Maximum Incentive: ; Equipment Requirements: 2 MW or greater, or for expansions of 1 MW or greater",,"March 23, 2026",03/18/2004
248,expired+updated,True,UT,Financial Incentive,Corporate Tax Credit,State,Renewable Energy Systems Tax Credit (Corporate),"State Energy Program, State Tax Commission",Biomass; Geothermal Direct-Use; Geothermal Electric; Geothermal Heat Pumps; Hydroelectric; Hydrogen; Solar - Passive; Solar Photovoltaics; Solar Pool Heating; Solar Space Heat; Solar Thermal Electric; Solar Thermal Process Heat; Solar Water Heat; Wind (All); Wind (Small),Incentive : 25.0000 % of cost; Incentive max: 2000.0000 $; System max: 660.0000 kW; Incentive : 10.0000 % of cost; Incentive max: 50000.0000 $; System min: 660.0000 kW; Incentive : 0.0035 $/kWh (4 years); System max: 2.0000 MW; Incentive : 10.0000 % of cost; Incentive max: 50000.0000 $; Incentive : 1600.0000 $; Incentive max: 5600.0000 None; Incentive : 0.1200 $/Unit,"<p><i><b>Note: <a href=""https://le.utah.gov/~2025/bills/static/HB0264.html"">H.B. 264</a>, enacted in 2025,  established an expiration for this tax credit, requiring systems to be placed in service by December 31, 2027 to qualify.  Another bill enacted in 2025, <a href=""https://le.utah.gov/~2025/bills/static/SB0192.html"">S.B. 192</a>, further amended this tax credit by requiring commercial systems to be paired with energy storage systems capable of storing at six hours of the systems expected peak daily generation. </b></i></p><p>&#10;&#9;Utah's individual income tax credit for renewable energy systems includes provisions for both residential and commercial applications. The Utah Office of Energy Development administers the tax credit and has responsibility for revising the tax credit rules and certifying systems as eligible for the credit. <a class=""summarylink"" href=""http://le.utah.gov/~2007/bills/sbillenr/sb0223.pdf"" target=""_blank"" title=""Utah law"">Legislation</a> (section 5) enacted in 2007 extended these tax credits through at least 2012. On or before this time, and every five years thereafter, the Utah Tax Review Commission must review the tax credit and make recommendations as to whether the tax credit should be continued, modified, or repealed. </p><p>&#10;&#9;<b>Residential Systems:</b></p><p>&#10;&#9;The individual income tax credit for residential systems is 25% of the reasonable installed system costs up to a maximum credit of $2,000 per residential unit for systems other than PV solar. Credits for PV systems began at $1,600 for systems installed between 2018 - 2020, beginning in 2021, credits decrease by $400 every year until 2024, after which no credit will be granted. The residential credit is nonrefundable, but unused credit may be carried over up to four years. A non-business entity that leases a residential system is eligible for the credit and may use the credit for no more than seven years from the initiation of the lease. <span>Eligible residential systems include active and passive solar thermal systems; solar electric systems; wind systems; hydro (water) energy; geothermal heat pumps; direct-use geothermal; and biomass. Note that eligible biomass systems must produce either fuel or electricity. Biomass heating systems are not eligible.</span></p><p>&#10;&#9;<b>Commercial Systems</b>:</p><p>&#10;&#9;The tax credit for commercial systems is structured as a refundable credit. Eligible commercial systems include active and passive solar thermal systems; solar electric systems; wind systems; hydro (water) energy; geothermal heat pumps; direct-use geothermal; and geothermal electricity; and biomass systems. Note that eligible biomass systems must produce either fuel or electricity. Biomass heating systems are not eligible. Renewable energy systems may be used to supply energy to a commercial unit or as a commercial enterprise selling the energy. <a href=""http://le.utah.gov/~2015/bills/sbillenr/SB0014.pdf"">S.B. 14</a>, passed in 2015, clarified that the corporate tax credit can be applied by any taxpayer that owns a &#34;commercial energy system&#34;, and thereby eliminated the requirement that a &#34;business entity&#34; is the only one who can take the corporate credit.</p><p>For wind, geothermal electric, solar, or biomass systems with a total capacity of less than 660 kW, solar photovoltaic (PV) systems up to 2 megawatts (MW), the credit is worth 10% of the reasonable installed costs up to $50,000 per commercial unit. A taxpayer that leases a commercial system is eligible for the credit and may use the credit for no more than seven years from the initiation of the lease. </p>&#10;<p><span>For commercial wind, solar, geothermal electric, or biomass systems with a total capacity of 660 kW or greater, the credit is 0.35¢/kWh ($0.0035/kWh) for four years. The credit may not be carried forward or back. A taxpayer that leases a commercial system is also eligible for the credit.</span><br/></p><p></p><p><b>Hydrogen:</b></p><p></p><p>In 2021, <a href=""https://le.utah.gov/~2021/bills/hbillenr/HB0223.htm"">H.B. 223</a> introduced a new provision for hydrogen systems. The refundable credit may not be combined with other commercial credits offered under this program and is limited to less than 5,600 metric tons of hydrogen per taxable year. The credit is 12¢/kg of hydrogen ($0.12/kg of hydrogen) for four years.</p><p></p><p></p>","Incentive Amount: Residential systems: 25% of installed cost<br>
<br>
Commercial wind, solar, geothermal electric, and biomass systems smaller than 600 kW, and solar smaller than 2 MW: 10% of installed cost<br>
<br>
Commercial systems 660 kW or greater: 0.35¢/kWh ($0.0035/kWh)<br>
<br>
Hydrogen systems: $0.12/kg of hydrogen; Maximum Incentive: Residential (other than PV): $2,000<br>
Residential PV: $1,600 (reduces by $400 every year beginning 2021)<br>
Commercial systems smaller than 600 kW, and solar smaller than 2 MW: $50,000<br>
Commercial systems 660 kW or greater: No limit; Eligible System Size: Residential: not specified<br>
Commercial Systems: dependent on incentive and system type<br>
Hydrogen: max 5,600 metric tons of hydrogen; Equipment Requirements: System must be in compliance with all applicable performance and safety standards; must obtain certification from the State Energy Program; Installation Requirements: ; Carryover Provisions: Residential: Excess credit may be carried forward four years<br>
Commercial: May not be carried forward or back",https://energy.utah.gov/tax-credits/renewable-energy-systems-tax-credit/,"March 23, 2026",01/01/2000
83,expired+updated,True,UT,Financial Incentive,Personal Tax Credit,State,Renewable Energy Systems Tax Credit (Personal),"State Energy Program, State Tax Commission",Biomass; Geothermal Direct-Use; Geothermal Electric; Geothermal Heat Pumps; Hydroelectric; Hydrogen; Landfill Gas; Solar - Passive; Solar Photovoltaics; Solar Pool Heating; Solar Space Heat; Solar Thermal Electric; Solar Thermal Process Heat; Solar Water Heat; Wind (All); Wind (Small),Incentive : 25.0000 % of cost; Incentive max: 2000.0000 $; System max: 660.0000 kW; Incentive : 10.0000 % of cost; Incentive max: 50000.0000 $; System min: 660.0000 kW; Incentive : 0.0035 $/kWh (4 years); System max: 2.0000 MW; Incentive : 10.0000 % of cost; Incentive max: 50000.0000 $; System max: 5600.0000 None; Incentive : 0.1200 $/Unit,"<p><i><b>Note: <a href=""https://le.utah.gov/~2025/bills/static/HB0264.html"">H.B. 264</a>, enacted in 2025,  established an expiration for this tax credit, requiring systems to be placed in service by December 31, 2027 to qualify.  Another bill enacted in 2025, <a href=""https://le.utah.gov/~2025/bills/static/SB0192.html"">S.B. 192</a>, further amended this tax credit by requiring commercial systems to be paired with energy storage systems capable of storing at six hours of the systems expected peak daily generation. </b></i> </p><p><span>Utah's income tax credit for renewable energy systems includes provisions for both residential and commercial applications. The Utah Office of Energy Development administers the tax credit and has responsibility for revising the tax credit rules and certifying systems as eligible for the credit. </span><a class=""summarylink"" href=""http://le.utah.gov/~2007/bills/sbillenr/sb0223.pdf"" target=""_blank"" title=""Utah Law"">Legislation</a> (Section 5)<span> enacted in 2007 extended these tax credits through at least 2012. On or before this time, and every five years thereafter, the Utah Tax Review Commission must review the tax credit and make recommendations as to whether the tax credit should be continued, modified, or repealed. This legislation also expanded the tax credit language to include geothermal resources, and modified the credit calculation for large wind, biomass, and geothermal electric systems. </span><br/></p><p>The revised tax credit is applicable to systems placed in service on or after January 1, 2007. Taxpayers wishing to use this tax credit must first apply through the Utah State Energy Program before claiming the tax credit against their Utah state taxes.</p><p>&#10;&#9;<b>Residential Systems:</b></p><p>The individual income tax credit for residential systems is 25% of the reasonable installed system costs up to a maximum credit of $2,000 per residential unit for systems other than PV solar. Credits for PV systems began at $1,600 for systems installed between 2018 - 2020, beginning in 2021, credits decreased by $400 every year until 2024, after which no credit will be granted. The residential credit is nonrefundable, but unused credit may be carried over up to four years. A non-business entity that leases a residential system is eligible for the credit and may use the credit for no more than seven years from the initiation of the lease. Eligible residential systems include active and passive solar thermal systems; solar electric systems; wind systems; hydro (water) energy; geothermal heat pumps; direct-use geothermal; and biomass. Note that eligible biomass systems must produce either fuel or electricity. Biomass heating systems are not eligible.</p><p>&#10;&#9;<b>Commercial Systems</b>:</p><p>The tax credit for commercial systems is structured as a refundable credit. Eligible commercial systems include active and passive solar thermal systems; solar electric systems; wind systems; hydro (water) energy; geothermal heat pumps; direct-use geothermal; and geothermal electricity; and biomass systems. Note that eligible biomass systems must produce either fuel or electricity. Biomass heating systems are not eligible. Renewable energy systems may be used to supply energy to a commercial unit or as a commercial enterprise selling the energy. <a href=""https://le.utah.gov/~2015/bills/sbillenr/SB0014.pdf"">S.B. 14</a>, passed in 2015, clarified that the corporate tax credit can be applied by any taxpayer that owns a &#34;commercial energy system&#34;, and thereby eliminated the requirement that a &#34;business entity&#34; is the only one who can take the corporate credit.</p><p>For wind, geothermal electric, solar, or biomass systems with a total capacity of less than 660 kW, solar photovoltaic (PV) systems up to 2 megawatts (MW), the credit is worth 10% of the reasonable installed costs up to $50,000 per commercial unit. A taxpayer that leases a commercial system is eligible for the credit and may use the credit for no more than seven years from the initiation of the lease. </p><p>For commercial wind, solar, geothermal electric, or biomass systems with a total capacity of 660 kW or greater, the credit is 0.35¢/kWh ($0.0035/kWh) for four years. The credit may not be carried forward or back. A taxpayer that leases a commercial system is also eligible for the credit.</p><p><b>Hydrogen:</b></p><p>In 2021, <a href=""https://le.utah.gov/~2021/bills/hbillenr/HB0223.htm"">H.B. 223</a> introduced a new provision for hydrogen systems. The refundable credit may not be combined with other commercial credits offered under this program and is limited to less than 5,600 metric tons of hydrogen per taxable year. The credit is 12¢/kg of hydrogen ($0.12/kg of hydrogen) for four years.</p>","Incentive Amount: Residential systems other than PV: 25% of installed cost <br>
Residential PV: Unavailable as of January 1, 2024<br>
Commercial wind, solar, geothermal electric, and biomass systems smaller than 600 kW, and solar smaller than 2 MW: 10% of installed cost<br>
Commercial systems 660 kW or greater: 0.35¢/kWh ($0.0035/kWh)<br>
Hydrogen systems: $0.12/kg of hydrogen; Maximum Incentive: Residential (other than PV): $2,000<br>
Commercial systems smaller than 600 kW, and solar smaller than 2 MW: $50,000<br>
Commercial systems 660 kW or greater: No limit; Eligible System Size: Residential: not specified <br>
Commercial Systems: dependent on incentive and system type<br>
Hydrogen: max 5,600 metric tons of hydrogen; Equipment Requirements: System must be in compliance with all applicable performance and safety standards; must obtain certification from the State Energy Program.; Installation Requirements: ; Carryover Provisions: Residential: Excess credit may be carried forward for the next four years<br>
Commercial: May not be carried forward or back",https://energy.utah.gov/tax-credits/renewable-energy-systems-tax-credit/,"March 23, 2026",01/01/2000
4127,updated,True,VA,Financial Incentive,Rebate Program,Utility,Columbia Gas of Virginia - Home Savings Rebate Program,,Boilers; Doors; Furnaces; Programmable Thermostats; Water Heaters; Windows,Incentive : 50.0000 $; Incentive min: 50.0000 $; Incentive max: 250.0000 $; Incentive min: 300.0000 $; Incentive max: 500.0000 $; Incentive : 1.0000 $/square foot,"<p>&#10;&#9;Columbia Gas of Virginia offers rebates to residential customers for the purchase and installation of energy efficient appliances and equipment. Furnaces, windows, and smart thermostats are available for cash rebates. All efficiency and performance requirements must be met in order to receive rebate. Some installation requirements also apply. All application and information forms are available on the program web site. Mail-in rebate applications should be sent to the address listed below. Contact Columbia Gas of Virginia for further information on this program.</p>","Incentive Amount: Energy star smart thermostat: $50<br />
High-efficiency natural gas water heater: $50 - $250<br />
High-efficiency natural gas furnace or boiler: $300 - $500<br />
Energy star natural gas dryer: $50<br />
High-efficiency windows, doors and skylight: $1 per sq ft<br />
High-efficiency direct vent gas fireplace: $100<br />; Maximum Incentive: ; Eligible System Size: ; Equipment Requirements: High Efficiency Gas Furnace: AFUE at least 90%<br />

Windows:  Consistent with ENERGY STAR specifications for North-Central climate zone<br />; Installation Requirements: ; Ownership of Renewable Energy Credits: Not specified",http://www.columbiagasva.com/ways-to-save/residential-customers,"October 28, 2025",05/06/2010
5503,updated,True,VA,Financial Incentive,Property Tax Incentive,State,Commercial Solar Property Tax Exemption,Virginia Department Energy,,,"<p><span>The following property tax exemptions for solar facilities are available in Virginia:</span><br/></p><p></p><p>100% property tax exemption for the assessed value of equipment and facilities used in:</p><ol><li>Projects equaling 20 MW or less that serve a public institution of higher education or private college.</li><li>Projects equaling 5 MW or less.</li></ol><p>for other projects over 5 MW and less than 150 MW,  there is a property tax abatement that decreases over time: </p><ul><li>80% exemption for first five years of operation</li><li>70% exemption for second five years of operation</li><li>60% exemption for all remaining years of operation</li></ul><p><span>The law broadly defines eligible solar facilities as &#34;any property, including real or personal property, equipment, facilities, or devices...designed and used primarily for the purpose of collecting, generating, transferring, or storing thermal or electrical energy.&#34; The exemption does not include the land on which the equipment or facility is located. </span></p>&#10;<p>&#10;&#9;<span>The tax exemption is generally for “certified pollution control equipment and facilities” which includes any property including real or personal property, equipment, facilities, or devices used for the purpose of abating for preventing pollution of the atmosphere or waters in the State. In addition to solar PV, other properties also include, but not limited to, any equipment used to create mulch, compost, landfill gas, synthetic or natural gas recovered from waste or other fuel. </span></p>","Incentive Amount: 100% exemption for projects up to 5 MW, as well as projects up to 20 MW serving public institutions of higher education or private colleges<br>
80% exemption for projects over 5 MW and less than 150 MW; Maximum Incentive: ; Eligible System Size: Up to 150 MW; incentive varies by size; Equipment Requirements: ",https://energy.virginia.gov/renewable-energy/SolarPower.shtml#main,"September 4, 2026",07/03/2014
4362,updated,True,VA,Financial Incentive,Personal Tax Deduction,State,Income Tax Deduction for Energy-Efficient Products,Virginia Department of Taxation,,,"<p>&#10;&#9;Taxpayers in Virginia may deduct from their taxable personal income an amount equal to 20% of the sales taxes paid for certain energy efficient equipment. The incentive is capped at $500. This incentive is available for the following equipment types:</p>&#10;<ul>&#10;&#9;<li>clothes washers</li>&#10;&#9;<li><span>room air conditioners</span></li>&#10;&#9;<li><span>dishwashers</span></li>&#10;&#9;<li><span>standard size refrigerators </span></li>&#10;&#9;<li>&#10;&#9;&#9;<span>Any fuel cell that generates electricity using an electrochemical process, has an electricity-only generation efficiency greater than 35 percent, and has a generating capacity of at least two kilowatts </span></li>&#10;&#9;<li>&#10;&#9;&#9;<span>Any gas heat pump that has a coefficient of performance of at least 1.25 for heating and at least 0.70 for cooling</span></li>&#10;&#9;<li>&#10;&#9;&#9;<span>Any electric heat pump hot water heater that yields an energy factor of at least 1.7</span></li>&#10;&#9;<li>&#10;&#9;&#9;<span>Any electric heat pump that has a heating system performance factor of at least 8.0 and a cooling seasonal energy efficiency ratio of at least 13.0</span></li>&#10;&#9;<li>&#10;&#9;&#9;<span>Any central air conditioner that has a cooling seasonal energy efficiency ratio of at least 13.5</span></li>&#10;&#9;<li>&#10;&#9;&#9;<span>Any advanced gas or oil water heater that has an energy factor of at least 0.65 </span></li>&#10;&#9;<li>&#10;&#9;&#9;<span>Any advanced oil-fired boiler with a minimum annual fuel-utilization rating of 85</span></li>&#10;&#9;<li>&#10;&#9;&#9;<span>Any advanced oil-fired furnace with a minimum annual fuel-utilization rating of 85</span></li>&#10;&#9;<li>&#10;&#9;&#9;<span>Programmable thermostats</span></li></ul>","Incentive Amount: 20% of the sales tax paid by an individual; Maximum Incentive: Not to exceed $500; Equipment Requirements: Must meet federal Energy Star efficiency requirements, and/or efficiency ratings detailed in the statutes.",,"March 26, 2026",09/28/2010
2983,updated,True,VA,Financial Incentive,Property Tax Incentive,State,Local Option - Property Tax Assessment for Energy Efficient Buildings,Virginia Department of Taxation,,,"<p>&#10;&#9;In March 2008, Virginia enacted legislation that would allow local jurisdictions to assess the property tax of energy efficient buildings at a reduced rate. Under this law, eligible energy-efficient buildings, not including the real property on which they are located, may be considered a separate class of property for local taxation purposes. Accordingly, the governing body of any county, city or town may, by ordinance, allow a special assessment of the property taxes for this class of property.<br/>&#10;&#9;<br/>&#10;&#9;An energy-efficient building is defined as any building that exceeds the energy efficiency standards of the Virginia Uniform Statewide Building Code by 30%; meets performance standards of the Green Globes Green Building Rating System, the Leadership in Energy and Environmental Design (LEED) System or the EarthCraft House Program; or qualifies as an ENERY STAR home under federal ENERGY STAR criteria. <br/>&#10;&#9;<br/>Some of the communities that have enacted an ordinance implementing this law include:</p>&#10;<ul>&#10;&#9;<li>&#10;&#9;&#9;City of Charlottesville (see Charlottesville's city code, <a href=""https://library.municode.com/va/charlottesville/codes/code_of_ordinances?nodeId=CO_CH30TA_ARTVTAEXSOENREEQFADECERERESTENEFBU"">Chapter 30, Article V, Division 4</a> for more information)</li>&#10;&#9;<li>&#10;&#9;&#9;County of Spotsylvania (see <a href=""https://library.municode.com/va/spotsylvania_county/codes/code_of_ordinances?nodeId=COCO_CH21TA_ARTIINGE_DIV2SPTARAENFIBU_S21-3.1ENFIBU"">Ordinance No. 21-63</a> for more information on the five-year county tax exemption for energy efficient buildings)</li>&#10;&#9;<li>&#10;&#9;&#9;City of Virginia Beach (see Virginia Beach's Real Estate Assessments, <a href=""https://assessor.virginiabeach.gov/relief-incentives/energy-efficient-buildings"">Special Tax Rate</a>, for more information)</li><li>Roanoke (see City <a href=""https://www.roanokeva.gov/1712/Special-Tax-Rate-on-Energy-Efficient-Bui"">website</a> and City Code <a href=""https://library.municode.com/va/roanoke/codes/code_of_ordinances?nodeId=CORO1979_CH32TA_ARTIIREESTAGE_DIV9TARACEENFIBU"">Sec. 32-103.20</a>)</li>&#10;</ul>",Incentive Amount: ; Maximum Incentive: ; Eligible System Size: ; Equipment Requirements: ,,"November 17, 2025",06/24/2008
85,updated,True,VA,Financial Incentive,Property Tax Incentive,State,Local Option - Residential Property Tax Exemption for Solar,Virginia Department of Energy,,,"<p>&#10;&#9;The State of Virginia provides the option for any county, city, or town to exempt or partially exempt solar energy equipment and recycling equipment from local property taxes.  This status is targeted toward non-commercial participants; commercial entities have a separate exemption/abatement through the<a href=""https://www.dmme.virginia.gov/DE/Energy_Incentives.shtml""> </a><a href=""https://programs.dsireusa.org/system/program/detail/5503/commercial-solar-property-tax-exemption"">Commercial Property Tax Exemption for Solar</a><a href=""https://www.dmme.virginia.gov/DE/Energy_Incentives.shtml"">.</a></p><p>The solar equipment and installation has to be inspected and certified by the local building department or the Department of Environmental Quality to provide the value of the system for the purpose of determining tax credit. The statute broadly defines solar energy equipment as any that is &#34;designed and used primarily for the purpose of collecting, generating, transferring, or storing thermal or electric energy.&#34; This includes solar photovoltaic (PV), solar thermal heating, and passive solar systems.</p><p><span>Recycling equipment is defined as equipment which is &#34;certified by the Department of Environmental Quality as integral to the recycling process and for use primarily for the purpose of abating or preventing pollution of the atmosphere or waters.</span></p><p><span>Cities currently offering a solar energy equipment and facilities exemption include: Alexandria, Charlottesville, Fredericksburg, Hampton, Harrisonburg, Lexington, Lynchburg, Petersburg, Roanoke, Suffolk, and Winchester. </span></p><p><span>Counties currently offering a solar energy equipment and facilities exemption include: Albemarle, Augusta, Botetourt, Chesterfield, Dinwiddie, Fairfax, Frederick, Giles, Hanover, Isle of Wight, King George, Loudoun, Prince William, Pulaski, Scott, Spotsylvania, Warren, and Wise.</span></p>&#10;<p>In 2022, Chapter 496 (<a href=""https://lis.virginia.gov/cgi-bin/legp604.exe?221+ful+CHAP0496"">SB 686</a>) was added to the Code of Virginia. As of January 1, 2023, residential and agricultural solar installations up to 25 kW will be declared a separate class of taxable property and such facilities shall be wholly exempt from state and local taxation.</p>",Incentive Amount: Varies (local option); Maximum Incentive: Varies (local option); Eligible System Size: Not specified; Equipment Requirements: Installation needs to be inspected by the local building authorities,https://www.deq.virginia.gov/our-programs/pollution-prevention/virginia-information-source-for-energy/programs-and-financial-incentives,"March 23, 2026",01/01/2000
5713,updated,True,VA,Financial Incentive,Rebate Program,Utility,Washington Gas - Commercial Efficiency Rebate Program,,Boilers; Food Service Equipment; Programmable Thermostats,Incentive min: 30.0000 $; Incentive max: 2000.0000 $; Incentive max: 400.0000 $; Incentive : 100.0000 $,<p>Washington Gas offers rebates to commercial customers for the purchase and installation of energy efficient equipment. Rebates for available for a wide range of categories<span>. All efficiency and performance requirements must be met in order to receive rebate. Installations must be performed by a licensed contractor. </span></p><p><span>All application and information forms are available on the program website listed above. Mail-in rebate applications are available o</span><span>n</span><span> the program website and should be filed within 30 days after installation. Contact Washington Gas directly for further information on this program.</span></p>,"Incentive Amount: <ul>
  <li><em>Food Service</em>
    <ul>
      <li>Combination Oven — $2,200/unit (ENERGY STAR®)</li>
      <li>Commercial Fryer — $900/unit (ENERGY STAR)</li>
      <li>Convection Oven — $600/unit (ENERGY STAR)</li>
      <li>Rack Oven (Single) — $2,000/unit (ENERGY STAR)</li>
      <li>Rack Oven (Double) — $3,500/unit (ENERGY STAR)</li>
      <li>Conveyor Oven — $1,500/unit (Preheat Energy &le; 18,000 BTU)</li>
      <li>Gas Griddle (Single) — $600/unit (ENERGY STAR)</li>
      <li>Gas Griddle (Double) — $900/unit (ENERGY STAR)</li>
      <li>Steam Cooker (&le; 6 pans) — $500/unit (ENERGY STAR)</li>
      <li>Steam Cooker (&gt; 6 pans) — $800/unit (ENERGY STAR)</li>
      <li>Pre-Rinse Spray Valve — $30/unit (EPA WaterSense)</li>
      <li>Kitchen Demand Ventilation Controls — $200/HP (&le; 7.5 HP)</li>
      <li>Commercial Dishwasher — $600/unit (ENERGY STAR; gas water heat)</li>
    </ul>
  </li>

  <li><em>Boiler Systems</em>
    <ul>
      <li>Small Boiler Tier 1 (&lt; 300 MBH, &ge; 90% AFUE) — $2.50/MBH</li>
      <li>Small Boiler Tier 2 (&lt; 300 MBH, &ge; 92% AFUE) — $3.00/MBH</li>
      <li>Large Boiler (&ge; 300 to &le; 5,000 MBH, &ge; 94% TE) — $5.00/MBH</li>
      <li>Linkageless Boiler Controls (space heating) — $2.50/MBH</li>
      <li>Boiler Cut-Out Control (&le; 2,500 MBH) — $0.35/MBH</li>
      <li>Steam Trap (High Pressure, &ge; 75 PSIG) — $400</li>
      <li>Steam Trap (Medium Pressure, 15–&lt;75 PSIG) — $250</li>
    </ul>
  </li>

  <li><em>Water &amp; Space Heating</em>
    <ul>
      <li>Small Furnace (&lt; 225 MBH, &gt; 95% AFUE) — $2.25/MBH</li>
      <li>Large Furnace (&ge; 225 to &le; 500 MBH, &ge; 95% AFUE) — $2.75/MBH</li>
      <li>Infrared Heater (&le; 500 MBH) — $3.00/MBH</li>
      <li>Outdoor Air Reset (&le; 1,000 MBH) — $0.50/MBH</li>
      <li>Small Storage Water Heater (&le; 75 MBH, &ge; 0.66 UEF) — $3.00/MBH</li>
      <li>Large Storage Water Heater (&gt; 75 MBH, &ge; 94% TE) — $1.00/MBH</li>
      <li>Volumetric Water Heater (&le; 1,000 MBH, &ge; 86% TE) — $0.45/MBH</li>
      <li>Small Tankless Water Heater (&le; 200 MBH, &ge; 0.82 UEF) — $2.00/MBH</li>
      <li>Large Tankless Water Heater (&gt; 200 MBH, &ge; 86% TE) — $2.00/MBH</li>
      <li>Hybrid Water Heater (&gt; 400 MBH, &ge; 94% TE) — $2.00/MBH</li>
      <li>Multifamily Central DHW (300–3,000 MBH, &ge; 88% TE) — $4.00/MBH</li>
      <li>Controls for Central DHW (kit for gas-fired CDHW) — $750</li>
    </ul>
  </li>

  <li><em>Miscellaneous High-Efficiency Measures</em>
    <ul>
      <li>Smart Thermostat (ENERGY STAR) — $100/unit</li>
      <li>Residential Gas Dryer (ENERGY STAR) — $75/unit</li>
      <li>Ozone Laundry — $15/lb</li>
      <li>Gas-Fired Pool Heater (&ge; 84% TE) — $2,000/unit</li>
      <li>HW Pipe Wrap (1–2 in.) — $2/ft (Indoor &ge; 1&quot; insul.; Outdoor &ge; 2&quot;)</li>
      <li>HW Pipe Wrap (2–4 in.) — $3/ft (Indoor &ge; 1&quot; insul.; Outdoor &ge; 2&quot;)</li>
      <li>Water Heater Wrap — $45/unit (Indoor &ge; 1&quot;; Outdoor &ge; 2&quot;)</li>
      <li>Small Business Furnace/RTU Tune-up (RTUs &gt; 200 &amp; &lt; 500 MBH; facilities &lt; 75,000 sq ft) — $140</li>
    </ul>
  </li>
</ul>; Maximum Incentive: ; Eligible System Size: See website; Equipment Requirements: See website; Installation Requirements: ; Ownership of Renewable Energy Credits: ",https://wgsmartsavings.com/programs-rebates/business/va,"November 10, 2025",03/17/2015
4474,updated,True,VA,Financial Incentive,Rebate Program,Utility,Washington Gas - Residential Energy Efficiency Rebate Program,,Boilers; Furnaces; Programmable Thermostats; Tankless Water Heater; Water Heaters; Windows,Incentive min: 1.0000 $/square foot; Incentive : 1.5000 $/square foot; Incentive min: 500.0000 $; Incentive max: 800.0000 $; Incentive : 750.0000 $; Incentive min: 200.0000 $; Incentive max: 400.0000 $; Incentive min: 400.0000 $; Incentive max: 600.0000 $; Incentive : 100.0000 $,"<p>Washington Gas provides rebates to its residential customers for purchase of energy efficient equipment and measures in the home.  Homes must receive natural gas service from Washington Gas in order to be eligible for the program. All rebate applications are available on the program website. Visit the program website for more information on equipment requirements and program procedures.</p><p>The Company offers an online <b><a href=""https://wgsmartsavings.com/programs-rebates/va/home-energy-assessments"">Home Energy Assessment</a></b> portal to receive recommendations to reduce home energy use. Based on recommendations from the assessment, some customers may be eligible for free conservation kits including spray foam sealants, door sweeps, faucet aerators, and pipe insulation. <br/></p><p>Washington Gas also offers an <a href=""https://wgsmartsavings.com/programs-rebates/va/income_qualifying_energy_efficiency_program""><b>Income-Qualifying Energy Efficiency Program</b></a> for lower income residents. </p>","Incentive Amount: <ul>
  <li><strong>Home Energy Conservation Kit</strong>
    <ul>
      <li>No-cost energy kit for Virginia residential customers (order online)</li>
    </ul>
  </li>
  <li><strong>Home Energy Assessments</strong>
    <ul>
      <li>Free online assessment; may qualify for a no-cost energy kit</li>
    </ul>
  </li>
  <li><strong>Windows &amp; Window Treatments</strong>
    <ul>
      <li>High-efficiency windows (ENERGY STAR): $1.50 per sq ft</li>
      <li>Storm windows (ENERGY STAR): $1.00 per sq ft</li>
      <li>Cellular shades, auto control (AERC): $2.50 per sq ft</li>
      <li>Cellular shades, manual (AERC): $0.75 per sq ft</li>
    </ul>
  </li>
  <li><strong>Home Heating (Furnaces/Boilers &amp; Dual Fuel)</strong>
    <ul>
      <li>Furnace Tier 1 (95.1–96.9% AFUE): $500 (limited-time $600)</li>
      <li>Furnace Tier 2 (≥97% AFUE): $700 (limited-time $800)</li>
      <li>Boiler (≥95% AFUE): $750</li>
      <li>Combi (space + water heat; ≥90% AFUE and/or ≥0.87 UEF): $800</li>
      <li>Dual Fuel Heat Pump w/ furnace replacement (ASHP 15.2 SEER2 &amp; 7.5 HSPFs; furnace 95% AFUE): $2,600</li>
      <li>Dual Fuel Heat Pump w/ existing furnace (ASHP 15.2 SEER2 &amp; 7.5 HSPFs; furnace 90% AFUE): $2,000</li>
    </ul>
  </li>
  <li><strong>Home Heating Tune-Up</strong>
    <ul>
      <li>Furnace/Boiler tune-up (by participating contractor): $100</li>
    </ul>
  </li>
  <li><strong>Water Heaters</strong>
    <ul>
      <li>Storage Water Heater Tier 1 (≥0.81 UEF): $200 (limited-time $300)</li>
      <li>Storage Water Heater Tier 2 (≥0.86 UEF): $300 (limited-time $400)</li>
      <li>Tankless Water Heater (ENERGY STAR): $400 (up to $600 with manufacturer bonus)</li>
    </ul>
  </li>
  <li><strong>Smart Thermostats</strong>
    <ul>
      <li>ENERGY STAR certified smart thermostat: $100</li>
    </ul>
  </li>
  <li><strong>Gas Fireplaces</strong>
    <ul>
      <li>Gas fireplace tune-up: $50</li>
    </ul>
  </li>
</ul>; Maximum Incentive: ; Eligible System Size: ; Equipment Requirements: ; Installation Requirements: ; Ownership of Renewable Energy Credits: ",https://wgsmartsavings.com/programs-rebates/home/va,"November 6, 2025",12/01/2010
5495,updated,True,VI,Financial Incentive,Performance-Based Incentive,State,U.S. Virgin Islands - Net Energy Billing (NEB) Program,US Virgin Islands Energy Office (VIEO),,,"<div><b>PROGRAM OVERVIEW<br/><br/></b></div><div>The primary goal of the NEB program is to provide access to the energy-saving benefits of Distributed Energy Resources to grid-connected customers, while ensuring VIWAPA maintains cost recovery for its fixed assets across the grid. While the original NEM program provided an opportunity to establish a solar market in the U.S. Virgin Islands, the rate structure of the program provided incentives that were ultimately deemed overly generous to the consumer. As an alternative, the new NEB program was developed as a balanced compromise between the Utility and individuals who are interested in installing Distributed Energy Resources (such as solar, battery storage, and wind) on their homes or places of business.</div><p><a href=""https://energy.vi.gov/wp-content/uploads/2024/07/NEBProgramOverview.pdf"">View Program Overview</a></p><p>In order to apply check the <a href=""https://public.mygov.us/virgin_islands"">NEB Permitting Portal.</a></p><p><b>USVI SOLAR SAVINGS CALCULATOR</b><br/><br/>To help the Virgin Islands community better understand the economic benefits of the Net Energy Billing Program, the VIEO and USDOE partnered together to develop an Excel-Based Solar Savings Calculator. The goal of the Solar Savings Calculator is to empower consumers by quantitatively demonstrating the near and long term benefits of renewable energy investments under the NEB rate structure. Download calculator below:<br/></p><p><a href=""https://energy.vi.gov/wp-content/uploads/2021/12/VIEO-Solar-Savings-Calculator_v1.3.xlsx"">Solar Savings Calculator</a><br/></p>",Incentive Amount: ; Maximum Incentive: ; Terms: ; Eligible System Size: ; Equipment Requirements: ; Installation Requirements: ; Ownership of Renewable Energy Credits: ,https://energy.vi.gov/neb/,"January 2, 2026",06/24/2014
5498,updated,True,VI,Financial Incentive,Property Tax Incentive,State,U.S. Virgin Islands Property Tax Incentive,,,,"<p>&#10;&#9;AB 7586 (The FIT Act) establishes that renewable energy system must be counted as personal/chattel property instead of real property for tax purposes. Renewable energy systems do, however, count as real property for insurance purposes.</p>",Incentive Amount: Not specified; Maximum Incentive: Not specified; Eligible System Size: Not specified; Equipment Requirements: Not specified,https://ltg.gov.vi/press-release/property-tax-credits-deadline-for-new-homeowners/,"January 2, 2026",06/25/2014
22403,expired+updated,True,VT,Financial Incentive,Rebate Program,Utility,Burlington Electric Department - Electric Vehicle Rebate Program,,,,"<p>Burlington Electric Department offers a variety of rebates up to $3,000 for the purchase of all-electric and plug-in hybrid electric vehicles. <span>For more details please refer to the program </span><a href=""https://www.burlingtonelectric.com/evrebates"">website</a><span>.</span></p>","Incentive Amount: <b><u> Electric Vehicle or Plug-in Hybrid</b></u><br>
<b>New & Leased</b><br>
EV: $2,300<br>
PHEV: $2,000<br>
New EV - High-Mileage Driver: $3,250 (additional $500 for moderate income customers <br>
Moderate Income Customer bonus: $700 (EV), $300 (PHEV)<br>

<br>
<b>Pre-owned</b><br>
EV or PHEV: $1,300 (EV moderate income customer $700 bonus)<br>
EV - High-mileage driver: $2.550 (additional $500 for moderate income customers)
Moderate Income Customer bonus: $200<br>
-------<br>
Electric Motorcycle: $500; Maximum Incentive: ; Eligible System Size: ; Equipment Requirements: ; Installation Requirements: ; Ownership of Renewable Energy Credits: ",https://www.burlingtonelectric.com/evrebates,"November 20, 2025",08/23/2021
22404,updated,True,VT,Financial Incentive,Rebate Program,Utility,Green Mountain Power EV Charging Station Program,,,,<p>GMP will give you a free Level 2 charger when you buy a new or used EV.</p>,Incentive Amount: ; Maximum Incentive: ; Eligible System Size: ; Equipment Requirements: ; Installation Requirements: ; Ownership of Renewable Energy Credits: ,https://greenmountainpower.com/rebates-programs/electric-vehicles/in-home-ev-charger/,"November 20, 2025",08/23/2021
22405,expired+updated,True,VT,Financial Incentive,Rebate Program,Utility,Green Mountain Power EV Rebate Program,,,,"<p>All customers can get a $2,200 rebate on a new All-Electric Vehicle or $1,000 towards a new PHEV. If used, the rebate is $750 for PHEVs and $1,500 for an All-Electric Vehicle. Moderate and low-income customers may be eligible for an additional $1,000 rebate. The incentive offers are available until June 30, 2023.</p><p>For qualifying details please refer to the cited website.</p>","Incentive Amount: New All-Electric Vehicle: $2,200 <br>
Used All-Electric Vehicle: $1,500<br>
New PHEV: $1,000<br>
Used PHEVs: $750<br>
Additional rebate for low-to-moderate income customers: $1,000; Maximum Incentive: ; Eligible System Size: ; Equipment Requirements: ; Installation Requirements: ; Ownership of Renewable Energy Credits: ",https://greenmountainpower.com/rebates-programs/electric-vehicles/ev-rebate/,"November 20, 2025",08/23/2021
3428,updated,True,VT,Financial Incentive,Personal Tax Credit,State,Investment Tax Credit,Vermont Department of Taxes,Combined Heat & Power; Fuel Cells using Renewable Fuels; Geothermal Electric; Geothermal Heat Pumps; Lithium-ion; Microturbines; Solar Photovoltaics; Solar Space Heat; Solar Thermal Electric; Solar Thermal Process Heat; Solar Water Heat; Wind (Small),Incentive : 7.2000 %,"<p>&#10;&#9;Vermont offers an investment tax credit for installations of renewable energy equipment on business properties, in order to encourage investment in rehabilitation and qualifying renewable energy projects. <span>Vermont created this credit starting for Tax Year 2002 and provided an additional incentive for solar investments for Tax Year 2008 (via</span><span> </span><a class=""summarylink"" href=""http://www.leg.state.vt.us/docs/legdoc.cfm?URL=/docs/2008/acts/ACT092.HTM"" target=""_blank"" title=""Senate Bill 209 from 2008"">S.B. 209</a><span>).</span><span> The project must be eligible for and receive the federal tax credit to receive the state credit. The credit</span><span> is equal to 24% of the &#34;Vermont-property portion&#34; of the </span><a href=""http://programs.dsireusa.org/system/program/detail/658"">federal business energy tax credit</a> for project leaders<span>. </span></p><p><span>For qualifying renewable energy projects the credit is calculated to be a 7.2% state-level credit for systems placed in service on or before 12/31/2032. This credit will step down (according to the federal tax credit's step-down schedule) to 6.24% for systems placed in service by 12/31/2033, then down to 5.28% for systems placed in service by 12/31/2034.</span></p>","Incentive Amount: 7.2% for systems placed in service by 12/31/2032 <br>
<br>
6.24% for systems placed in service by 12/31/2033<br>
<br>
5.28% for systems placed in service by 12/31/2034; Maximum Incentive: No maximum specified.; Eligible System Size: ; Equipment Requirements: All equipment must meet the same requirements as the Federal Investment Tax Credit; Installation Requirements: ; Carryover Provisions: ",http://tax.vermont.gov/business-and-corp/corp-and-business-income-taxes/tax-credits,"April 14, 2026",03/27/2008
22343,expired+updated,True,VT,Financial Incentive,Rebate Program,Utility,Stowe Electric - Electric Bicycles,Stowe Electric,,,<p><b>Electric Bicycles</b></p><p></p><p>Stowe Electric customers that purchase a qualifying Class 1 e-bike may be eligible to receive a direct rebate of $150. Just complete and submit their 2025 rebate form with your proof of purchase to apply for a rebate. E-bikes utilize rechargeable lithium-ion battery packs to power a motor that provides pedal assistance to the rider. </p><p></p><p></p><p></p>,Incentive Amount: $150 - Direct rebate for purchase of a Class 1 E-Bike; Maximum Incentive: ; Eligible System Size: ; Equipment Requirements: ; Installation Requirements: ; Ownership of Renewable Energy Credits: ,https://www.stoweelectric.com/rebates/e-bikes,"November 20, 2025",08/16/2021
22342,updated,True,VT,Financial Incentive,Rebate Program,Utility,Stowe Electric - Electric Lawnmowers,Stowe Electric,,,"<div>Stowe Electric customers that purchase a qualifying residential or commercial lawn care equipment may be eligible to receive a direct rebate from $50.00 to $1,000. See this form for additional details.<br/></div><div><br/></div><div><b><u><a href=""https://36d9b8a8-f32e-4615-98f8-47b75c55b204.usrfiles.com/ugd/36d9b8_1537a5f1a17d49d7abdbc4737a9ea61e.pdf"">2025 Application Form</a></u></b></div><br/><br/><p></p><p></p><p></p><p></p><p></p>","Incentive Amount: Ride on Commercial Lawnmower: $1,000<br>
Ride on Residential Lawnmower: $100<br />
Residential Lawncare Products: $50<br />
Commercial Lawncare: $100<br />
Commercial Pushmower: $150<br />
Residential Pushmower: $50<br />; Maximum Incentive: ; Eligible System Size: ; Equipment Requirements: ; Installation Requirements: ; Ownership of Renewable Energy Credits: ",https://www.stoweelectric.com/rebates/electric-yard-equipment,"November 20, 2025",08/16/2021
22347,updated,True,VT,Financial Incentive,Rebate Program,Utility,Vermont Electric Coop - Electric Lawnmower Bill Credit,,,,"<p><b>Residential Electric Lawnmowers</b></p><p>VEC offers a bill credit of $50 for new, corded or cordless residential electric lawnmowers purchased on or after 5/11/19. <br/></p><p><b>Commercial Electric Lawnmowers</b></p><p>VEC offers a bill credit of $1,000 for qualifying commercial electric lawnmowers purchased on or after May 11, 2019 for use by a lawn care business, state agency, or institution with a campus such as a hospital or a university (other end-users will be considered on a case-by-case basis). The models listed below automatically qualify for this incentive (other models will be considered on a case-by-case basis and must receive pre-approval from VEC).</p>","Incentive Amount: $50 - purchased new, corded or cordless residential electric lawnmower <br>
$1,000 - purchased commercial electric lawnmower; Maximum Incentive: ; Eligible System Size: ; Equipment Requirements: ; Installation Requirements: ; Ownership of Renewable Energy Credits: ",https://vermontelectric.coop/energy-transformation-programs,"November 20, 2025",08/18/2021
1346,expired+updated,True,VT,Financial Incentive,Rebate Program,Utility,Vermont Gas - Commercial Energy Services,Vermont Gas,Boilers; Furnaces; Programmable Thermostats; Tankless Water Heater; Water Heaters,Incentive min: 1000.0000 $; Incentive max: 5000.0000 $; Incentive min: 500.0000 $; Incentive max: 800.0000 $; Incentive min: 600.0000 $; Incentive max: 800.0000 $; Incentive min: 600.0000 $; Incentive max: 1000.0000 $; Incentive : 150.0000 $,"<p>Vermont Gas (VGS) offers rebates for commercial customers who install high efficiency equipment in existing buildings. The Commercial Equipment Rebates Program is designed for commercial and industrial customers of VGS who are considering renovating buildings or replacing equipment. The program offers rebates for a variety of energy efficient technologies. <b><u><a href=""https://vgsvt.com/savings/commercial-energy-services/"">Visit this link for a full list of incentives.</a></u></b><br/></p>","Incentive Amount: <b>Heating and Water</b><br>
Boiler: $1,000 - $5,000<br>
Furnace: $500 - $800<br>
Unit Heater: $1,500<br>
Infrared Heater: $1,000<br>
Water Heater – tanked: $600 - $800<br>
Tankless Water Heater: $600 - $1,000<br>
Demand Controlled Ventilation: $250<br>
Smart Thermostat: 150<br>; Maximum Incentive: ; Eligible System Size: ; Equipment Requirements: See website for detailed equipment requirements; Installation Requirements: ; Ownership of Renewable Energy Credits: ",https://vgsvt.com/savings/commercial-energy-services/,"November 17, 2025",04/17/2006
22351,expired+updated,True,VT,Financial Incentive,Rebate Program,Utility,Vermont Public Power Supply Authority - Electric Bicycle and Retrofit Kit Rebate,,,,"<p><b>E-Bike and Retrofit Kit Rebate</b></p><p>VPPSA member customers are eligible for a $100 rebate for an e-bike or retrofit kit. To qualify, the e-bike or retrofit kit must be purchased at a Vermont-based store.</p><p>E-bikes are bicycles with battery-powered motors that help assist with pedaling. The motor helps to boost the bike uphill with less effort. A retrofit kit can convert a regular bike to an e-bike by adding in the battery-operated motor.</p><p>You'll need the following information for your application:</p><ul><li>Proof of purchase</li><li>Photo of the model/serial number</li><li>Proof of residence if not the utility account holder</li><li>Completed W-9 form</li></ul><p><b><u><a href=""http://vppsa.com/wp-content/uploads/2023/01/2023-E-Bike-REBATE_Fillable.pdf"">Download the rebate application form here.</a></u></b><br/></p>",Incentive Amount: $100 - E-bike or Retrofit kit; Maximum Incentive: ; Eligible System Size: ; Equipment Requirements: ; Installation Requirements: ; Ownership of Renewable Energy Credits: ,https://vppsa.com/2023-e-bike-and-retrofit-kit-rebate/,"November 20, 2025",08/18/2021
22350,updated,True,VT,Financial Incentive,Rebate Program,Utility,Vermont Public Power Supply Authority - Electric Lawnmower Rebate,Vermont Public Power Supply Authority,,,"<p>Electric lawn mowers run quieter and can be charged at times that promote renewability and sustainability for your home or business. Incentive amounts for residential electric lawnmowers are $100 for a ride-on and $50 for push mowers. Incentive amounts for commercial electric lawnmowers are $1,500 for a ride-on and $100 for push mowers. For commercial or residential electric lawn care there is a $50 incentive.</p><p></p>","Incentive Amount: Residential Push-Lawnmower: $50<br>
Residential Ride-On Lawnmower: $100<br>
Commercial Push-Mower: $100<br />
Commercial Ride-On Mower: $1,500<br />; Maximum Incentive: ; Eligible System Size: ; Equipment Requirements: ; Installation Requirements: ; Ownership of Renewable Energy Credits: ",https://vppsa.com/2024-electric-lawn-mower-rebate/,"November 20, 2025",08/18/2021
22348,expired+updated,True,VT,Financial Incentive,Rebate Program,Utility,Vermont Public Power Supply Authority - Electric Vehicle Purchase Rebate,,,,"<p><b>Electric Vehicle Rebate</b></p><p>VPPSA member customers are eligible for the following rebates on new and pre-owned electric vehicles and plug-in hybrids: </p><ul><li>$1,250 back for a new all-electric vehicle</li><li>$500 back for a new plug-in hybrid</li><li>$500 back for a pre-owned all-electric vehicle</li><li>$250 back for a pre-owned plug-in hybrid<br/></li><li>$500 back for an electric motorcycle</li></ul><p>Income-qualifying customers may receive an additional $400 on a new electric vehicle or plug-in hybrid.</p><p>In order to qualify you will need the following:</p><ul><li>Proof of purchase or lease</li><li>Vermont vehicle registration</li><li>Copy of electric bill</li><li>Proof of residence if not the utility account holder</li><li>Completed W-9 form if requesting a mailed check<br/></li></ul><p><b><u><a href=""http://vppsa.com/wp-content/uploads/2023/01/2023-EV-REBATE_Fillable.pdf"">Download the rebate application form here.</a></u></b><br/></p><p></p><b>EV Charging:<br/></b><br/>Join <b><u><a href=""https://www.efficiencyvermont.com/powershift"">PowerShift </a></u></b>to get a free level 2 charger plus an incentive for installation in your home.<br/>Looking to install a charger at your business? Check out VPPSA's rebate for <b><u><a href=""https://vppsa.com/2023-electric-vehicle-charging-station-rebate/"">workplace/public charging.</a></u></b><p></p>","Incentive Amount: $1,250 - New electric vehicle purchase or lease <br>
$500 - New plug-in hybrid purchase or lease <br>
$500 - Pre-owned all electric vehicle purchase or lease <br>
$250 - Pre-owned plug-in hybrid purchase or lease<br>
$400 - Additional rebate for qualifying low-income customers; Maximum Incentive: ; Eligible System Size: ; Equipment Requirements: ; Installation Requirements: ; Ownership of Renewable Energy Credits: ",https://vppsa.com/2023-electric-vehicle-rebate/,"November 20, 2025",08/18/2021
3231,updated,True,WA,Financial Incentive,Rebate Program,Utility,Columbia Rural Electric Association - Residential Energy Efficiency Rebate Program,Columbia REA,Clothes Washers; Comprehensive Measures/Whole Building; Doors; Duct Insulation; Ductless Mini-Split Heat Pump; Electric Clothes Dryer; Heat Pump Water Heater; Heat pumps; Insulation; Windows,Incentive : 44.0000 $; Incentive : 50.0000 $; Incentive min: 1400.0000 $; Incentive max: 1600.0000 $; Incentive min: 200.0000 $; Incentive max: 250.0000 $; Incentive min: 600.0000 $; Incentive max: 1560.0000 $; Incentive : 920.0000 $; Incentive min: 8.0000 $/square foot; Incentive max: 10.0000 $/square foot; Incentive min: 15.0000 $; Incentive max: 20.0000 $; Incentive : 40.0000 $; Incentive min: 0.0900 $/square foot; Incentive max: 2.0000 $/square foot; Incentive : 0.2100 $/square foot; Incentive : 2.0000 $/square foot; Incentive min: 1200.0000 $; Incentive max: 1400.0000 $,"<div><b>*For installations completed on or after 10/01/2025</b></div><div><p><br/></p></div><div>Columbia REA’s Residential Energy Efficiency Rebate Program provides a variety of cash incentives to help members reduce energy use and upgrade home efficiency. Rebates are available for ENERGY STAR® appliances, heat pump water heaters, and high-efficiency heating and cooling systems, including ductless and variable-speed heat pumps. Additional incentives support weatherization improvements such as window, door, and insulation upgrades, along with duct sealing services that improve home comfort and system performance. Manufactured homeowners can also earn rebates for NEEM-certified energy-efficient homes. All rebates must meet Columbia REA’s eligibility requirements and be installed within the cooperative’s service area.</div>","Incentive Amount: <ul>
  <li><b>Appliances</b>
    <ul>
      <li>Clothes Washer: $44</li>
      <li>Clothes Dryer (Electric, ENERGY STAR®): $50</li>
    </ul>
  </li>

  <li><b>Heat Pump Water Heaters</b>
    <ul>
      <li>40 Gallon Unitary – Conditioned Space: $1,400</li>
      <li>40 Gallon Unitary – Unconditioned Space: $1,400</li>
      <li>50+ Gallon Unitary (Tier 3) – Conditioned Space: $1,600</li>
      <li>50+ Gallon Unitary (Tier 3) – Unconditioned Space: $1,600</li>
      <li>50+ Gallon Unitary (Tier 4) – Conditioned Space: $1,800</li>
      <li>50+ Gallon Unitary (Tier 4) – Unconditioned Space: $1,800</li>
      <li>Split System (Any Size): $2,200</li>
    </ul>
  </li>

  <li><b>Heating &amp; Cooling Systems</b>
    <ul>
      <li>Duct Sealing (Single Family): $250</li>
      <li>Duct Sealing (Manufactured Home): $200</li>
      <li>Heat Pump (Single Family): $600 – $1,560</li>
      <li>Heat Pump (Manufactured Home): $600 – $1,560</li>
      <li>Ductless Heat Pump / Mini-Split (Single Family or Manufactured Home): $920</li>
    </ul>
  </li>

  <li><b>Weatherization – Windows, Doors &amp; Insulation</b>
    <ul>
      <li>Windows (Single Family): $8 – $10 per sq ft depending on U-Value</li>
      <li>Windows (Multifamily): $15 – $20 per sq ft</li>
      <li>Windows (Manufactured Home): $8 – $10 per sq ft</li>
      <li>Exterior Doors (All home types): $40 each (ENERGY STAR®)</li>
      <li>Insulation (Single Family): $0.09 – $2.00 per sq ft based on R-value improvement</li>
      <li>Insulation (Manufactured Home): $0.45 – $0.90 per sq ft</li>
      <li>Insulation (Multifamily): $0.21 – $2.00 per sq ft</li>
    </ul>
  </li>

  <li><b>Manufactured Home NEEM Certification</b>
    <ul>
      <li>NEEM 1.0 Certified Home: $1,200</li>
      <li>NEEM 2.0 Certified Home: $1,400</li>
    </ul>
  </li>

  <li><b>Prescriptive Duct Sealing Program</b>
    <ul>
      <li>Rebate available for qualifying duct sealing per Columbia REA standards (contact utility for exact amount)</li>
    </ul>
  </li>
</ul>; Maximum Incentive: ; Eligible System Size: ; Equipment Requirements: ; Installation Requirements: ; Ownership of Renewable Energy Credits: ",https://columbiarea.coop/rebate-offers,"October 30, 2025",01/26/2009
576,updated,True,WA,Financial Incentive,Sales Tax Incentive,State,Renewable Energy Sales and Use Tax Exemption,Washington State Department of Revenue,,,"<p>In Washington State, there are sales tax exemptions for the sale of equipment used to generate electricity, as well as for the sale of &#34;hog fuel,&#34; defined as wood waste and other wood residuals including forest-derived biomass. It does not include firewood or wood pellets. Hog fuel must be used to produce electricity, steam, heat, or biofuel. Hog fuel is fully exempt from sales tax, though the buyer must provide the seller a completed sales tax exemption certificate and must complete an annual tax incentive survey. The exemption was originally set to expire June 30, 2024, but was extended to June 30, 2034 by <a href=""https://lawfilesext.leg.wa.gov/biennium/2023-24/Pdf/Bills/Session%20Laws/House/1018.SL.pdf?cite=2023%20c%20341%20%C2%A7%202"">H.B. 1018</a> (2023).</p>&#10;<p><span>The sales of equipment used to generate electricity using fuel cells, wind, sun, biomass energy, tidal or wave energy, geothermal resources, or technology that converts otherwise lost energy from exhaust. The tax exemption applies to labor and services related to the installation of the equipment, as well as to the sale of equipment and machinery. Eligible systems are those with a generating capacity of at least 1 kilowatt (kW).  Purchasers of the systems listed above may claim an exemption in the form of a remittance. Originally scheduled to expire on June 30, 2013, <a href=""https://lawfilesext.leg.wa.gov/biennium/2013-14/Pdf/Bills/Session%20Laws/Senate/5882-S.SL.pdf?cite=2013%202nd%20sp.s.%20c%2013%20%C2%A7%201502"">S.B. 5882</a> (2013) extended this incentive through January 1, 2020. <a href=""https://lawfilesext.leg.wa.gov/biennium/2019-20/Pdf/Bills/Session%20Laws/Senate/5116-S2.SL.pdf?cite=2019%20c%20288%20%C2%A7%2018"">S.B. 5116</a> (2019) further extended the incentive through January 1, 2030. <a href=""https://lawfilesext.leg.wa.gov/biennium/2019-20/Pdf/Bills/Session%20Laws/Senate/5116-S2.SL.pdf?cite=2019%20c%20288%20%C2%A7%2018"">S.B. 5116</a> (2019) also updated the incentive amount. Beginning January 1, 2020, through December 31, 2029, purchasers may be eligible for a remittance equal to 50 - 100% of the state and local tax paid. Beginning July 1, 2019, through December 31, 2029, the purchaser may be entitled to an exemption of up to 100%.</span></p><p><span>Solar energy systems 10 kW or less are eligible for a 100% exemption from sales and use tax. Purchasers of these systems can provide the seller with an exemption certificate to avoid paying the sales and use tax. <a href=""https://lawfilesext.leg.wa.gov/biennium/2013-14/Pdf/Bills/Session%20Laws/Senate/5882-S.SL.pdf?cite=2013%202nd%20sp.s.%20c%2013%20%C2%A7%201502"">S.B. 5882</a> (2013) expanded this incentive to include solar thermal systems capable of producing no more than 3 million British thermal units per day that use a solar collector or a solar hot water system. That same legislation extended the expiration date for this exemption to June 30, 2018. </span></p>","Incentive Amount: 100% exemption for sales of forest derived biomass used as fuel;<br/>
100% exemption for solar photovoltaic systems 10 kilowatts or less, and solar thermal systems;<br>
100% exemption for other qualified systems; Maximum Incentive: ; Equipment Requirements: Renewable energy systems greater than or equal to 1 kW and solar energy systems over 10 kW under RCW 82.08.962<br />
Solar energy systems up to 10 kW and solar thermal heat no more than 3 million BTU/day under RCW 82.08.963",http://dor.wa.gov/Content/FindTaxesAndRates/TaxIncentives/IncentivePrograms.aspx#Energy,"January 12, 2026",05/18/2001
5622,updated,True,WA,Financial Incentive,Grant Program,Local,Seattle HomeWise: Weatherization,Seattle Office of Housing,,,"<p>&#10;&#9;The City of Seattle offers free weatherization services to residents who meet income qualifications. Services are available to both homeowners and renters, and may include energy audits, insulation, heating systems, air sealing, bathroom fans, and more. The City also offers low-interest loans to low- and moderate-income residents through its <a href=""https://www.seattle.gov/housing/homeowners/home-repair"">Home Repair Loan Program</a>.</p>&#10;<p>&#10;&#9;<span>For income qualifications and more information, visit the website above.</span></p>",Incentive Amount: Varies; Maximum Incentive: ; Equipment Requirements: ; Installation Requirements: ,http://www.seattle.gov/housing/homewise/,"January 14, 2026",11/21/2014
178,updated,True,WI,Financial Incentive,Property Tax Incentive,State,"Biogas, Solar, and Wind Energy Equipment Exemption",Wisconsin Department of Revenue,,,"<p>&#10;&#9;In Wisconsin, any value added by a biogas, or synthetic gas energy system, solar-energy system, or a wind-energy system is exempt from general property taxes. The exemption applies regardless of whether the equipment is deemed real property or personal property.<br/></p><p>A fact sheet on this exemption is available: <a href=""https://www.revenue.wi.gov/DORFAQ/renewable-energy.pdf"">https://www.revenue.wi.gov/DORFAQ/renewable-energy.pdf</a></p><p>A link to the request form for this exemption is available: <a href=""https://www.revenue.wi.gov/DORForms/pr-303.pdf"">https://www.revenue.wi.gov/DORForms/pr-303.pdf</a></p><p><b>Eligible Technologies</b></p><p>A solar-energy system is defined as &#34;equipment which directly converts and then transfers or stores solar energy into usable forms of thermal or electrical energy, but does not include equipment or components that would be present as part of a conventional energy system or a system that operates without mechanical means.&#34;  Passive solar design elements do not qualify under these rules. <br/></p><p>A wind-energy system is defined as &#34;equipment which converts and then transfers or stores energy from the wind into usable forms of energy, but does not include equipment or components that would be present as part of a conventional energy system.&#34;<br/></p><p>Biogas or synthetic gas energy systems are defined as &#34;equipment which directly converts organic material (other than oil, natural gas and coal products) into biogas or synthetic gas, equipment which generates electricity, heat, or compressed natural gas exclusively from biogas or synthetic gas, equipment used exclusively for direct transfer or storage of biomass, biogas or synthetic gas or any structure or portion of a structure used exclusively to shelter or operate the mentioned equipment.&#34; The tax code also notes that, &#34;Until the tax incremental district terminates, the exemption under this subsection for biogas or synthetic gas energy systems does not apply to property in existence on January 1, 2014, and located in a tax incremental financing district in effect on January 1, 2014.&#34;</p><p><b>Applying for the Exemption</b></p><p>In order to qualify for the exemption, property owners must <a href=""https://www.revenue.wi.gov/DORForms/pr-303.pdf"">file a request</a> for the exemption with their local assessor by March 1<sup>st</sup> following the January 1<sup>st</sup> assessment date for which the exemption is claimed.</p>",Incentive Amount: 100% of the value added by an eligible renewable energy system; Maximum Incentive: None specified; Eligible System Size: None specified; Equipment Requirements: None specified,,"November 4, 2025",01/01/2000
2050,expired+updated,True,WI,Financial Incentive,Rebate Program,Utility,Cedarburg Light & Water Utility - Commercial Energy Efficiency Rebate Program,Cedarburg Light and Water Utility,Agricultural Equipment; Air conditioners; Chillers; Commercial Refrigeration Equipment; Comprehensive Measures/Whole Building; Compressed air; Custom/Others pending approval; Lighting; Lighting Controls/Sensors; Motor VFDs; Motors; Other EE; Personal Computing Equipment; Refrigerators/Freezers; Vending Machine Controls,Incentive max: 200000.0000 $,"<p>&#10;&#9;<strong><em></em></strong>Cedarburg Light and Water Utility provides incentives for commercial, industrial and agricultural customers to increase the energy efficiency of eligible facilities. Upon request, Cedarburg Light and Water Utility will send an energy engineer from their power supplier, Wisconsin Public Power Inc., to inspect the facility and suggest cost-effective ways to reduce the customer's monthly energy bill. They will provide an in-depth analysis of the operation’s energy use and a detailed report outlining specific recommendations and estimated savings. If the project will reduce energy consumption and power demand during peak periods, the customer may be eligible for a cash incentive. To qualify for an incentive, customers should receive pre-approval from Cedarburg Light &amp; Water prior to implementing any efficiency improvements. Many types of efficiency improvement projects are eligible, and the incentive amount will be determined on a case-by-case basis. For more information, please contact Fred Rambert.<br/></p><p>&#10;&#9;<br/>&#10;&#9;The Request for Proposals (RFP) for Energy Efficiency program is designed to encourage investment by large commercial and industrial utility customers in energy efficient improvements. Up to $200,000 of incentive funding is available for each bid cycle. The RFP seeks large efficiency projects that reduce annual total energy consumption by 100,000 kilowatt-hours or more, or that result in 20 kilowatts or more of electrical demand reduction.</p>&#10;<p>&#10;&#9;Wisconsin Focus on Energy offers financial incentives to eligible business customers for installing qualifying energy efficiency measures. These measures include a variety of technologies including energy efficient lighting, motors, compressed air, and HVAC equipment. To find out more click on link provided.</p>","Incentive Amount: Varies by measure
; Maximum Incentive: Unspecified ($200,000 per bid cycle); Eligible System Size: ; Equipment Requirements: Minimum efficiency requirements and other terms and conditions apply.; Installation Requirements: ; Ownership of Renewable Energy Credits: ",https://wppienergy.org/customer-programs/rfp-for-energy-efficiency/,"November 20, 2025",08/28/2006
22074,updated,True,WI,Financial Incentive,Grant Program,State,Energy Innovation Grant Program,Public Service Commission of Wisconsin,,,"<p><b>As of January 9, 2026, the last solicitation for this program took place in 2023-2024.</b></p><p>The Public Service Commission of Wisconsin's Office of Energy Innovation offers grants for certain energy projects through the Energy Innovation Grant Program. Applicants for the grant program must be either municipal or tribal governments, K-12 school districts, or manufacturers. Eligible projects include building energy efficiency, energy storage, renewable energy, alternative fuel transportation, facility and fleet audits, comprehensive energy plans, and feasibility studies and training and operations for any of these project types.</p><p>Information for the next RFP is not yet available.</p><p>The total budget for the 2023-2024 fiscal year was $7.88 million.</p>",Incentive Amount: ; Maximum Incentive: ; Equipment Requirements: ; Installation Requirements: ,https://psc.wi.gov/Pages/Programs/OEI/EnergyInnovationGrantProgram.aspx,"January 15, 2026",03/27/2019
561,updated,True,WV,Financial Incentive,Property Tax Incentive,State,Special Assessment for Wind Energy Systems,West Virginia Division of Energy,,,"<p>&#10;&#9;For the purposes of property tax assessment, utility-owned wind projects are considered to have a value equal to their salvage value, with certain limitations. This incentive effectively lowers the property tax base on utility-owned wind turbines from 100% of fair market value to as little as 24.95% of fair market value.* This results in an effective property tax rate on wind turbines that is 24.95% of the effective tax rate on most other types of newly constructed electricity-generating units.<br/><br/>&#10;&#9;*<i>The law states that up to 79% of the total property may be assigned salvage value. Salvage value of a pollution control facility, of which a wind turbine is considered for assessment purposes, is 5%. Therefore, if 79% of the property is valued at 5% (salvage value), and the remaining 21% of the property is valued at 100%, the effective value for property tax purposes is 24.95%.</i></p>",Incentive Amount: Property tax basis reduced to approximately 25% of assessed value; Maximum Incentive: ; Eligible System Size: ; Equipment Requirements: ,,"November 17, 2025",05/03/2001
22666,expired,True,AK,Financial Incentive,Grant Program,State,Alaska - National Electric Vehicle Infrastructure (NEVI) Formula Grant Program,Alaska Energy Authority,,,"<p><b><i>Note: <a href=""https://www.congress.gov/117/plaws/publ58/PLAW-117publ58.pdf#page=993"">The Federal Infrastructure Investment and Jobs Act (IIJA)</a> created the <a href=""https://www.fhwa.dot.gov/environment/nevi/"">National Electric Vehicle Infrastructure (NEVI) Formula Grant Program</a> with a total budget of $5 billion. Each state was allocated a share of that total to help build out a national network of electric vehicle charging stations along designated alternative fuel corridors (AFCs). With some limited exceptions, EV charging stations funded through the NEVI program should be spaced 50 miles apart and within one mile of the Interstate exit or highway.</i></b></p><p>The Alaska Department of Transportation &amp; Public Facilities is the designated lead agency for NEVI, but administration of the program is being led by the Alaska Energy Authority. The two agencies submitted Alaska's initial <a href=""https://www.akenergyauthority.org/Portals/0/Electric%20Vehicles/2022.07.29%20State%20of%20Alaska%20NEVI%20Plan%20(Final).pdf?ver=2022-06-29-152835-320"">NEVI Plan</a> to the federal Joint Office of Energy and Transportation on August 1, 2022, and its <a href=""https://www.akenergyauthority.org/Portals/0/Electric%20Vehicles/2023.07.31%20FY24%20Alaska%20NEVI%20Plan%20(Final).pdf?ver=wzbivGy2EFMmDFeNXt6cyg%3d%3d"">FY2024 Update</a> was submitted on August 1, 2023.</p><p>Within the first two years, Alaska plans to build out a network of fast chargers to connect Anchorage to Fairbanks, which is the state's only designated alternative fuel corridor. None of the corridor's existing chargers meet NEVI standards, so they will all need to be replaced. Phase 2 will build out fast chargers along non-AFC highways and the Alaska Marine Highway System, Phase 3 will install (Level 2) chargers in rural hub communities, and Phase 4 will develop (Level 2 and fast) charging sites in urban and &#34;destination&#34; locations.<br/></p><p>The AEA released the <a href=""https://www.akenergyauthority.org/What-We-Do/Renewable-Energy-and-Energy-Efficiency-Programs/Electric-Vehicles/National-Electric-Vehicle-Infrastructure-Formula-Program#:~:text=Through%20the%20NEVI%20program%2C%20Alaska,and%20urban%20areas%20across%20Alaska."">Phase 1 Request for Applications</a> on March 1, 2023; applications were due by May 15, 2023. Awards were announced in September 2023 for nine sites. Construction began in spring 2024.<br/></p>","Incentive Amount: Varies, grants are awarded competitively; Maximum Incentive: Varies, grants are awarded competitively; Equipment Requirements: Projects must meet the standards established by 23 CFR Part 680; Installation Requirements: Projects must meet the standards established by 23 CFR Part 680","https://www.akenergyauthority.org/What-We-Do/Alternative-Energy-and-Energy-Efficiency-Programs/Electric-Vehicles/EV-Infrastructure-Implementation-Plan#:~:text=Through%20the%20NEVI%20program%2C%20Alaska,and%20urban%20areas%20across%20Alaska.","June 28, 2024",06/28/2024
22629,expired,True,CA,Financial Incentive,Grant Program,State,California - National Electric Vehicle Infrastructure (NEVI) Formula Grant Program,The California Department of Transportation and the California Energy Commission,,,"<p><b><i>Note: <a href=""https://www.congress.gov/117/plaws/publ58/PLAW-117publ58.pdf#page=993"">The Federal Infrastructure Investment and Jobs Act (IIJA)</a> created the <a href=""https://www.fhwa.dot.gov/environment/nevi/"">National Electric Vehicle Infrastructure (NEVI) Formula Grant Program</a> with a total budget of $5 billion. Each state was allocated a share of that total to help build out a national network of electric vehicle charging stations along designated alternative fuel corridors (AFCs). With some limited exceptions, EV charging stations funded through the NEVI program should be spaced 50 miles apart and within one mile of the Interstate exit or highway.</i></b></p><p>The California Department of Transportation (Caltrans) is the designated lead agency for NEVI, and is partnering with the California Energy Commission (CEC). California's initial <a href=""https://efiling.energy.ca.gov/GetDocument.aspx?tn=244314&amp;DocumentContentId=78373"">NEVI Plan</a> was submitted to the federal Joint Office of Energy and Transportation on August 1, 2022, and its <a href=""https://dot.ca.gov/-/media/dot-media/programs/esta/documents/nevi/2023-ca-nevi-plan-update-final-a11y.pdf"">2023 Update</a> was submitted on August 1, 2023. </p><p>California plans to use the estimated $134 million in formula funding from the first two years to provide connectivity for passenger vehicles in a manner that is complimentary to existing investments from the state. In future annual deployment plans, California will reassess proposed uses of NEVI funds, including infrastructure that primarily serves light or medium- and heavy-duty vehicles, within the requirements of the NEVI program and in the context of California’s overall funding and deployment strategy.</p><p>The CEC released the <a href=""https://www.energy.ca.gov/solicitations/2023-10/gfo-23-601-californias-national-electric-vehicle-infrastructure-formula"">first solicitation</a> in late-October 2023, and accepted applications through January 26, 2024. The top-six corridor groups are eligible during the first solicitation, with a total of $40,500,000 divided between the corridor groups. </p><p><br/></p>","Incentive Amount: Varies, grants are awarded competitively; Maximum Incentive: Varies, grants are awarded competitively; Equipment Requirements: Projects must meet the standards established by <a href=""https://www.govinfo.gov/content/pkg/FR-2023-02-28/pdf/2023-03500.pdf"">23 CFR Part 680</a>; Installation Requirements: Projects must meet the standards established by <a href=""https://www.govinfo.gov/content/pkg/FR-2023-02-28/pdf/2023-03500.pdf"">23 CFR Part 680</a>",https://www.energy.ca.gov/programs-and-topics/programs/national-electric-vehicle-infrastructure-nevi-formula-program,"June 11, 2024",06/11/2024
22149,expired,True,CA,Financial Incentive,Grant Program,State,Clean Transportation Program,,,,"<p>The Clean Transportation Program annually awards up to $100 million in grants to fund development of conveniently-located fueling and charging infrastructure for low-and zero-emission vehicle and advancement and adoption of alternative fuel and advanced technology vehicles, including low-and zero-emission medium- and heavy-duty vehicles. </p>",Incentive Amount: ; Maximum Incentive: ; Equipment Requirements: ; Installation Requirements: ,https://www.energy.ca.gov/programs-and-topics/programs/clean-transportation-program,"June 13, 2023",05/20/2021
4054,expired,True,CA,Financial Incentive,Industry Recruitment/Support,State,Sales and Use Tax Exclusion for Advanced Transportation and Alternative Energy Manufacturing Program,State Treasurer's Office,,,"<p>&#10;&#9;<a class=""summarylink"" href=""http://leginfo.ca.gov/pub/09-10/bill/sen/sb_0051-0100/sb_71_bill_20100324_chaptered.pdf"" target=""_blank"" title=""SB 71"">SB 71</a> of 2010 established a sales and use tax exclusion (STE) for eligible projects on property utilized for the design, manufacture, production or assembly of advanced transportation technologies or alternative source (including energy efficiency) products, components, or systems. The California Alternative Energy and Advanced Transportation Financing Authority (CAEATFA) is administering the program. The STE Program is currently authorized through 2025.<br/>&#10;&#9;<br/>&#10;&#9;To date, the Program has approved financial assistance for private entities in the following fields: electric vehicle manufacturing, solar photovoltaic manufacturing, landfill gas capture and production, biogas capture and production (dairies and waste water treatment plants), demonstration hydrogen fuel production, electric vehicle battery manufacturing, biomass processing and fuel production, and others.</p>&#10;<p>&#10;&#9;<strong>Eligibility Criteria: § 10033</strong></p>&#10;<ul>&#10;&#9;<li>&#10;&#9;&#9;Applicants must show the property to be purchased will be used to design, manufacture, produce or assemble an eligible advanced transportation technology or alternative source product – including energy efficiency – component or system.</li>&#10;&#9;<li>&#10;&#9;&#9;This definition includes manufacturers of alternative source electricity generation equipment such as solar panels or wind turbines. But it excludes the purchase of that equipment for power generation.</li><li>The facility must produce benefits to the state of California.</li><li>The applicant must not be found guilty of violating OSHA or a case of the Occupational Safety and Health Administration’s Severe Violator Enforcement Program.</li>&#10;</ul>&#10;<p>&#10;&#9;<strong>Application Evaluation: § 10033</strong></p>&#10;<ul>&#10;&#9;<li>&#10;&#9;&#9;Applications that meet the project definition criteria will be evaluated based on criteria developed and specified in the program regulations.</li>&#10;&#9;<li>&#10;&#9;&#9;These evaluation criteria are designed to measure and quantify the fiscal and environmental benefits of the project and to compare the benefits to the cost of the STE.</li>&#10;&#9;<li>&#10;&#9;&#9;Applicants will receive points in the areas of fiscal benefits and environmental benefits which will translate into a numerical score.</li>&#10;&#9;<li>&#10;&#9;&#9;Applications that receive a total of 1,000 or more points and a total environment benefits score of 100 or more points will be recommended to the CAEATFA Board for approval.</li>&#10;</ul>&#10;<p>&#10;&#9; <strong>Program Restrictions</strong></p>&#10;<ul>&#10;&#9;<li>&#10;&#9;&#9;There are no STE minimum or maximum limits for individual projects.</li>&#10;&#9;<li>&#10;&#9;&#9;Applicants will be required to make at least twenty five (25) percent of the purchases identified in their application within one year of application approval.</li>&#10;&#9;<li>&#10;&#9;&#9;All purchases must be made within three years following application approval, unless CAEATFA grants a longer time period.</li>&#10;</ul>&#10;<p>&#10;&#9;<strong>Prior Use</strong></p>&#10;<ul>&#10;&#9;<li>&#10;&#9;&#9;CAEATFA will be able to extend the STE to any qualified property for which the participating party can make a representation that there has been no functional use of the qualified property prior to it being conveyed to CAEATFA.</li>&#10;</ul>&#10;<p>&#10;&#9;<strong>Fees</strong></p>&#10;<ul>&#10;&#9;<li>&#10;&#9;&#9;Application Fee – equal to .0005 of the total purchase price of qualified property identified in the application. The minimum application fee shall be a minimum of $250 and shall not exceed $10,000. Payment of the fee is required for a submitted application to be considered complete.</li>&#10;&#9;<li>&#10;&#9;&#9;Administrative Fee – equal to .004 of the total purchase price of the qualified property purchased. The administrative fee shall be a minimum of $15,000 and shall not exceed $350,000.</li>&#10;</ul>&#10;<p>&#10;&#9;Those interested in participating in the SB 71 Program should contact the California Alternative Energy and Advanced Transportation Financing Authority.<br/>&#10;&#9; </p><p><br/></p><p>On October 16, 2020, CAEATFA issued a Notice of Emergency Regulations to make STE Program modifications that address the program’s oversubscription for the last two years, the unprecedented economic impact of the COVID-19 pandemic, incorporate lessons learned from program implementation, add further clarity and specificity in existing regulations provisions, and update and revise regulation and statutory cross-references. The emergency rulemaking package was submitted to the Office of Administrative Law (“OAL”) for review on October 26, 2020. The regulatory action was approved by OAL and became effective upon filing with the Secretary of State on November 4, 2020.</p>&#10;<p>&#10;&#9; </p>",Incentive Amount: 100% exemption; Maximum Incentive: ; Terms: Projects must apply for an exemption through the California Alternative Energy and Advanced Transportation Financing Authority,http://www.treasurer.ca.gov/caeatfa/ste/index.asp,"February 25, 2025",03/29/2010
22630,expired,True,HI,Financial Incentive,Grant Program,State,Hawaii - National Electric Vehicle Infrastructure (NEVI) Formula Grant Program,Hawaii Department of Transportation,,,"<p><b><i>Note: <a href=""https://www.congress.gov/117/plaws/publ58/PLAW-117publ58.pdf#page=993"">The Federal Infrastructure Investment and Jobs Act (IIJA)</a> created the <a href=""https://www.fhwa.dot.gov/environment/nevi/"">National Electric Vehicle Infrastructure (NEVI) Formula Grant Program</a> with a total budget of $5 billion. Each state was allocated a share of that total to help build out a national network of electric vehicle charging stations along designated alternative fuel corridors (AFCs). With some limited exceptions, EV charging stations funded through the NEVI program should be spaced 50 miles apart and within one mile of the Interstate exit or highway.</i></b></p><p></p><p>The Hawaii Department of Transportation (HDOT) is the lead agency for Hawaii's NEVI plan. HDOT will need to install twelve new charging stations along interstates and designated AFCs to satisfy the NEVI fully built out requirements. Hawaii's initial <a href=""https://hidot.hawaii.gov/highways/files/2022/08/National-Electric-Vehicle-Infrastructure-NEVI-Program-SUBJECT-TO-APPROVAL.pdf"">NEVI Plan</a> was submitted to the federal Joint Office of Energy and Transportation in July 2022, and its <a href=""https://hidot.hawaii.gov/highways/files/2023/11/HDOT-2023-NEVI-Plan-Update.pdf"">2023 Update</a> was submitted in August 2023. In its update, Hawaii stated that it is making discretionary exceptions for several sites based on limited power availability and grid capacity. It also requested exceptions from the 50 mile rule for two sites: HI-19 Hilo to Waimea and HI-200 Hilo to Kona.</p><p>The first NEVI-funded charging station was opened in February 2024, consisting of four 150-kW chargers at the Kahului Park and Ride on Kuihelani Highway.</p><p><br/></p><p></p>","Incentive Amount: Varies, grants are awarded competitively; Maximum Incentive: Varies, grants are awarded competitively; Equipment Requirements: Projects must meet the standards established by <a href=""https://www.govinfo.gov/content/pkg/FR-2023-02-28/pdf/2023-03500.pdf"">23 CFR Part 680</a>; Installation Requirements: Projects must meet the standards established by <a href=""https://www.govinfo.gov/content/pkg/FR-2023-02-28/pdf/2023-03500.pdf"">23 CFR Part 680</a>",https://hidot.hawaii.gov/highways/hawaii-nevi-state-plan/,"June 11, 2024",06/11/2024
3284,expired,True,IA,Financial Incentive,Rebate Program,Utility,Black Hills Energy (Gas) - Commercial Energy Efficiency Rebate Programs,Black Hills Energy,Boilers; Clothes Washers; Dishwasher; Food Service Equipment; Furnaces; Insulation; Tankless Water Heater; Water Heaters,Incentive : 100.0000 None; Incentive : 450.0000 $/Unit; Incentive min: 200.0000 $/Unit; Incentive max: 350.0000 $/Unit; Incentive : 800.0000 $/Unit; Incentive : 10.0000 $/square foot; Incentive min: 450.0000 $; Incentive max: 3150.0000 $; Incentive : 525.0000 $; Incentive : 75.0000 $,"<p>&#10;&#9;Black Hills Energy offers commercial and industrial customers incentives to encourage energy efficiency in eligible businesses. Prescriptive rebates are available for furnaces, insulation, tankless water heaters, commercial cooking equipment, and more. Custom rebates are available for commercial, industrial, and agricultural projects not eligible in the prescriptive program. All purchased equipment must meet program efficiency and installation requirements. Customers should see the program web site for application forms and details about the rebates or call the rebate hot-line at 888-567-0799.</p>","Incentive Amount: <b>2025 Rebates</b><br />
Storage Water Heater: $450<br />
Tankless Water Heater: $100<br />
Drain Water Heat Recovery: $300<br />
Controls for Domestic Hot Water: $475<br />
Commercial Furnace: $200 - $350<br />
Gas Infrared Heating System: $300<br />
Condensing Unit Heater: $925<br />
Boiler: $800<br />
Duct Insulation: $50 - $75 per 100 sq ft<br />
Roof Insulation: $10 per sq ft<br />
Infiltration Control: $10 per sq ft<br />
Hydronic Heating Pipe Insulation: Up to $1,025<br />
Commercial Steam Cooker: $900<br />
Combination Oven: $1,350 - $3,150<br />
Conveyor Oven: $725<br />
Convection Oven: $725<br />
Dishwasher: $525<br />
Fryer: $450<br />
Griddle: $750<br />
Rack Oven: $1,200<br />
Infrared Salamander Broiler: $400<br />
Pasta Cooker: $950<br />
High Speed Clothes washer: $75<br />
Modulating Commercial Gas Clothes Dryer: $275<br />
Pre-Rinse Spray Valve: $83<br />
Commercial Pool Cover: $1,075<br />; Maximum Incentive: ; Eligible System Size: ; Equipment Requirements: See program website.; Installation Requirements: ; Ownership of Renewable Energy Credits: ",https://www.blackhillsenergy.com/efficiency-and-savings/commercial-rebates/iowa-gas-commercial-rebates,"January 14, 2025",02/24/2009
22645,expired,True,IA,Financial Incentive,Grant Program,State,Iowa - National Electric Vehicle Infrastructure (NEVI) Formula Grant Program,Iowa Department of Transportation,,,"<p><b><i>Note: The<a href=""https://www.congress.gov/117/plaws/publ58/PLAW-117publ58.pdf#page=993""> Federal Infrastructure Investment and Jobs Act (IIJA)</a> created the <a href=""https://www.fhwa.dot.gov/environment/nevi/"">National Electric Vehicle Infrastructure (NEVI) Formula Grant Program</a> with a total budget of $5 billion. Each state was allocated a share of that total to help build out a national network of electric vehicle charging stations along designated alternative fuel corridors (AFCs). With some limited exceptions, EV charging stations funded through the NEVI program should be spaced 50 miles apart and within one mile of the Interstate exit or highway.</i></b></p><p><span>Iowa conducted its award process for NEVI funding during Winter and Spring 2024; the application deadline has passed but awardees have not yet been announced. Details on Iowa's NEVI process can be found in the <a href=""https://iowadot.gov/iowaevplan/docs/IowaNEVDI_Final.pdf"">IA EV Infrastructure Deployment Plan</a>.</span><br/></p>","Incentive Amount: Varies, grants are awarded competitively; Maximum Incentive: Varies, grants are awarded competitively; Equipment Requirements: Projects must meet the standards established by 23 CFR Part 680; Installation Requirements: ",https://iowadot.gov/iowaevplan,"June 13, 2024",06/13/2024
22655,expired,True,ID,Financial Incentive,Grant Program,State,Idaho - National Electric Vehicle Infrastructure (NEVI) Formula Grant Program,Idaho Office of Energy and Mineral Resources,,,"<p><b><i>Note: <a href=""https://www.congress.gov/117/plaws/publ58/PLAW-117publ58.pdf#page=993"">The Federal Infrastructure Investment and Jobs Act (IIJA)</a> created the <a href=""https://www.fhwa.dot.gov/environment/nevi/"">National Electric Vehicle Infrastructure (NEVI) Formula Grant Program</a> with a total budget of $5 billion. Each state was allocated a share of that total to help build out a national network of electric vehicle charging stations along designated alternative fuel corridors (AFCs). With some limited exceptions, EV charging stations funded through the NEVI program should be spaced 50 miles apart and within one mile of the Interstate exit or highway.</i></b></p><p>In August 2022, Idaho released its <a href=""https://oemr.idaho.gov/wp-content/uploads/id_nevi_plan.pdf"">EV Infrastructure Baseline Plan</a>. A few months later, in December 2022, the state issued an RFP, seeking a firm to complete the Siting, Feasibility, and Access Study (SFAS) for DCFC buildout. The SFAS identifies strategic locations based on approved multifactor selection criteria. In August 2023, an <a href=""https://oemr.idaho.gov/wp-content/uploads/IdahoNEVI-FY2024_Plan_Update_9-26-23_FINAL-REVISED.pdf"">updated state plan</a> was released. The update includes a summary of public engagement activities, an update on a proposed RFP solicitation for two pilot sites, and the progress of the SFAS. The pilot sites will be evaluated for the effectiveness of the procurement process, efficiency of contracting, and issues with site selection and constitution to inform the selection and construction of additional sites in the buildout of AFCs. Since the release of federal guidance in June 2023, detailed location results and siting criteria are being developed. The SFAS was scheduled to be completed by December 2023 and will outline the approach to achieving fully built out status on all AFCs.</p><p>A map of all designated AFC and DCFC locations in Idaho may be found <a href=""https://www.arcgis.com/sharing/oauth2/authorize?client_id=arcgisonline&amp;response_type=code&amp;state=%7B%22portalUrl%22%3A%22https%3A%2F%2Fwww.arcgis.com%22%2C%22uid%22%3A%22hSks0uR7u68jre8gE3R6lbgX_oXNj7KPKIJoZM5Zx5w%22%7D&amp;expiration=20160&amp;locale=en-us&amp;redirect_uri=https%3A%2F%2Fwww.arcgis.com%2Fhome%2Fwebmap%2Fviewer.html%3Fwebmap%3Dd7f1ce6b5a164f118f23c7abafd53df6%26extent%3D-127.2629%252C36.5075%252C-95.7321%252C50.0342&amp;redirectToUserOrgUrl=true&amp;code_challenge=9RO54w47gRMnwqLbDpnHySCVJklY8DKffECppr9QMFo&amp;code_challenge_method=S256"">here</a>.</p><p><br/></p>","Incentive Amount: Varies, grants are awarded competitively; Maximum Incentive: Varies, grants are awarded competitively; Equipment Requirements: Projects must meet the standards established by <a href=""https://www.govinfo.gov/content/pkg/FR-2023-02-28/pdf/2023-03500.pdf"">23 CFR Part 680</a>; Installation Requirements: ",https://oemr.idaho.gov/programs/national-electric-vehicle-infrastructure-program/,"June 25, 2024",06/18/2024
22643,expired,True,IL,Financial Incentive,Grant Program,State,Illinois - National Electric Vehicle Infrastructure (NEVI) Formula Grant Program,Illinois Department of Transportation,,,"<p><b><i>Note: The <a href=""https://www.congress.gov/117/plaws/publ58/PLAW-117publ58.pdf#page=993"">Federal Infrastructure Investment and Jobs Act (IIJA)</a> created the <a href=""https://www.fhwa.dot.gov/environment/nevi/"">National Electric Vehicle Infrastructure (NEVI) Formula Grant Program</a> with a total budget of $5 billion. Each state was allocated a share of that total to help build out a national network of electric vehicle charging stations along designated alternative fuel corridors (AFCs). With some limited exceptions, EV charging stations funded through the NEVI program should be spaced 50 miles apart and within one mile of the Interstate exit or highway.</i></b></p><p>The Notice of Funding Opportunity for the first round of funding under the <a href=""https://idot.illinois.gov/content/dam/soi/en/web/idot/documents/transportation-system/planning/drive-electric/Illinois%202023%20NEVI%20Update_Submitted.pdf"">Illinois Electric Vehicle Infrastructure Deployment Plan</a> was issued on March 8, 2024, with applications due within 60 days of that date. The first round of funding is for approximately $50 million.</p>","Incentive Amount: Varies, grants are awarded competitively; Maximum Incentive: Varies, grants are awarded competitively; Equipment Requirements: Projects must meet the standards established by 23 CFR Part 680; Installation Requirements: ",https://idot.illinois.gov/transportation-system/environment/drive-electric.html,"June 13, 2024",06/13/2024
22439,expired,True,IL,Financial Incentive,Property Tax Assessment,State,Improvement Valuation of Commercial Solar Energy Systems,Illinois Department of Revenue,,,"<p>Illinois uses a specific formula to value commercial solar energy systems for property tax purposes in counties with fewer than 3 million inhabitants. &#34;Commercial&#34; in this sense means that the system is used primarily to generate electricity for wholesale or retail sale, rather than referring to the customer class.</p><p>The valuation formula is calculated by substracting allowance for physical depreciation from the trended real property cost basis (set at $218,000 per MW of nameplate capacity in 2018, with adjustments for CPI inflation). More information is available <a href=""https://tax.illinois.gov/content/dam/soi/en/web/tax/localgovernments/property/documents/commercialsolarenergysystemsvaluation.pdf"" target="""">here</a>.</p>",,https://tax.illinois.gov/localgovernments/property/solar-energy-systems.html,"March 17, 2025",06/09/2022
22644,expired,True,IN,Financial Incentive,Grant Program,State,Indiana - National Electric Vehicle Infrastructure (NEVI) Formula Grant Program,Indiana Department of Transportation,,,"<p><b><i>Note: The <a href=""https://www.congress.gov/117/plaws/publ58/PLAW-117publ58.pdf#page=993"">Federal Infrastructure Investment and Jobs Act (IIJA)</a> created the <a href=""https://www.fhwa.dot.gov/environment/nevi/"">National Electric Vehicle Infrastructure (NEVI) Formula Grant Program</a> with a total budget of $5 billion. Each state was allocated a share of that total to help build out a national network of electric vehicle charging stations along designated alternative fuel corridors (AFCs). With some limited exceptions, EV charging stations funded through the NEVI program should be spaced 50 miles apart and within one mile of the Interstate exit or highway.</i></b></p><p></p><p>Indiana issued a Notice of Funding Opportunity for NEVI funding in August 2023; awardees for 39 sites were selected in Winter 2024 in this first round of funding. Additional details are available in the <a href=""https://www.in.gov/indot/files/CLEAN_INDOT-EV-Deployment-Plan_2023-10-04_Revised.pdf"">Indiana Electric Vehicle Infrastructure Deployment Plan</a>.</p><p></p><p><br/></p>","Incentive Amount: Varies, grants are awarded competitively; Maximum Incentive: Varies, grants are awarded competitively; Equipment Requirements: Projects must meet the standards established by 23 CFR Part 680; Installation Requirements: ",https://chargingthecrossroads.com/,"June 13, 2024",06/13/2024
22646,expired,True,KY,Financial Incentive,Grant Program,State,Kentucky - National Electric Vehicle Infrastructure (NEVI) Formula Grant Program,Kentucky Transportation Cabinet,,,"<p><b><i>Note: The <a href=""https://www.congress.gov/117/plaws/publ58/PLAW-117publ58.pdf#page=993"">Federal Infrastructure Investment and Jobs Act (IIJA)</a> created the <a href=""https://www.fhwa.dot.gov/environment/nevi/"">National Electric Vehicle Infrastructure (NEVI) Formula Grant Program</a> with a total budget of $5 billion. Each state was allocated a share of that total to help build out a national network of electric vehicle charging stations along designated alternative fuel corridors (AFCs). With some limited exceptions, EV charging stations funded through the NEVI program should be spaced 50 miles apart and within one mile of the Interstate exit or highway.</i></b></p><p></p><p>Kentucky has conducted three rounds of funding under two Requests for Proposals, one in Summer 2023 and another in Spring 2024. So far a total of $27.2 million in funding has been allocated. Details on future funding rounds are not currently available. More details on Kentucky's NEVI process can be found in <a href=""https://kyevcharging.com/application/files/4916/9660/7455/2023KY_EV_StatewideNEVIPlan.pdf"">Kentucky's Electric Vehicle Infrastructure Deployment Plan</a>.</p><p></p><p><br/></p>","Incentive Amount: Varies, grants are awarded competitively; Maximum Incentive: Varies, grants are awarded competitively; Equipment Requirements: Projects must meet the standards established by 23 CFR Part 680; Installation Requirements: ",https://kyevcharging.com/,"June 13, 2024",06/13/2024
22647,expired,True,MI,Financial Incentive,Grant Program,State,Michigan - National Electric Vehicle Infrastructure (NEVI) Formula Grant Program,Michigan Department of Transportation,,,"<p><b><i>Note: The <a href=""https://www.congress.gov/117/plaws/publ58/PLAW-117publ58.pdf#page=993"">Federal Infrastructure Investment and Jobs Act (IIJA)</a> created the <a href=""https://www.fhwa.dot.gov/environment/nevi/"">National Electric Vehicle Infrastructure (NEVI) Formula Grant Program </a>with a total budget of $5 billion. Each state was allocated a share of that total to help build out a national network of electric vehicle charging stations along designated alternative fuel corridors (AFCs). With some limited exceptions, EV charging stations funded through the NEVI program should be spaced 50 miles apart and within one mile of the Interstate exit or highway.</i></b></p><p>Michigan released the selection results for Round 1 of its NEVI funding in April 2024; this round allocated roughly $22.7 million. Michigan plans to release a Request for Proposals for a <a href=""https://www.michigan.gov/mdot/business/contractors/innovativecontracting/national-electric-vehicle-infrastructure-2"">second round of funding</a> in August 2024, with roughly $27 million to be allocated. More details on Michigan's NEVI process can be found in the <a href=""https://www.michigan.gov/egle/-/media/Project/Websites/egle/Documents/Programs/MMD/Energy/NEVI/MI-Plan-for-EV-Infrastructure-Deployment.pdf?rev=b94a1a70cb264684aee612228f82a6f2&amp;hash=BFB64E77416EAEC3EF408D4E2E01F3C1"">Michigan State Plan for Electric Vehicle Infrastructure Deployment</a>.</p><p><br/></p>","Incentive Amount: Varies, grants are awarded competitively; Maximum Incentive: Varies, grants are awarded competitively; Equipment Requirements: Projects must meet the standards established by 23 CFR Part 680; Installation Requirements: ",https://www.michigan.gov/mdot/travel/mobility/initiatives/nevi,"June 13, 2024",06/13/2024
333,expired,True,MI,Financial Incentive,Industry Recruitment/Support,State,Nonrefundable Business Activity Tax Credit,Michigan Economic Development Corporation,,,"<p><b>This program was repealed by <a href=""https://www.legislature.mi.gov/Bills/Bill?ObjectName=2019-HB-4189"">Act 90 of 2019</a> and will expire for tax years beginning after December 31, 2031.</b></p><p>&#10;&#9;<em><strong>Note: <a class=""summarylink"" href=""http://www.legislature.mi.gov/documents/2011-2012/publicact/pdf/2011-PA-0038.pdf"" target=""_blank"" title=""Public Act 38"">Public Act 38 of 2011</a> repealed the Michigan Business Tax (MBT) and implemented the Corporate Income Tax (CIT). <a class=""summarylink"" href=""http://www.legislature.mi.gov/documents/2011-2012/publicact/pdf/2011-PA-0039.pdf"" target=""_blank"" title=""Public Act 39"">Public Act 39</a> was passed in conjunction with the CIT and allows for certain credits awarded under the MBT to be retained for the duration of the agreements. Businesses receiving certain credits, including Renaissance Zone credits, may choose to either continue to file under the MBT to continue claiming their credits, or file under the CIT. Certain Renaissance Zone credits will not be awarded after 2011; Michigan can still award Renewable Energy Renaissance Zone Credits. </strong></em></p>&#10;<p>&#10;&#9;Businesses engaged in alternative energy research, development, and manufacturing may claim a nonrefundable credit from the Michigan business tax. In order to be eligible for this tax credit, the taxpayer and its qualified business activity must be certified by the Michigan Next Energy Authority. The credit is equal to the lesser of (1) the amount by which a business's &#34;tax liability attributable to qualified business activity&#34; for the tax year exceeds the business's &#34;baseline tax liability attributable to qualified business activity,&#34; or (2) 10% of the amount by which the business's &#34;adjusted qualified business activity&#34; performed in Michigan, outside of a &#34;Renaissance Zone,&#34; for a tax year exceeds such activity for the 2001 tax year under former MCL § 208.39e.<br/>&#10;&#9;<br/>&#10;&#9;Under either formula, a business may not claim the credit for any tax year in which its &#34;tax liability attributable to qualified business activity&#34; did not exceed the &#34;baseline tax liability attributable to qualified business activity&#34; in 2001. These credits initially took effect beginning in 2003 and were scheduled to expire at the end of 2007 with the repeal of MCL § 208.39e. In 2007 however, they were renewed without substantive alteration as part of a larger reworking of state business taxing policy. Qualified business activity is defined broadly to include research, development, or manufacturing of an alternative energy marine propulsion system, an alternative energy system, an alternative energy vehicle, alternative energy technology, or renewable fuel.<br/>&#10;&#9;<br/>&#10;&#9;The NextEnergy Authority legislation was amended in 2006 by <a class=""summarylink"" href=""http://www.legislature.mi.gov/documents/2005-2006/publicact/pdf/2006-PA-0632.pdf"" target=""_blank"" title=""SB 583"">SB 583</a>, which expanded the definitions relating to alternative energy technologies. Eligible alternative energy technologies include: fuel cells, PV, biomass, solar thermal heating and cooling, wind energy, CHP, microturbines, miniturbines, Stirling engines, electricity storage systems, and clean fuel energy systems powered by methane, natural gas, methanol, ethanol, or hydrogen. See MCL § 207.822 for a complete listing of eligible technologies.<br/>&#10;&#9;<br/>&#10;&#9;Separately, the Michigan Strategic Fund designated the Michigan NextEnergy Zone as a Renaissance Zone in 2002. The Renaissance Zone designation means that businesses within the NextEnergy Zone may be eligible for other tax benefits. The NextEnergy Zone is located in Detroit at Wayne State University Research and Technology Park. It is home to the NextEnergy Center, which includes laboratory facilities, business incubator space, and other facilities to support Michigan’s alternative energy industry.<br/>&#10;&#9;<br/>&#10;&#9;NextEnergy is a comprehensive economic-development plan to position Michigan as a world leader in the research, development, commercialization and manufacture of alternative-energy technologies. NextEnergy was created to address the risks of continued dependence on foreign energy resources, to mitigate increasing environmental concerns, and to prepare for the possibility of technologies that may replace the internal combustion engine. Please contact the NextEnergy Center for more information on these activities.</p>",Incentive Amount: Varies; Maximum Incentive: None; Terms: ,,"December 12, 2024",01/14/2003
22648,expired,True,MO,Financial Incentive,Grant Program,State,Missouri - National Electric Vehicle Infrastructure (NEVI) Formula Grant Program,Missouri Department of Transportation,,,"<p><b><i>Note: The <a href=""https://www.congress.gov/117/plaws/publ58/PLAW-117publ58.pdf#page=993"">Federal Infrastructure Investment and Jobs Act (IIJA)</a> created the <a href=""https://www.fhwa.dot.gov/environment/nevi/"">National Electric Vehicle Infrastructure (NEVI) Formula Grant Program</a> with a total budget of $5 billion. Each state was allocated a share of that total to help build out a national network of electric vehicle charging stations along designated alternative fuel corridors (AFCs). With some limited exceptions, EV charging stations funded through the NEVI program should be spaced 50 miles apart and within one mile of the Interstate exit or highway.</i></b></p><p>Under the <a href=""https://www.modot.org/sites/default/files/documents/NEVI%20Plan%20update%202023_Revised_Sept2023Final.pdf"">Missouri Electric Vehicle Infrastructure Deployment Plan</a>, Missouri plans to release a Request for Proposals for NEVI funding at some point in 2024-2025.</p>","Incentive Amount: Varies, grants are awarded competitively; Maximum Incentive: Varies, grants are awarded competitively; Equipment Requirements: Projects must meet the standards established by 23 CFR Part 680; Installation Requirements: ",https://www.modot.org/sites/default/files/documents/NEVI%20Plan%20update%202023_Revised_Sept2023Final.pdf,"June 13, 2024",06/13/2024
22656,expired,True,MT,Financial Incentive,Grant Program,State,Montana - National Electric Vehicle Infrastructure (NEVI) Formula Grant Program,Montana Department of Environmental Quality,,,"<p><b><i>Note: <a href=""https://www.congress.gov/117/plaws/publ58/PLAW-117publ58.pdf#page=993"">The Federal Infrastructure Investment and Jobs Act (IIJA)</a> created the <a href=""https://www.fhwa.dot.gov/environment/nevi/"">National Electric Vehicle Infrastructure (NEVI) Formula Grant Program</a> with a total budget of $5 billion. Each state was allocated a share of that total to help build out a national network of electric vehicle charging stations along designated alternative fuel corridors (AFCs). With some limited exceptions, EV charging stations funded through the NEVI program should be spaced 50 miles apart and within one mile of the Interstate exit or highway.</i></b></p><p>Montana's <a href=""https://deq.mt.gov/files/Energy/Transportation/MontanaElectricVehicleInfrastructureDeploymentPlan2022.pdf"">deployment plan</a> was developed by the state's Department of Transportation (MDT) and the Department of Environmental Quality (DEQ). The goals of the deployment plan include developing EV charging corridors along key travel routes, considering by 2030 30,000 state residents and 100,000 visitors will be projected to drive EVs through the state. Other goals include establishing a connection of EV networks for rural communities to use, amongst other planning visions. An <a href=""https://deq.mt.gov/files/Energy/Transportation/2023_MT_NEVI_Plan_update_FINAL.pdf"">updated state plan</a> was released in July 2023. The updates included a summary of public engagement activities, changing market conditions, challenges, and implementation strategies to ensure compliance with 23 CFR 680.</p>","Incentive Amount: Varies, grants are awarded competitively; Maximum Incentive: Varies, grants are awarded competitively; Equipment Requirements: Projects must meet the standards established by <a href=""https://www.govinfo.gov/content/pkg/FR-2023-02-28/pdf/2023-03500.pdf"">23 CFR Part 680</a>; Installation Requirements: ",https://deq.mt.gov/energy/Programs/fuels,"June 25, 2024",06/18/2024
22664,expired,True,NC,Financial Incentive,Grant Program,State,North Carolina - National Electric Vehicle Infrastructure (NEVI) Formula Grant Program,North Carolina Department of Transportation,,,"<p><b><i>Note: <a href=""https://www.congress.gov/117/plaws/publ58/PLAW-117publ58.pdf#page=993"">The Federal Infrastructure Investment and Jobs Act (IIJA)</a> created the <a href=""https://www.fhwa.dot.gov/environment/nevi/"">National Electric Vehicle Infrastructure (NEVI) Formula Grant Program</a> with a total budget of $5 billion. Each state was allocated a share of that total to help build out a national network of electric vehicle charging stations along designated alternative fuel corridors (AFCs). With some limited exceptions, EV charging stations funded through the NEVI program should be spaced 50 miles apart and within one mile of the Interstate exit or highway.</i></b></p><p>The North Carolina Department of Transportation (NCDOT) is the designated lead agency for North Carolina's NEVI plan. It submitted North Carolina's initial <a href=""https://www.ncdot.gov/initiatives-policies/environmental/climate-change/Documents/ncdot-electric-vehicle-deployment-plan.pdf"">NEVI Plan</a> to the federal Joint Office of Energy and Transportation on August 1, 2022, and its <a href=""https://www.ncdot.gov/initiatives-policies/environmental/climate-change/Documents/ncdot-electric-vehicle-deployment-plan.pdf"">2023 Update</a> was submitted on August 1, 2023. In Phase 1, North Carolina plans to build a network of about 37 charging stations along its designated AFCs. During Phase 2, it plans to build community level charging infrastructure with a strong focus on disadvantaged communities. </p><p>NCDOT released its <a href=""https://www.ncdot.gov/initiatives-policies/environmental/climate-change/NEVI/Pages/nevi-rfp-resources-applicants.aspx"">Phase 1 Request for Proposals</a> (RFP) on April 8, 2024 and accepted applications through June 10, 2024. Awards will be posted in the Fall of 2024. Round 2 RFPs will be released following Round 1 awards. Interested parties can visit the NCDOT website to stay informed about future funding rounds. </p>","Incentive Amount: Varies, grants are awarded competitively; Maximum Incentive: Varies, grants are awarded competitively; Equipment Requirements: Projects must meet the standards established by <a href=""https://www.govinfo.gov/content/pkg/FR-2023-02-28/pdf/2023-03500.pdf"">23 CFR Part 680</a>; Installation Requirements: Projects must meet the standards established by <a href=""https://www.govinfo.gov/content/pkg/FR-2023-02-28/pdf/2023-03500.pdf"">23 CFR Part 680</a>",https://www.ncdot.gov/initiatives-policies/environmental/climate-change/NEVI/Pages/default.aspx,"June 21, 2024",06/21/2024
22658,expired,True,ND,Financial Incentive,Grant Program,State,North Dakota - National Electric Vehicle Infrastructure (NEVI) Formula Grant Program,North Dakota Department of Transportation,,,"<p><b><i>Note: <a href=""https://www.congress.gov/117/plaws/publ58/PLAW-117publ58.pdf#page=993"">The Federal Infrastructure Investment and Jobs Act (IIJA)</a> created the <a href=""https://www.fhwa.dot.gov/environment/nevi/"">National Electric Vehicle Infrastructure (NEVI) Formula Grant Program</a> with a total budget of $5 billion. Each state was allocated a share of that total to help build out a national network of electric vehicle charging stations along designated alternative fuel corridors (AFCs). With some limited exceptions, EV charging stations funded through the NEVI program should be spaced 50 miles apart and within one mile of the Interstate exit or highway.</i></b></p><p>The North Dakota Department of Transportation (NDDOT) will implement its <a href=""https://www.fhwa.dot.gov/environment/nevi/ev_deployment_plans/nd_nevi_plan.pdf"">NEVI plan</a> over two phases. Phase I will focus on the alternative fuel corridors (AFCs) along I-94 and I-29 from fiscal year 2022 through 2024. Phase II will focus on other locations including non-AFC-designated highways in FY 2025 and 2026. NDDOT anticipates 15 to 20 NEVI-compliant charging locations will require development for its AFCs, when moving to Phase II, the Plan cites both low EV adoption and rural nature as potential factors for under-utilization. In June 2023, the state released its <a href=""https://www.dot.nd.gov/sites/www/files/documents/construction-and-planning/North-Dakota-EV-Plan.pdf"">updated FY 2024 plan</a>. The updates included information on continued stakeholder engagement with power utilities, energy producers, automotive industry alliance, and EV groups. However, the main focus was getting statutory approval from state legislators in the form of <a href=""https://ndlegis.gov/assembly/68-2023/regular/bill-overview/bo2063.html?bill_year=2023&amp;bill_number=2063"">S.B. 2063</a>, which passed in April 2023. In June 2024, NDDOT released the first <a href=""https://www.dot.nd.gov/sites/www/files/documents/Grants%20and%20funding%20program/State%20Grants/state-grants/NEVI/NDDOT%20NEVI%20NOFO.pdf"">NOFO</a> package with proposals due August 9, 2024.</p>","Incentive Amount: Varies, grants are awarded competitively; Maximum Incentive: Varies, grants are awarded competitively; Equipment Requirements: Projects must meet the standards established by <a href=""https://www.govinfo.gov/content/pkg/FR-2023-02-28/pdf/2023-03500.pdf'>23 CFR Part 680</a>; Installation Requirements: ",https://www.dot.nd.gov/nevi,"June 25, 2024",06/18/2024
22530,expired,True,NH,Financial Incentive,Grant Program,State,Granite State Clean Fleets (GSCF),New Hampshire Department of Environmental Services,,,"<p><b>*Note: Applications closed on October 13, 2023.</b></p><p></p><p>The New Hampshire Department of Environmental Services' Grant State Clean Fleets (GSCF) program is a competitive grant program for municipalities, public school districts, public colleges/universities, and transit districts that want to replace old diesel vehicles/engines/equipment diesel and EV models. The program has a total of $10 million available (partially funded by the state's Volkswagen Trust) for EV and EVSE technologies, as well as energy storage and renewable energy resources (solar, hydroelectric, and wind) to supply power to the EVSE. Grant awards vary based on the project.</p><p></p><p>To learn more about this opportunity you can view the <a href=""https://www.das.nh.gov/purchasing/docs/bids/RFP%20NH-VW-2023-01.pdf"">Request for Proposal</a>, or go to the <a href=""https://www.des.nh.gov/business-and-community/loans-and-grants/volkswagen-mitigation-trust"">funding opportunity website</a>. </p><p></p><p></p>",Incentive Amount: Varies; Maximum Incentive: Varies; Equipment Requirements: ; Installation Requirements: ,https://www.des.nh.gov/business-and-community/loans-and-grants/volkswagen-mitigation-trust,"June 6, 2024",07/13/2023
3980,expired,True,NM,Financial Incentive,Sales Tax Incentive,State,Gross Receipts Tax Exemption for Sales of Wind and Solar Systems to Government Entities,New Mexico Taxation & Revenue Department,,,"<p>
	New Mexico has a gross receipts tax structure for businesses instead of a sales tax. Businesses are taxed on the gross amount of their business receipts each year before expenses are deducted. Receipts associated with the sale of certain wind turbine equipment to federal, state, or local government entities are exempt from being added to gross receipts. S.B. 201, signed in March 2010, extended this exemption to solar thermal electric and photovoltaic systems sold to a government on or after July 1, 2010.</p>",Incentive Amount: 100%; Maximum Incentive: ; Equipment Requirements: ,,"September 26, 2025",02/16/2010
22724,expired,True,NM,Financial Incentive,Rebate Program,State,New Mexico - Home Electrification and Appliance Rebate (HEAR) Program,"Energy, Mineral and Natural Resources Department, Energy Conservation and Management Division",Building Insulation; Duct/Air sealing; Heat pumps; Insulation; Water Heaters,Incentive max: 1600.0000 $; Incentive max: 1750.0000 $; Incentive max: 1600.0000 $; Incentive max: 840.0000 $; Incentive max: 8000.0000 $; Incentive max: 8000.0000 $,"<p><i><b>Note: The Federal Inflation Reduction Act (IRA) created the Home Electrification and Appliance Rebate (HEAR) Program. The IRA established the main parameters for this program, but allowed the states to customize the program to meet their state-specific needs. The program is designed to award rebates for purchase of qualifying home electrification equipment and appliances. Residents earning less than 80% of the Area Median Income (<a href=""https://www.huduser.gov/portal/datasets/il.html"">AMI</a>) can receive the full rebate amount, and residents earning between 80% and 150% AMI can receive a partial rebate. See summary below and program website for complete details.</b></i></p><p><i><b>New Mexico is launching the HEAR program in phases. Residents can <a href=""https://clean.energy.nm.gov/programs/hear/#contact-footer"">sign up</a> to receive updates, or visit the program website for more information.</b></i></p><p>The New Mexico Energy Conservation and Management Division of the Energy, Mineral, and Natural Resources Department will receive $44 million in federal funding for the HEAR Program. Incentives are available to owners of single-family homes, duplexes, triplexes, quadplexes, or townhomes who earn less than 80% of their county’s AMI or who participate in certain state or federal benefit programs. Renters with landlord permission, landlords/owners of multi-unit properties, and landlords/owners of multi-story buildings with shared walls may also be eligible, and can expect eligibility to participate by the end of 2024.</p><p>The maximum rebate per address is $14,000. When applicable, technologies must be ENERGY STAR certified and/or installed by an authorized program contractor.</p><p>Currently available technologies include:</p><ul><li><b>Appliances:</b> Heat Pump Clothes Dryer (up to $840, one per household); Electric or Induction Cooktop, Stove, Range, or Oven (up to $840, one per household)</li><li><b>Insulation, Air Sealing, and Ventilation: </b>Wall, Ceiling/Attic, Floor, and Foundation Insulation (up to $1,600)</li></ul><p>Future eligible technologies include:</p><ul><li><b>Appliances:</b> Heat Pump Water Heater (up to $1,750)</li><li>I<b>nsulation, Air Sealing, and Ventilation:</b> Air Sealing Upgrades (up to $1,600)</li><li><b>Heating and Cooling:</b> Central (Ducted) or Un-Ducted (Mini-Split) Air Source Heat Pump Systems (up to $8,000); Un-Ducted (Mini-Split) Air Source Heat Pumps (up to $8,000)</li><li><b>Electric Upgrades:</b> Electric Service Panel Load Upgrade (up to $4,000); Electric Wiring (up to $2,500)<br/><br/></li></ul>","Incentive Amount: Currently available:<br>
Heat Pump Clothes Dryer: up to $840<br>
Electric or Induction Cooktop, Stove, Range, or Oven: up to $840
Wall, Ceiling/Attic, Floor, and Foundation Insulation: up to $1,600; Maximum Incentive: Up to $14,000 per household<br>
Heat Pump Clothes Dryer: one per household<br>
Electric or Induction Cooktop, Stove, Range, or Oven: one per household; Eligible System Size: Not specified; Equipment Requirements: Equipment must be ENERGY STAR certified; Installation Requirements: Equipment must be installed by an authorized program contractor; Ownership of Renewable Energy Credits: N/A",https://clean.energy.nm.gov/programs/hear/,"May 20, 2025",12/12/2024
22631,expired,True,NV,Financial Incentive,Grant Program,State,Nevada - National Electric Vehicle Infrastructure (NEVI) Formula Grant Program,Nevada Department of Transportation,,,"<p><b><i>Note: <a href=""https://www.congress.gov/117/plaws/publ58/PLAW-117publ58.pdf#page=993"">The Federal Infrastructure Investment and Jobs Act (IIJA)</a> created the <a href=""https://www.fhwa.dot.gov/environment/nevi/"">National Electric Vehicle Infrastructure (NEVI) Formula Grant Program</a> with a total budget of $5 billion. Each state was allocated a share of that total to help build out a national network of electric vehicle charging stations along designated alternative fuel corridors (AFCs). With some limited exceptions, EV charging stations funded through the NEVI program should be spaced 50 miles apart and within one mile of the Interstate exit or highway.</i></b></p><p><b></b></p><p>The Nevada Department of Transportation (NDOT) is the lead agency for Nevada's NEVI Plan. Nevada's initial <a href=""https://www.dot.nv.gov/home/showpublisheddocument/20723/637947099699800000"">NEVI Plan</a> was submitted to the federal Joint Office of Energy and Transportation in July 2022, and its <a href=""https://acrobat.adobe.com/link/track?uri=urn%3Aaaid%3Ascds%3AUS%3A01fc8f44-9f94-39ea-ba70-6f68619cbeb7&amp;viewer%21megaVerb=group-discover"">2023 Update</a> was submitted in August 2023.  Nevada's goal is for all interstates in Nevada to achieve “Fully Built-Out” status. </p><p>In years 1 and 2, NDOT approved two new stations in collaboration with NV <span>Energy’s Transportation Electrification Programs, and upgrades at three existing rural stations. In year 3, NDOT plans to make NEVI funds available to private partners through grant opportunities. Interested parties should visit NDOT's website and sign up for NDOT's NEVI Program Partnering Directory.  </span></p><p><b><br/></b></p><p></p>","Incentive Amount: Varies, grants are awarded competitively; Maximum Incentive: Varies, grants are awarded competitively; Equipment Requirements: Projects must meet the standards established by <a href=""https://www.govinfo.gov/content/pkg/FR-2023-02-28/pdf/2023-03500.pdf"">23 CFR Part 680</a>; Installation Requirements: Projects must meet the standards established by <a href=""https://www.govinfo.gov/content/pkg/FR-2023-02-28/pdf/2023-03500.pdf"">23 CFR Part 680</a>",https://www.dot.nv.gov/mobility/alternative-fueling-infrastructure-plan,"June 11, 2024",06/11/2024
4690,expired,True,NY,Financial Incentive,Rebate Program,Utility,ConEd (Electric) - Commercial and Industrial Energy Efficiency Program,,,,"<p>&#10;&#9;<b><i>Note: All projects must be completed (all documents received, and project is ready for post inspection) by November 3, 2025, to be guaranteed for 2025 incentive rates.</i></b></p><p><b></b></p><p><b><u><a href=""https://cdnc-dcxprod2-sitecore.azureedge.net/-/media/files/coned/documents/save-energy-money/rebates-incentives-tax-credits/rebates-incentives-tax-credits-for-commercial-industrial-buildings-customers/commercial-and-industrial-program/program-manual.pdf?rev=eaadd6d81d0b446fb4cf1e9de766777e&amp;hash=444BF2A6E1260939D0894C5817A08A76"">See the program Manual for full listing of incentives</a></u><br/></b></p><p></p><p>Con Edison offers New York Commercial electric customers a rebate program for energy efficient equipment in buildings inside the eligible service area. All equipment must be installed by a participating contractor and installations may be inspected before incentive payments. Customers can schedule an energy efficiency survey to begin the program.<br/>&#10;&#9;<br/>&#10;&#9;The Commercial and Industrial Equipment Rebate and Custom Efficiency Programs offer incentives to directly metered electric customers in good standing.  Additionally, small businesses are eligible for direct-install incentives through Con Edison. This offering is separate from the standard commercial and industrial offerings and is only available to commercial customers with a monthly peak demand of 100-300kW.</p>","Incentive Amount: <b>Lighting</b><br>
Varies widely by type<br>
Performance-Based Incentive: $14 - $125/unit up to 50% of project cost<br><br>

<b>HVAC</b><br>
Unitary HVAC and Split Air systems: $75/ton <br>
Packaged Terminal AC/HP: $150 per ton <br>
Single-Packaged Vertical AC/HP: $0.30/kWh saved<br>
Variable Refrigerant Flow AC/HP: $0.30/kWh saved<br><br>

<b>Others</b><br>
Chillers: $0.30/kWh saved<br>
Air Compressors: $250/HP<br>
Window Film: $1/sq. ft.<br>
Pre-Rinse Spray valve: $15/unit <br>
Faucet Aerator: $2/unit<br>
Variable Frequency Drives: $0.19/kWh saved<br><br>

<b>Refrigeration</b><br>
Door Gasket: $0.19/kWh<br>
Night Cover: $0.19/kWh<br>
Anti-Condensation Heater Controls: $25/door<br>
Evaporator Fan Controls: $0.19/kWh<br><br>

<b>Custom</b><br>
Custom kWh Savings: $0.35/kWh<br><br>; Maximum Incentive: Prescriptive rebates: capped at 50% of the project cost <br>
Custom projects: capped at 50% of the project cost
Total incentives: $1,000,000 for electric, and $250,000 for gas.; Eligible System Size: ; Equipment Requirements: See program web site.; Installation Requirements: To receive rebate for installation, must be an existing directly metered commercial or industrial building, which pays the System Benefits Charge, and has not received an incentive from NYSERDA or another utility.; Ownership of Renewable Energy Credits: ",https://www.coned.com/en/save-money/rebates-incentives-tax-credits/rebates-incentives-tax-credits-for-commercial-industrial-buildings-customers/save-with-energy-efficiency-upgrades,"November 26, 2024",12/25/2009
22562,expired,True,NY,Financial Incentive,Rebate Program,State,NY-Sun PV Incentive Program (Commercial and Industrial),New York State Energy Research and Development Authority (NYSERDA),,,"<p>New York State Energy Research and Development Authority (NYSERDA) through NY-Sun Commercial/Industrial Incentive Program (<a href=""https://portal.nyserda.ny.gov/CORE_Solicitation_Detail_Page?SolicitationId=a0rt0000000QnDbAAK"">PON 3082</a>) provides performance-based incentives for installation by contractors of non-residential new grid connected solar photovoltaic (PV) systems that are ranging from 750kW to 7.5MW in the Upstate region. Incentives for residential sites in all regions, nonresidential sites 750 kW or less in Upstate and PEG Long Island regions, and nonresidential sites 7.5MW or less in Con Ed region are offered through the <a href=""https://programs.dsireusa.org/system/program/detail/701/ny-sun-pv-incentive-program-residential-low-income-and-small-business"">NY- Residential  &amp; Nonresidential program</a>. Incentives are awarded on a first-come, first serve basis, and project applications will be accepted through December 31, 2030, or until funds are fully committed, whichever comes first. </p><p><b>Eligibility</b></p><p></p><p>Incentives are provided to new customer-sited PV systems, greater than 750 kW per electric meter, that are grid connected and displace utility provided electricity. Funding for the NY-Sun program has been allocated by the New York State Clean Energy Fund (CEF) and Regional Greenhouse Gas Initiative (RGGI),  and the <a href=""https://documents.dps.ny.gov/public/MatterManagement/MatterFilingItem.aspx?FilingSeq=153128&amp;MatterSeq=44959"">Order Authorizing the Clean Energy Fund Framework</a>, dated January 21, 2016. An Order, dated May 14, 2020, authorizes additional CEF funds to achieve the goal of 6 GW by 2025. A further <a href=""https://documents.dps.ny.gov/public/MatterManagement/MatterFilingItem.aspx?FilingSeq=285437&amp;MatterSeq=44959"">Order</a>, dated April 14, 2022, authorized additional CEF funds to achieve the expanded goal of 10 GW by 2030.</p><p></p><p><b>Program Description</b></p><p></p><p>The program offers incentives based on the performance of the PV system as a function of annual energy production. The program also offers additional incentives for projects located on a landfill or brownfield, and Community Distributed Generation (CDG) solar projects that did not qualify for a Market Transition Credit (MTC) under the Value Stack. The Inclusive Community Solar Adder (ICSA) is also available for nonresidential CDG projects serving low-to-moderate income (LMI) subscribers, affordable housing, and other facilities serving disadvantaged communities. For projects with a capacity of 1 MW or greater that submit utility interconnection applications after 4/14/2022, incentives will be conditional on the developer paying prevailing wages for construction activities associated with project design and installation.</p><p><b>MW Blocks</b></p><p></p><p>Incentives are based on the Megawatt (MW) Block design that allocates specific incremental MW targets to specific regions of the state. NY-Sun assigns a certain amount of incentives to each of the three regions (ConEd, Long Island, and Upstate region). Each region is then broken into blocks that are designated an allocation of megawatts (MW) eligible for NY-Sun incentives. Incentives remain available until all blocks within a region/sector are fully subscribed. NY-Sun intends to phase out incentives within a reasonable time frame as market conditions become more favorable to solar. The MW block structure is designed to support solar markets in the areas where support is needed most, and decrease incentives as they become less necessary to a self-sustaining solar market throughout New York. Real time incentive amounts for the Upstate MW block can be viewed <a href=""https://www.nyserda.ny.gov/All-Programs/NY-Sun/Contractors/Dashboards-and-incentives/Upstate-Dashboard"">here</a>. </p><p><b>Incentive Amount</b></p><p>The base incentive for the project is based on two years of PV System Estimated Annual Energy Production using 13.4% capacity factor (CF) for fixed systems at the incentive associated with the block in which the project application is approved by NYSERDA.</p><p><b>Additional Incentives</b></p><p></p><p>As mentioned above, additional incentives are available if installations meet certain criteria. Ground mounted solar electric systems on brownfield or landfills are eligible to receive a $0.15/W incentive in addition to the standard incentive. Projects serving multifamily affordable housing properties will receive a total incentive of $1.00/W for the first 200kW of the project. CDG projects on eligible properties will receive an additional $0.15/W if the property is owned by a public housing authority or nonprofit organization with additional criteria. The ICSA is available for CDG projects serving LMI subscribers, affordable housing, residents of disadvantaged communities (DACs), and select nonprofits and public facilities located within and serving DACs. The current ICSA is $0.10/W. Real time ICSA incentive amounts can be viewed <a href=""https://www.nyserda.ny.gov/All-Programs/NY-Sun/Contractors/Dashboards-and-incentives/Inclusive-Community-Solar-Adder"">here</a>. </p><p><b>Contractor Requirements</b></p><p></p><p>Incentives are paid directly to the pre-approved contractor and must be applied in full to the cost of the PV system, thereby reducing the out-of-pocket cost to the customer. Interested parties with appropriate credentials can apply through the NY-Sun program <a href=""https://www.nyserda.ny.gov/All-Programs/NY-Sun/Contractors/How-to-Become-a-Participating-Contractor"">website</a> to register as a participating contractor. Participating contractors are responsible for installing the system, and submitting all required PV incentive applications to NYSERDA. </p><p></p><p></p><p></p><p></p>","Incentive Amount: Incentives based on MW blocks (as of July 2025):<br>
Upstate Region: fully allocated; Maximum Incentive: ; Eligible System Size: 750kW - 7.5 MW; Equipment Requirements: ; Installation Requirements: Must be installed by a NYSERDA approved contractor.; Ownership of Renewable Energy Credits: ",https://www.nyserda.ny.gov/All-Programs/NY-Sun,"July 2, 2025",11/15/2023
22098,expired,True,NY,Financial Incentive,Rebate Program,State,NYSERDA Residential and Retail Energy Storage Incentive Program,NYSERDA,,,"<p>In December 2018, the New York Public Service Commission (PSC) adopted a 1,500 MW energy storage target by 2025, and a 3,000 MW target (later updated to 6,000 MW) by 2030. As a part of the order, the PSC directed NYSERDA to develop incentives designed to meet the statewide energy storage goals. </p><p>The Residential and Retail Energy Storage Incentives program offers fixed-rate financial incentives for new grid-connected residential and commercial customers to install standalone energy storage or systems paired with a new or existing on-site renewable generation. Incentive applications will be accepted until the earlier of December 31, 2030, or until funds are fully committed. </p><p></p><p><span><b>Eligibility</b></span><br/></p><p></p><p>The energy storage projects must be smaller than 25 kWh (AC) for residential and may be up to 5 MW for retail. Retail projects must be either located behind a customer’s electric meter or interconnected directly to the distribution network, and must provide value to a customer under an IOU rate, such as offsetting demand charges, participating in a utility demand response program, or receiving compensation under the VDER tariff. Any energy storage technology including chemical, thermal, or mechanical systems are eligible. These systems can be stand alone projects, or can be paired with another distributed energy resource technology system such as solar PV. Experimental, beta or prototype equipment is not eligible. </p><p>Projects located in Long Island Power Authority's territory may be eligible for incentive in Q3 2019 subject to the availability of Regional Greenhouse Gas Initiative (RGGI) funds.</p><p>Following projects are not eligible for the program - i) projects that have executed a contract to participate in a non-wires alternative project on or before February 14, 2025, ii) projects previously awarded a NYSERDA retail incentive and iii) projects owned by IOUs, iv) projects in which the energy storage system is compensated under the Clean Energy Standard, v) projects that receive a Bulk Storage incentive or are awarded an IOU dispatch rights contract, and vi) behind-the-meter standalone energy storage projects serving retail, non-demand metered customers. </p><p>Systems must be designed and installed by participating contractors and builders who have entered into Residential and Retail Energy Storage Program Participation Agreements and are in good standing with the program. </p><p><span><b>Program description</b></span><br/></p><p><span></span></p><p>The incentives are structured as a fixed-rate incentive based on the storage systems capacity, measured in kWh. The incentives are designed based on capacity of storage installed in the region, tracked through separate MegaWatt Hours Block (MWh) websites for <a href=""https://www.nyserda.ny.gov/All-Programs/Energy-Storage-Program/Developers-and-Contractors/Residential-and-Retail-Storage-Incentives/Residential-Dashboard"">residential</a> and <a href=""https://www.nyserda.ny.gov/All-Programs/Energy-Storage-Program/Developers-and-Contractors/Residential-and-Retail-Storage-Incentives/Retail-Incentive-Dashboard"">retail</a> projects. As each capacity of allocated MWh for a region is installed, the incentive will decrease to a lower incentive at $/kWh rate.</p><p><span>The NYSERDA participating project contractor must submit the application, and will be awarded directly to the contractor to offset the cost of the system. Interested contractors to participate in the program can apply at </span><a href=""https://nyserda.my.site.com/apex/CORE_CONAPP_Program_Page?programFamily=Energy%20Storage&amp;programName=Energy_Storage"">NYSERDA website</a><span>. </span><br/></p><p></p><p>The energy storage system must be installed permanently and must carry at least 10 year manufacture warranty. </p>","Incentive Amount: Depends on the MWh block. As of Q2 2025- <Br>
Rest of the state: $200/kWh (residential); $175/kWh (retail) <Br>
New York City: $100/kWh - closed (retail) <Br>
Long Island: $250/kWh - closed (retail) <br>
Con Edison: $250/kWh (residential) <br>
Westchester Con Edison: $125/kWh (retail); Maximum Incentive: ; Eligible System Size: Up to 25 kWh per residential project and up to 5 MW for retail projects; Equipment Requirements: The storage equipment must consist of commercial products carrying at least a 10 year manufacturer’s warranty that covers the entire system. Installations must be compliance with the requirements in the Battery Energy Storage Guidebook published by NYSERDA.; Installation Requirements: Must be installed by a participating contractor; Ownership of Renewable Energy Credits: Not Applicable",https://www.nyserda.ny.gov/All-Programs/Energy-Storage-Program/Developers-and-Contractors/Residential-and-Retail-Storage-Incentives,"July 2, 2025",06/15/2019
22657,expired,True,NY,Financial Incentive,Grant Program,State,New York - National Electric Vehicle Infrastructure (NEVI) Formula Grant Program,New York Department of Transportation,,,"<p><b><i>Note: <a href=""https://www.congress.gov/117/plaws/publ58/PLAW-117publ58.pdf#page=993"">The Federal Infrastructure Investment and Jobs Act (IIJA)</a> created the <a href=""https://www.fhwa.dot.gov/environment/nevi/"">National Electric Vehicle Infrastructure (NEVI) Formula Grant Program</a> with a total budget of $5 billion. Each state was allocated a share of that total to help build out a national network of electric vehicle charging stations along designated alternative fuel corridors (AFCs). With some limited exceptions, EV charging stations funded through the NEVI program should be spaced 50 miles apart and within one mile of the Interstate exit or highway.</i></b></p><p>In the initial <a href=""https://www.fhwa.dot.gov/environment/nevi/ev_deployment_plans/ny_nevi_plan.pdf"">NEVI plan</a>, the New York State Department of Transportation (NYSDOT), along with the New York State Energy and Research Development Authority (NYSERDA), noted that it is considering using NEVI funding to complement existing EV programs in the state (e.g. Make-Ready, EVolve, and the Volkswagen Settlement), to implement incentives for operations and maintenance, to provide capital for installations, or to further workforce development. New York has 21 alternative fuel corridors, three of which end at an international border crossing. In July 2023, the NYSDOT submitted the state's <a href=""https://www.nyserda.ny.gov/-/media/Project/Nyserda/Files/Programs/ChargeNY/National-Electric-Vehicle-Infrastructure-Formula-Program-Deployment-Plan.pdf"">NEVI plan update</a>. The update further aligns and articulates the state partner agency efforts and establishes primary and complementary goals and next steps, including how the state will achieve AFC build out efficiently and effectively, support medium- and heavy-duty EV charging, and light-duty EV charging beyond the AFCs. In October 2023, the state received its <a href=""https://www.fhwa.dot.gov/environment/nevi/ev_deployment_plans/ny-approval-letter-fy24.pdf?rev=2"">FY24 Approval Letter</a> from the DOT. In this letter, the FHWA granted several exceptions for locations on I-84, I-87, I-86, and I-90. The FHWA also determined exceptions were not needed for locations on I-87/I-287, SR-27, and I-490.</p>","Incentive Amount: Varies, grants are awarded competitively; Maximum Incentive: Varies, grants are awarded competitively; Equipment Requirements: Projects must meet the standards established by <a href=""https://www.govinfo.gov/content/pkg/FR-2023-02-28/pdf/2023-03500.pdf"">23 CFR Part 680</a>; Installation Requirements: ",https://www.nyserda.ny.gov/All-Programs/ChargeNY/Charge-Electric/Charging-Station-Programs/National-Electric-Vehicle-Infrastructure-Program,"June 26, 2024",06/18/2024
22649,expired,True,OH,Financial Incentive,Grant Program,State,Ohio - National Electric Vehicle Infrastructure (NEVI) Formula Grant Program,DriveOhio,,,"<p><b><i>Note: The <a href=""https://www.congress.gov/117/plaws/publ58/PLAW-117publ58.pdf#page=993"">Federal Infrastructure Investment and Jobs Act (IIJA) </a>created the <a href=""https://www.fhwa.dot.gov/environment/nevi/"">National Electric Vehicle Infrastructure (NEVI) Formula Grant Program</a> with a total budget of $5 billion. Each state was allocated a share of that total to help build out a national network of electric vehicle charging stations along designated alternative fuel corridors (AFCs). With some limited exceptions, EV charging stations funded through the NEVI program should be spaced 50 miles apart and within one mile of the Interstate exit or highway.</i></b></p><p></p><p>Ohio has conducted two rounds of NEVI funding so far, with awards for the first round, for 23 locations, being announced in July 2023; the second round awards, for 26 locations, were planned to be announced in May 2024 but are not yet available on the program website. A Request for Proposals for a third round of funding, for 15 locations, is expected in late Summer 2024. More details on Ohio's NEVI process can be found in the <a href=""https://drive.ohio.gov/wps/wcm/connect/gov/36995384-a904-49a9-a8bc-66dab2e0b7f7/DriveOhio_NEVI_Plan_2023-05-31.pdf?MOD=AJPERES&amp;CONVERT_TO=url&amp;CACHEID=ROOTWORKSPACE.Z18_K9I401S01H7F40QBNJU3SO1F56-36995384-a904-49a9-a8bc-66dab2e0b7f7-oxSFrV5"">Ohio Electric Vehicle Infrastructure Deployment Plan</a>.</p><p></p><p><br/></p>","Incentive Amount: Varies, grants are awarded competitively; Maximum Incentive: Varies, grants are awarded competitively; Equipment Requirements: Projects must meet the standards established by 23 CFR Part 680; Installation Requirements: ",https://drive.ohio.gov/programs/electric/infrastructure/nevi/nevi,"June 13, 2024",06/13/2024
4217,expired,True,OH,Financial Incentive,Property Tax Incentive,State,Qualified Energy Property Tax Exemption for Projects 250 kW or Less,Ohio Development Services Agency,,,"<p><b>Note: According to the Ohio Development Services Agency website, the owner or lessee subject to the sale-leaseback transaction must apply to Development Services Agency on or before December 31, 2028, to qualify for this tax credit.</b></p><p>&#10;&#9;Ohio's Renewable and Advanced Energy Project Property Tax Exemption, enacted with the passage of Ohio S.B. 232 in the summer of 2010, exempts qualified energy projects in Ohio from public utility tangible personal property taxes and real property taxes.<br/>&#10;&#9;<br/>&#10;&#9;Per Ohio Revision Code 5709.53, qualified energy systems of 250 kilowatts (kW) or less will not be subject to payment in lieu of property tax. For qualified energy projects larger than 250 kW, see the DSIRE entry <a href=""http://programs.dsireusa.org/system/program/detail/4311"">Qualified Energy Property Tax Exemption for Projects over 250 kW (Payment in Lieu) </a>for additional details.<br/>&#10;&#9;<br/>&#10;&#9;Energy facilities with a nameplate capacity of 250 kilowatts (kW) or less (AC) are permanently exempt from public utility tangible personal property tax and real property taxes. Energy facilities are defined as interconnected solar, wind, or other tangible property used to generate electricity. Under this law, the interconnection equipment, cables, devices, and the land (limited to up to 1/2 acre per wind turbine) are also exempt. Energy facilities built after January 1, 2010, are eligible for this treatment.<br/>&#10;&#9;<br/>&#10;&#9;Visit the Ohio Development Services Agency's website for additional information, implementation documents, and program documents.</p>",Incentive Amount: 100% exemption; Maximum Incentive: ; Eligible System Size: 250 kW or less; Equipment Requirements: ,https://development.ohio.gov/business/state-incentives/qualified-energy-project-tax-exemption,"September 30, 2025",06/22/2010
4311,expired,True,OH,Financial Incentive,Property Tax Incentive,State,Qualified Energy Property Tax Exemption for Projects over 250 kW (Payment in Lieu),Ohio Development Services Agency and local county commissioners,,,"<div><b>The Qualified Energy Project Tax Exemption</b><br/></div><div><br/> This program provides owners (or lessees) of renewable energy projects with an exemption from the public utility tangible personal property tax. A person may apply to the director of development for certification of an energy project as a qualified energy project on or before December 31, 2028, for an energy project using renewable energy resources<br/><br/></div><div><b>For Whom</b></div><br/>In order to qualify, the owner or lessee subject to sale leaseback transaction must apply to the Ohio Department of Development on or before December 31, 2028 for renewable energy projects.<br/><br/>Large projects (above 20 mega-watts) require approval from each Board of County Commissioners in which the project is located. In addition, these large projects require agreements to train and equip local emergency responders, as well as repair roadway infrastructure following the construction of the project. Small projects (less than 250 kilowatts) are exempt as a matter of law pursuant to Ohio Revised Code Section 5709.53<br/><br/><b>Benefits</b><br/><br/>If the project meets the requirements of the exemption, then the Director of Development will certify the project as a &#34;Qualify Energy Project.&#34; Qualified Energy Projects will remain exempt from taxation so long as the project is completed within the statutory deadlines, meets the &#34;Ohio Jobs Requirement,&#34; and continues to meet several ongoing obligations including providing Development with project information on an annual basis.<br/><br/><b>How to Apply</b><br/><br/>Potential applicants should review the revised rules to determine whether they should file an application to become a Qualified Energy Project. Check the <u><b><a href=""https://codes.ohio.gov/ohio-revised-code/section-5727.75"">Revised Ohio Code</a></b></u> and the <b><u><a href=""https://codes.ohio.gov/ohio-administrative-code/122:23"">Ohio Administrative Code</a></u></b>.<br/><br/><b>Payment in Lieu</b><br/><p>&#10;&#9;In lieu of taxes, the following payments must be made to the county where the renewable energy facility is located:</p>&#10;<ul>&#10;&#9;<li>&#10;&#9;&#9;Solar energy facilities: $7,000 per megawatt (MW)</li>&#10;&#9;<li>&#10;&#9;&#9;All other qualified facilities employing at least 75% Ohio-based employees during construction: $6,000/MW</li>&#10;&#9;<li>&#10;&#9;&#9;All other qualified facilities employing at least 60% Ohio-based employees during construction: $7,000/MW</li>&#10;&#9;<li>&#10;&#9;&#9;All other qualified facilities employing at least 50% Ohio-based employees during construction: $8,000/MW</li>&#10;</ul>&#10;<p>&#10;&#9;The property tax exemption must be approved by local county commissioners if the project is 20 MW or larger. Local county commissioners are allowed to require an additional payment as long as the overall payment does not exceed $9,000 per MW. In addition, the law requires that the renewable energy facility 1) meets certain jobs-creation criteria, 2) provides for road repairs (for projects 5 MW or more), 3) provides training and equipment to local first responders (for projects 5 MW or more), 4) establishes partnerships with universities (for projects 2 MW or more), and 5) makes offers to sell the renewable energy credits to Ohio utilities seeking to buy them.<br/>&#10;&#9;<br/>&#10;&#9;Visit the ODSA web site for additional information, implementation documents, program documents and the application.</p>&#10;<p>&#10;&#9;<br/>&#10;&#9;*<i>S.B. 232 permanently exempted renewable energy facilities up to and including 250 kW from the public utility tangible personal property tax. See DSIRE entry <a href=""http://programs.dsireusa.org/system/program/detail/4217"">Qualified Energy Property Tax Exemption for Projects 250 kW or Less</a> for additional details.</i></p>",Incentive Amount: 100% property tax exemption; payment in lieu of tax required; Maximum Incentive: ; Eligible System Size: Systems greater than 250 kW; Equipment Requirements: ,https://development.ohio.gov/business/state-incentives/qualified-energy-project-tax-exemption,"September 30, 2025",08/24/2010
22659,expired,True,OR,Financial Incentive,Grant Program,State,Oregon - National Electric Vehicle Infrastructure (NEVI) Formula Grant Program,Oregon Department of Transportation,,,"<p><b><i>Note: <a href=""https://www.congress.gov/117/plaws/publ58/PLAW-117publ58.pdf#page=993"">The Federal Infrastructure Investment and Jobs Act (IIJA)</a> created the <a href=""https://www.fhwa.dot.gov/environment/nevi/"">National Electric Vehicle Infrastructure (NEVI) Formula Grant Program</a> with a total budget of $5 billion. Each state was allocated a share of that total to help build out a national network of electric vehicle charging stations along designated alternative fuel corridors (AFCs). With some limited exceptions, EV charging stations funded through the NEVI program should be spaced 50 miles apart and within one mile of the Interstate exit or highway.</i></b></p><p></p><p>Oregon's <a href=""https://www.oregon.gov/odot/climate/Documents/Oregon%20NEVI%20EV%20State%20Plan.pdf"">NEVI Plan</a> was developed jointly by the Oregon Department of Transportation (ODOT) and the Oregon Department of Energy (ODOE). ODOT's deployment strategy is expected to evolve throughout the five-year program, building off of lessons learned. ODOT plans to partner with the private sector, rather than owning and maintaining the EV charging stations. In June 2023, ODOT opened the solicitation process for the Year One NEVI projects, requesting statements of qualification for EV infrastructure work In September 2023, the state received approval of its <a href=""https://www.oregon.gov/odot/climate/Documents/Final%20for%20Submission_Oregon%20DOT%20FY%202024%20NEVI%20State%20Plan.pdf"">updated state plan</a>. In June 2024, NOFOs were issued for Round 1 NEVI work on <a href=""https://www.oregon.gov/odot/climate/Documents/ODOT_Notice_of_Funding_Opportunity_Interstate_205%5b1%5d.pdf"">Interstate 205</a>, <a href=""https://www.oregon.gov/odot/climate/Documents/ODOT_Notice_of_Funding_Opportunity_U.S._97%5b1%5d.pdf"">US 97</a>, and <a href=""https://www.oregon.gov/odot/climate/Documents/ODOT_Notice_of_Funding_Opportunity_Interstate_5%5b1%5d.pdf"">Interstate 5</a> south of Eugene with applications due in August.</p><p></p>","Incentive Amount: Varies, grants are awarded competitively; Maximum Incentive: Varies, grants are awarded competitively; Equipment Requirements: Projects must meet the standards established by <a href=""https://www.govinfo.gov/content/pkg/FR-2023-02-28/pdf/2023-03500.pdf"">23 CFR Part 680</a>; Installation Requirements: ",https://www.oregon.gov/odot/climate/pages/nevi.aspx,"June 25, 2024",06/19/2024
22725,expired,True,RI,Financial Incentive,Rebate Program,State,Rhode Island – Home Electrification and Appliance Rebate (HEAR) Program,Office of Energy Resources,,,"<p><i><b>Note: The Federal Inflation Reduction Act (IRA) created the Home Electrification and Appliance Rebate (HEAR) Program. The IRA established the main parameters for this program, but allowed the states to customize the program to meet their state-specific needs. The program is designed to award rebates for purchase of qualifying home electrification equipment and appliances. Residents earning less than 80% of the Area Median Income (<a href=""https://www.huduser.gov/portal/datasets/il.html"">AMI</a>) can receive the full rebate amount, and residents earning between 80% and 150% AMI can receive a partial rebate. See summary below and program website for complete details.</b></i></p><p><i><b>Rhode Island is launching the HEAR program in phases. As of December 2024, only the low-income track (80% AMI threshold) is available. The moderate-income track (150% AMI threshold) is expected in 2025.</b></i></p><p>The Rhode Island Office of Energy Resources, will receive $32 million in federal funding for the HEAR Program. Incentives are available to owners of single-family homes, owners of multi-family homes, and renters with landlord permission who earn less than 80% of their county’s AMI or who participate in certain state or federal benefit programs. Rhode Island is partnerning with local <a href=""https://www.ricommunityaction.org/"">Community Action Agencies</a> to review resident eligibility and provide incentives for the low-income track.<br/></p><p>Incentives are available for:</p><ul><li>Electric Load Service Center (electric panel upgrades): up to $4,000 for low-income; up to $2,000 for moderate-income</li><li>Electric Wiring: up to $2,500 for low-income; up to $1,250 for moderate-income</li><li>Heat Pump Clothes Dryer: up to $840 for low-income; up to $420 for moderate income</li><li>Electric Stove, Induction Cooktop, Range, or Oven (switching from a non-electric model): up to $840 for low-income; up to $420 for moderate income<br/><br/><br/></li></ul>","Incentive Amount: Low-Income:<br>
Electric Load Service Center: up to $4,000<br>
Electric Wiring: up to $2,500<br>
Heat Pump Clothes Dryer: up to $840<br>
Electric Stove, Induction Cooktop, Range, or Oven (switch from non-electric model): up to $840; Maximum Incentive: Not specified; Eligible System Size: Not specified; Equipment Requirements: Equipment must be ENERGY STAR certified; Installation Requirements: Equipment must be installed by an authorized program contractor; Ownership of Renewable Energy Credits: N/A",https://energy.ri.gov/energy-incentives/home-energy-rebate-program,"May 20, 2025",12/12/2024
22665,expired,True,SC,Financial Incentive,Grant Program,State,South Carolina - National Electric Vehicle Infrastructure (NEVI) Formula Grant Program,South Carolina Department of Transportation,,,"<p><b><i>Note: <a href=""https://www.congress.gov/117/plaws/publ58/PLAW-117publ58.pdf#page=993"">The Federal Infrastructure Investment and Jobs Act (IIJA)</a> created the <a href=""https://www.fhwa.dot.gov/environment/nevi/"">National Electric Vehicle Infrastructure (NEVI) Formula Grant Program</a> with a total budget of $5 billion. Each state was allocated a share of that total to help build out a national network of electric vehicle charging stations along designated alternative fuel corridors (AFCs). With some limited exceptions, EV charging stations funded through the NEVI program should be spaced 50 miles apart and within one mile of the Interstate exit or highway.</i></b></p><p>The South Carolina Department of Transportation (SCDOT) is the lead agency for South Carolina's NEVI plan. It submitted South Carolina's initial <a href=""https://www.scdot.org/business/pdf/FINAL_SC%20NEVI%20Plan_08012022.pdf"">NEVI Plan</a> to the federal Joint Office of Energy and Transportation on August 1, 2022, and its <a href=""https://www.scdot.org/business/pdf/FINAL_SC%20NEVI%20Plan_08012023.pdf"">2023 Update</a> was submitted on August 1, 2023. </p><p>SCDOT's preliminary analysis anticipates that the state will need 16 charging stations to achieve NEVI compliance. SCDOT will initially prioritize development in the rural sections of the state's interstate network. SCDOT had a kickoff webinar in April 2024. As of June 2024, SCDOT is still developing their procurement process, but anticipates the process beginning in late 2024. </p>","Incentive Amount: Varies, grants are awarded competitively; Maximum Incentive: Varies, grants are awarded competitively; Equipment Requirements: Projects must meet the standards established by <a href=""https://www.govinfo.gov/content/pkg/FR-2023-02-28/pdf/2023-03500.pdf"">23 CFR Part 680</a>; Installation Requirements: Projects must meet the standards established by <a href=""https://www.govinfo.gov/content/pkg/FR-2023-02-28/pdf/2023-03500.pdf"">23 CFR Part 680</a>",https://southcarolina-ev.com/,"June 21, 2024",06/21/2024
22660,expired,True,SD,Financial Incentive,Grant Program,State,South Dakota - National Electric Vehicle Infrastructure (NEVI) Formula Grant Program,South Dakota Department of Transportation,,,"<p><b><i>Note: <a href=""https://www.congress.gov/117/plaws/publ58/PLAW-117publ58.pdf#page=993"">The Federal Infrastructure Investment and Jobs Act (IIJA)</a> created the <a href=""https://www.fhwa.dot.gov/environment/nevi/"">National Electric Vehicle Infrastructure (NEVI) Formula Grant Program</a> with a total budget of $5 billion. Each state was allocated a share of that total to help build out a national network of electric vehicle charging stations along designated alternative fuel corridors (AFCs). With some limited exceptions, EV charging stations funded through the NEVI program should be spaced 50 miles apart and within one mile of the Interstate exit or highway.</i></b></p><p></p><p>In its original <a href=""https://www.fhwa.dot.gov/environment/nevi/ev_deployment_plans/sd_nevi_plan.pdf"">NEVI plan</a>, the South Dakota Department of Transportation (SDDOT) expects a minimum of 13 additional NEVI-Compliant charging locations will be needed to meet the program requirements of a 50 mile maximum distance between charging locations. The Department expects this phase to begin no sooner than 2024. SDDOT will create an application process for third parties to provide the matching funds to design, install, and maintain the needed charging infrastructure on South Dakota's AFCs. In FY 2026, SDDOT expects to complete its AFC-ready requirements and begin deployments in non-AFC locations (e.g. US and State highways). In August 2023, the state submitted its <a href=""https://dot.sd.gov/media/documents/SD%20DOT%20EV%20Implementation%20Plan%202023%20clean%208%201%202023_508%20Review.pdf"">2023 plan update</a> which provided a status of the state's NEVI plan, but no plan changes from previous years.</p><p></p>","Incentive Amount: Varies, grants are awarded competitively; Maximum Incentive: Varies, grants are awarded competitively; Equipment Requirements: Projects must meet the standards established by <a href=""https://www.govinfo.gov/content/pkg/FR-2023-02-28/pdf/2023-03500.pdf"">23 CFR Part 680</a>; Installation Requirements: ",https://dot.sd.gov/ev,"June 25, 2024",06/19/2024
22474,expired,True,US,Financial Incentive,Corporate Tax Credit,Federal,Alternative Fuel Vehicle Refueling Property Tax Credit (Corporate),,,,"<p><b><i>Note: Section 70504 of The One Big Beautiful Bill (<a href=""https://www.congress.gov/119/bills/hr1/BILLS-119hr1enr.pdf#page=180"">OBBB</a>) repealed this tax credit for equipment placed in service after June 30, 2026. </i></b></p>&#10;<p><span>P</span><span>rior to enactment of the OBBB, Section 13404 of The Inflation Reduction Act of 2022 (</span><a href=""https://www.congress.gov/117/bills/hr5376/BILLS-117hr5376enr.pdf"">H.R. 5376</a><span>) modified and extended the expiration date for the Alternative Fuel Vehicle Refueling Property Credit. Among other changes, it reduced the base tax credit from 30% to 6%, but allows the full 30% for projects that meet certain labor standards. The summary below described the credit as modified by H.R. 5376. </span></p><p>Qualified alternative fuel vehicle refueling equipment, including electric vehicle charging equipment, is eligible for a tax credit of 6% up to $100,000 for each single item of property. Projects that meet the following wage and apprenticeship requirements are entitled to a larger tax credit of 30%. The taxpayer must ensure that all laborers and mechanics employed by the taxpayer or any contractor or subcontractor engaged in building the project be paid prevailing wages. The project must also employ a certain percentage of apprentices. The project must also be located in a census tract described in section 45D(e) of the IRS Code, or not in an urban area. The IRS website above includes a tool to help users find eligible census tracts. </p><p>According to law, the labor provisions apply to projects for which construction begins 60 days or more after Treasury publishes its guidance. Given the publishing date of November 30, 2022, the effective date for the labor provisions is January 30, 2023. </p><p><span>Section 13801 of The Inflation Reduction Act of 2022 also established procedures for other parties to monetize certain tax credits, including this one, for equipment placed in service on or after January 1, 2023 and through December 31, 2032. </span></p><p><span>The <u>direct pay</u> option allows non-taxable entities to directly monetize certain tax credits. The provisions apply to nonprofits, a state or political subdivision thereof, the Tennessee Valley Authority, Indian tribal governments (as defined in Section 30D(g)(9)), any Alaska Native Corporation (as defined in Section 3 of the Alaska Native Claims Settlement Act), or any corporation operating on a cooperative basis which is engaged in furnishing electric energy to persons in rural areas. Such applicable entities can elect to be treated as having made a tax payment equal to the value of the tax credit they would otherwise be eligible to claim. The entity can then claim a refund for the excess taxes they are deemed to have paid. The option effectively makes this tax credit refundable for these entities. </span><br/></p><p><span>The act also allows eligible taxpayers to <u>transfer</u> all or a portion of their eligible tax credits to an unrelated taxpayer. Transfers must be reported to IRS and only one transfer is permitted. Must be elected no later than the due date for tax filing for the tax year the tax credit is claimed.</span><br/></p><p><br/></p><p><br/></p><p></p><p><br/></p>","Incentive Amount: 6% for projects that do not meet specified labor standards<br />
30% for projects that do meet specified labor standards; Maximum Incentive: $100,000 for each single item of property; Eligible System Size: ; Equipment Requirements: The project must be located in a census tract described in section 45D(e) of the IRS Code, or not in an urban area.; Installation Requirements: ; Carryover Provisions: ",https://www.irs.gov/credits-deductions/alternative-fuel-vehicle-refueling-property-credit,"July 25, 2025",08/18/2022
1271,expired,True,US,Financial Incentive,Corporate Tax Deduction,Federal,Energy-Efficient Commercial Buildings Tax Deduction,U.S. Internal Revenue Service,,,"<p><b><i>Note: Section 70507 of The One Big Beautiful Bill (<a href=""https://www.congress.gov/119/bills/hr1/BILLS-119hr1enr.pdf#page=180"">OBBB</a>) repealed this tax credit for property the construction of which begins after June 30, 2026.</i></b></p>&#10;<p><span>The federal Energy Policy Act of 2005 established a tax deduction for energy-efficient commercial buildings applicable to qualifying systems and buildings placed in service from January 1, 2006, through December 31, 2007. This deduction was subsequently extended several times, and is now permanent.</span></p><p>A tax deduction is available to owners of qualified commercial buildings and designers of energy efficient commercial building property (EECBP) or energy efficient commercial building retrofit property (EEBRP) installed in buildings owned by specified tax-exempt entities, including certain government entities, Indian tribal governments, Alaska Native Corporations, and other tax-exempt organizations. </p><p>EECBP must be installed on or in a building that is located in the U.S. and within the scope of a specified ASHRAE 90.1 and the Illuminating Engineering Society of North America. Additionally, the property must be installed as part of the interior lighting systems, <span>the heating, cooling, ventilation, and hot water systems, or </span><span>the building envelope. It also must be certified as being installed as part of a plan to reduce the total annual energy and power costs for the above systems by 25% or more in comparison to a reference building meeting the minimum requirements of ASHRAE 90.1.</span></p><p>For EEBRP projects, a qualified building is a building located in the U.S. and originally placed in service not less than 5 years before the establishment of a qualified retrofit plan for the building.</p><p><b>Base Deduction</b></p><p>For property placed in service in 2023 and after, the deduction for EECBP equals the lesser of the cost of the installed property or a dollar figure determined by the square footage of the building and the calculated energy savings. The dollar figure is $0.50 per square foot for a building with 25% energy savings, plus $0.02 per square foot for each percentage point above 25%, up to a maximum of $1.00 per square foot for a building with 50% energy savings.</p><p><b>Bonus Deduction</b></p><p>Projects that meet the labor requirements detailed in the Inflation Reduction Act and <a href=""https://www.govinfo.gov/content/pkg/FR-2022-11-30/pdf/2022-26108.pdf"">IRS Notice 2022-61</a> can qualify for a higher deduction equal to $2.50 per square foot for a building with 25% energy savings, plus $0.10 per square foot for each percentage point above 25%, up to a maximum of $5.00 per square foot for a building with 50% energy savings.</p>","Incentive Amount: Building Projects That Do Not Meet the Labor Provisions: <br />
$0.50 per square foot for a building with 25% energy savings, plus $0.02 per square foot for each percentage point above 25%, up to a maximum of $1.00 per square foot for a building with 50% energy savings<br /><br />
Building Projects That Do Meet the Labor Provisions: <br />
$2.50 per square foot for a building with 25% energy savings, plus $0.10 per square foot for each percentage point above 25%, up to a maximum of $5.00 per square foot for a building with 50% energy savings; Maximum Incentive: Project cost or $5.00 per square foot, whichever is less; Equipment Requirements: ",https://www.irs.gov/credits-deductions/energy-efficient-commercial-buildings-deduction,"July 25, 2025",01/10/2006
1272,expired,True,US,Financial Incentive,Corporate Tax Credit,Federal,Energy-Efficient New Homes Tax Credit for Home Builders,U.S. Internal Revenue Service,,,"<p><b><i>Note: Section 70508 of The One Big Beautiful Bill (<a href=""https://www.congress.gov/119/bills/hr1/BILLS-119hr1enr.pdf#page=180"">OBBB</a>) repealed this tax credit for homes constructed and acquired after June 30, 2026. </i></b></p><p><b><br/></b></p><p><b>Tax Credit for homes constructed and acquired before January 1, 2023:</b></p><p>The federal Energy Policy Act of 2005 established tax credits of up to $2,000 for builders of all new energy-efficient homes, including manufactured homes constructed in accordance with the Federal Manufactured Homes Construction and Safety Standards. Initially scheduled to expire at the end of 2007, the tax credit was extended several times</p><p>The home qualifies for the credit if:</p>&#10;<ul>&#10;&#9;<li>&#10;&#9;&#9;It is located in the United States;</li>&#10;&#9;<li>&#10;&#9;&#9;Its construction is substantially completed before December 31, 2021;</li>&#10;&#9;<li>&#10;&#9;&#9;It meets the energy saving requirements outlined in the statute; and</li>&#10;&#9;<li>&#10;&#9;&#9;It is acquired from the eligible contractor after December 31, 2013, and before January 1, 2022, for use as a residence.</li>&#10;</ul>&#10;<p>&#10;&#9;<b>Energy Saving Requirements</b><br/>&#10;&#9;Site-built homes qualify for a $2,000 credit if they are certified to reduce heating and cooling energy consumption by 50% relative to the International Energy Conservation Code (IECC) 2006 and meet minimum efficiency standards established by the Department of Energy. Building envelope component improvements must account for at least one-fifth of the reduction in energy consumption.<br/>&#10;&#9;<br/>&#10;&#9;Manufactured homes qualify for a $2,000 credit if they conform to Federal Manufactured Home Construction and Safety Standards and meet the energy savings requirements of site-built homes described above. Manufactured homes qualify for a $1,000 credit if they conform to Federal Manufactured Home Construction and Safety Standards and reduce energy consumption by 30% relative to IECC 2006. In this case, building envelope component improvements must account for at least one-third of the reduction in energy consumption. Alternatively, manufactured homes can also qualify for a $1,000 credit if they meet ENERGY STAR Labeled Home requirements.<br/>&#10;&#9;<br/>&#10;&#9;<b>Certification</b><br/>&#10;&#9;The Internal Revenue Service (IRS) has issued guidance to provide information about the certification process that a builder must complete to qualify for the credit. The guidance also provides for a public list of software programs that may be used in calculating energy consumption for purposes of obtaining a certification.<br/>&#10;&#9;<br/>&#10;&#9;<a class=""summarylink"" href=""http://www.irs.gov/pub/irs-drop/n-06-27.pdf"" target=""_blank"" title=""IRS Notice"">IRS Notice 2006-27</a> provides guidance for the credit for building energy-efficient homes other than manufactured homes. <a class=""summarylink"" href="" http://www.irs.gov/pub/irs-drop/n-06-28.pdf"" target=""_blank"" title=""IRS Notice"">IRS Notice 2006-28</a> provides guidance for the credit for building energy-efficient manufactured homes. Click <a class=""summarylink"" href=""http://www.irs.gov/pub/irs-pdf/f8908.pdf"" target=""_blank"" title=""IRS Form 8908"">here</a> to access IRS Form 8908: Energy Efficient Home Credit.<br/></p><p><span><br/></span></p><p><span><b>Tax Credit for homes constructed and acquired after December 31, 2022 and before January 1, 2026:</b></span><br/></p><p>The Inflation Reduction Act of 2022 established new eligibility criteria for this tax credit, different tax credit values, and opportunities for bonus credits for multifamily units. The IRS issued a new guidance document, <a href=""https://www.irs.gov/pub/irs-drop/n-23-65.pdf"">IRS Notice 2023-65</a>, in September 2023. The new guidance addresses the person that is eligible for the credit, how to <span>determine the applicable amount of the credit, energy saving requirements, </span><span>certification requirements, and substantiation requirements. </span></p><p>Single-family homes and manufactured homes that meet the applicable Energy Star requirements can receive a tax credit of <b>$2,500</b>. Single-family homes acquired before January 1, 2025 must meet the Energy Star Single-Family New Homes National Program Requirements 3.1, and homes acquired after December 31, 2024 must meet the Energy Star Single-Family New Homes National Program Requirements 3.2. Manufactured homes must meet the most recent Energy Star Manufactured Home National program requirements as in effect on the latter of January 1, 2023 or January 1 of two calendar years prior to the date the home is acquired.  </p><p>Single Family homes and manufactured that are certified as a zero energy ready home under the Zero Energy Ready Home Program of the U.S. Department of Energy can receive a tax credit of <b>$5,000</b>. </p><p>Multifamily homes that meet the applicable Energy Star Multifamily New Construction Program requirements can receive a tax credit of <b>$500 per unit</b>. Multifamily homes that meet the applicable Energy Star Multifamily New Construction Program requirements and pay prevailing wages to the laborers and mechanics employed to construct the building can receive a higher tax credit of <b>$2,500 per unit</b>.</p><p>Multifamily homes that are certified as a zero energy ready home under the Zero Energy Ready Home Program of the U.S. Department of Energy can receive a tax credit of <b>$1,000 per unit</b>. Multifamily homes that are certified as a zero energy ready home under the Zero Energy Ready Home Program of the U.S. Department of Energy and pay prevailing wages to the laborers and mechanics employed to construct the building can receive a higher tax credit of <b>$5,000 per unit</b>.</p><p><br/></p><p><br/></p>","Incentive Amount: Varies, see summary below; Maximum Incentive: $5,000; Eligible System Size: ; Equipment Requirements: ; Installation Requirements: ; Carryover Provisions: ",,"July 25, 2025",01/10/2006
1274,expired,True,US,Financial Incentive,Personal Tax Credit,Federal,Residential Energy Efficiency Tax Credit,U.S. Internal Revenue Service,,,"<p><b><i>Note: Section 70505 of The One Big Beautiful Bill (<a href=""https://www.congress.gov/119/bills/hr1/BILLS-119hr1enr.pdf#page=180"">OBBB</a>) repealed this tax credit for equipment placed in service after December 31, 2025. </i></b></p>&#10;<p><b><u>Property placed in service after 12/31/2022 and before 1/1/2026:</u></b></p><p><span>H.R. 5376 of 2022 modified the value of this tax credit, making it 30% of the cost of an item or improvement. Each item or improvement has a separate tax credit cap as shown below, and a taxpayer cannot claim more than $1,200 in total tax credits per year, except as specified. </span><br/></p><p><span><b><i>Building Envelope Improvements</i></b></span><br/></p><p>Owners of existing homes may receive a tax credit worth 30% of the cost of upgrading the efficiency of the building's envelope. Installation (labor) costs are not included and, the improvement must meet the specified efficiency standards. The following improvements are eligible for the tax credit:</p><ul><li>Exterior windows and skylights: $600 maximum per year. Must meet Energy Star’s most efficient certification requirement</li><li>Exterior doors: $250 maximum for each door, $500 maximum for all doors per year. Must meet applicable Energy Star requirements</li><li>Insulation materials, air sealing materials, or systems designed to reduce a home's heat loss or gain: $1200 maximum per year. Must meet the prescriptive requirements established in the most recent International Energy Conservation Code</li></ul><p><span><b><i><br/></i></b></span></p><p><span><b><i>Qualified Energy Property</i></b></span><br/></p><p>Taxpayers who purchase qualified residential energy-efficient property may be eligible for a tax credit. The equipment must meet or exceed the highest efficiency tier (not including any advanced tier) established by the Consortium for Energy Efficiency which is in effect as of the beginning of the calendar year in which the equipment is placed in service, and/or any additional standards specified below. The credit is equal to 30% of the cost of the equipment. Note, heat pumps, heat pump water heaters, and biomass stoves have caps that exceed the otherwise $1,200 cap for this credit:</p><ul><li>A natural gas or electric heat pump water heater: $2,000 maximum credit</li><li>An electric or natural gas heat pump: $2,000 maximum credit</li><li><span>A central air conditioner: $600 maximum credit</span></li><li>A natural gas, propane, or oil water heater: $600 maximum credit </li><li>A natural gas, propane, or oil furnace or hot water boiler that meets additional requirements: : $600 maximum credit</li><li>A biomass stove with a thermal efficiency rating of at least 75% that is used to heat a dwelling or water: $2,000 maximum credit</li><li>Any improvement to or replacement of a panelboard, sub-panelboard, branch circuits, or feeders which is installed in accordance with the National Electric Code, has a load capacity of not less than 200 amps, is installed in conjunction with any qualified energy efficiency improvement: $600 maximum credit</li></ul><p><b><u>______________________________________________________________________________________________________________</u></b></p><p><b><u>Property placed in service before 1/1/2023:</u></b><br/></p><p><span>This credit applies to energy efficiency improvements in the building envelope of existing homes and for the purchase of high-efficiency heating, cooling and water-heating equipment. Efficiency improvements or equipment must serve a dwelling in the United States that is owned and used by the taxpayer as a primary residence. </span><u>The maximum tax credit for all improvements made in 2005 - 2022 is $500</u><span>. The cap includes tax credits for any improvements made in any previous year. If a taxpayer claimed $500 or more of these tax credits in any previous year, any purchases made in 2006 - 2022 will be ineligible for a tax credit.</span><br/></p><p>&#10;&#9;<br/>&#10;&#9;<b><i>Building Envelope Improvements</i></b><br/>&#10;&#9;Owners of existing homes may receive a tax credit worth 10% of the cost of upgrading the efficiency of the building's envelope. Installation (labor) costs are not included and the credit is capped at $500 for all improvements. To be eligible for the credit, the improvement must meet the prescriptive requirements established for it under the 2009 International Energy Conservation Code (including supplements). The following improvements are eligible for the tax credit:</p><b><i>&#10;</i></b><ul>&#10;&#9;<li>&#10;&#9;&#9;Insulation materials and systems designed to reduce a home's heat loss or gain</li>&#10;&#9;<li>&#10;&#9;&#9;Exterior doors and windows (including skylights) --- no more than $200 in total credits can be claimed for windows in years 2006 - 2016 Equipment must meet version 6.0 Energy Star program requirements.</li>&#10;&#9;<li>&#10;&#9;&#9;Pigmented metal roofs designed to reduce heat gain, and asphalt roofs with appropriate cooling granules, which are Energy Star certified.</li>&#10;</ul>&#10;<p>&#10;&#9;<br/>&#10;&#9;<b><i>Heating, Cooling and Water-Heating Equipment</i></b><br/>&#10;&#9;Taxpayers who purchase qualified residential energy-efficient property may be eligible for a tax credit. The credit is equal to the full cost of the equipment up to the following caps:</p>&#10;<ul>&#10;&#9;<li>&#10;&#9;&#9;Advanced main air circulating fan: $50</li>&#10;&#9;<li>&#10;&#9;&#9;Natural gas, propane, or oil furnace or hot water boiler with an annual fuel utilization rate of 95 or greater: $150</li>&#10;&#9;<li>&#10;&#9;&#9;Electric heat pump water heater with an energy factor of at least 2.0: $300</li>&#10;&#9;<li>&#10;&#9;&#9;Electric heat pump which achieves the highest efficiency tier established by the Consortium for Energy Efficiency: $300</li>&#10;&#9;<li>&#10;&#9;&#9;Central air conditioner which achieves the highest efficiency tier established by the Consortium for Energy Efficiency: $300</li>&#10;&#9;<li>&#10;&#9;&#9;Natural gas, propane, or oil water heater which has either an energy factor of at least 0.82 or a thermal efficiency of at least 90 percent: $300</li>&#10;&#9;<li>&#10;&#9;&#9;Biomass stoves that use &#34;plant-derived fuel available on a renewable or recurring basis, including agricultural crops and trees, wood and wood waste and residues (including wood pellets), plants (including aquatic plants), grasses, residues, and fibers&#34;. Systems must have a thermal <span>efficiency rating of at least 75 percent to qualify: $300</span></li>&#10;</ul>&#10;<p>&#10;&#10;</p><p><b>Background</b><br/></p><p>&#10;&#9;The <i><a class=""summarylink"" href=""http://thomas.loc.gov/cgi-bin/query/z?c109:h6:"" target=""â€&#157;_blankâ€&#157;"" title=""EPAct 2005"">Energy Policy Act of 2005</a></i> established the tax credit for energy improvements to existing homes. The credit was originally limited to purchases made in 2006 and 2007, with an aggregate cap of $500 for all qualifying purchases made in these two years combined. There were also separate individual caps for the different equipment types. <a class=""summarylink"" href=""http://thomas.loc.gov/cgi-bin/query/z?c110:H.R.1424.enr:"" target=""_blank"" title=""EIEA 2008""><i>The Energy Improvement and Extension Act of 2008</i></a> (H.R. 1424: Div. B, Sec. 302) of 2008 reinstated the credit for 2009 purchases and made other minor adjustments.<i> The American Recovery and Reinvestment Act of 2009</i> further extended the credit to include improvements made in 2010 and replaced the $500 aggregate cap with a $1,500 aggregate cap for improvements made in 2009 and 2010. This credit has since been renewed several times, but the credit was reduced to its original form and original cap of $500, only to be increased again by the Inflation Reduction Act.</p>","Incentive Amount: Varies (see below); Maximum Incentive: For purchases made in 2023 - 2025: annual maximum of $1,200, with the exception of some technologies as documented below.<br />
For purchases made in 2005 - 2022: Aggregate amount of credit is limited to $500.  Taxpayer is ineligible for this tax credit if this credit has already been claimed by the taxpayer in an amount of $500 in any previous year.<br><br>    
For purchases made in 2009 or 2010: Aggregate amount of credit for all technologies placed in service in 2009 and 2010 combined is limited to $1,500<br>; Eligible System Size: ; Equipment Requirements: Equipment must be new and in compliance with all applicable performance and safety standards as described in tax code; Installation Requirements: ; Carryover Provisions: ",https://www.energy.gov/save/home-upgrades,"July 25, 2025",01/10/2006
1235,expired,True,US,Financial Incentive,Personal Tax Credit,Federal,Residential Renewable Energy Tax Credit,U.S. Internal Revenue Service,Fuel Cells using Renewable Fuels; Geothermal Heat Pumps; Solar Photovoltaics; Solar Water Heat; Wind (Small),Incentive : 30.0000 % of cost,"<p><b><i>Note: Section 70506 of The One Big Beautiful Bill (<a href=""https://www.congress.gov/119/bills/hr1/BILLS-119hr1enr.pdf#page=180"">OBBB</a>) repealed this tax credit for any expenditures made after December 31, 2025. </i></b></p><p><span>A taxpayer may claim a credit for a system that serves a dwelling unit located in the United States that is owned and used as a residence by the taxpayer. Expenditures with respect to the equipment are treated as made when the installation is completed. If the installation is at a new home, the &#34;placed in service&#34; date is the date of occupancy by the homeowner. Expenditures include labor costs for on-site preparation, assembly or original system installation, and for piping or wiring to interconnect a system to the home. If the federal tax credit exceeds tax liability, the excess amount may be carried forward to the succeeding taxable year. The maximum allowable credit, equipment requirements and other details vary by technology, as outlined below.</span><br/></p><p><b><b>Solar-electric property</b></b></p><b><i>&#10;</i></b><ul>&#10;&#9;<li>30% for systems placed in service by 12/31/2019</li><li>26% for systems placed in service after 12/31/2019 and before 01/01/2022</li><li>30% for systems placed in service after 12/31/2021 and expenditures made before 01/01/2026</li>&#10;</ul>&#10;<p><b>Solar water-heating property</b></p>&#10;<ul>&#10;&#9;<li>30% for systems placed in service by 12/31/2019</li><li>26% for systems placed in service after 12/31/2019 and before 01/01/2022</li><li>30% for systems placed in service after 12/31/2021 and expenditures made before 01/01/2026</li><li><span>Equipment must be certified for performance by the Solar Rating Certification Corporation (SRCC) or a comparable entity endorsed by the government of the state in which the property is installed.</span></li><li>At least half the energy used to heat the dwelling's water must be from solar in order for the solar water-heating property expenditures to be eligible.</li><li>The tax credit does not apply to solar water-heating property for swimming pools or hot tubs.</li><li>The home served by the system does not have to be the taxpayer’s principal residence.</li>&#10;</ul>&#10;<p><b>Fuel cell property</b></p>&#10;<ul>&#10;&#9;<li>30% for systems placed in service by 12/31/2019</li><li>26% for systems placed in service after 12/31/2019 and before 01/01/2022</li><li>30% for systems placed in service after 12/31/2021 and expenditures made before 01/01/2026</li><li>The maximum credit is $500 per half kilowatt (kW).</li><li>The fuel cell must have a nameplate capacity of at least 0.5 kW of electricity using an electrochemical process and an electricity-only generation efficiency greater than 30%.</li><li>In case of joint occupancy, the maximum qualifying costs that can be taken into account by all occupants for figuring the credit is $1,667 per 0.5 kW. This does not apply to married individuals filing a joint return. The credit that may be claimed by each individual is proportional to the costs he or she paid.</li><li>The home served by the system must be the taxpayer’s principal residence.</li>&#10;</ul>&#10;<p><b>Small wind-energy property</b></p>&#10;<ul>&#10;&#9;<li>30% for systems placed in service by 12/31/2019</li><li>26% for systems placed in service after 12/31/2019 and before 01/01/2022</li><li>30% for systems placed in service after 12/31/2021 and expenditures made before 01/01/2026</li><li><span>The home served by the system does not have to be the taxpayer’s principal residence.</span></li>&#10;</ul>&#10;<p><b>Geothermal heat pumps</b></p>&#10;<ul>&#10;&#9;<li>30% for systems placed in service by 12/31/2019</li><li>26% for systems placed in service after 12/31/2019 and before 01/01/2022</li><li>30% for systems placed in service after 12/31/2021 and expenditures made before 01/01/2026</li><li><span>The geothermal heat pump must meet federal Energy Star criteria.</span></li><li>The home served by the system does not have to be the taxpayer’s principal residence</li>&#10;</ul><p><b>Battery Storage Systems (Standalone Systems)</b></p><ul><li>0% for systems placed in service before 1/1/2023</li><li>30% for systems placed in service after 12/31/2022 and expenditures made before 01/01/2026</li><li><span>The system must have a capacity of at least 3 kilowatt hours</span></li><li>The home served by the system does not have to be the taxpayer’s principal residence.</li></ul><p><br/></p><p></p>&#10;<p>Significantly, <i>The American Recovery and Reinvestment Act of 2009</i> repealed a previous limitation on the use of the credit for eligible projects also supported by &#34;subsidized energy financing.&#34; For projects placed in service after December 31, 2008, this limitation no longer applies.</p><p><b>Energy Storage</b></p><p></p><p>Prior to the enactment of the Inflation Reduction Act of 2022, the federal tax code did not explicitly reference energy storage, so stand-alone energy storage systems did not qualify for the tax credit.  However, the IRS issued Private Letter Rulings in <a href=""https://www.irs.gov/pub/irs-wd/1308005.pdf"">2013</a> and <a href=""https://www.irs.gov/pub/irs-wd/201809003.pdf"">2018</a>, which address energy storage paired with PV systems. In both cases, the IRS ruled that the energy storage equipment when paired with PV met the statutory definition of a &#34;qualified solar electric property expenditure,&#34; as was eligible for the tax credit. It is important to note that Private Letter Rulings only apply to the taxpayer who requested it, and do not establish precedent. Any taxpayer considering the purchase of an energy storage system should consult their accountant or other tax professional before claiming a tax credit.  </p>",Incentive Amount: 30%; Maximum Incentive: ; Eligible System Size: ; Equipment Requirements: Solar water heating property must be certified by SRCC or a comparable entity endorsed by the state where the system is installed. At least half the energy used to heat the dwelling's water must be from solar. <br />; Installation Requirements: ; Carryover Provisions: Excess credit generally may be carried forward to next tax year,https://www.energy.gov/save/home-upgrades,"July 25, 2025",08/10/2005
22661,expired,True,UT,Financial Incentive,Grant Program,State,Utah - National Electric Vehicle Infrastructure (NEVI) Formula Grant Program,Utah Department of Transportation,,,"<p><b><i>Note: <a href=""https://www.congress.gov/117/plaws/publ58/PLAW-117publ58.pdf#page=993"">The Federal Infrastructure Investment and Jobs Act (IIJA)</a> created the <a href=""https://www.fhwa.dot.gov/environment/nevi/"">National Electric Vehicle Infrastructure (NEVI) Formula Grant Program</a> with a total budget of $5 billion. Each state was allocated a share of that total to help build out a national network of electric vehicle charging stations along designated alternative fuel corridors (AFCs). With some limited exceptions, EV charging stations funded through the NEVI program should be spaced 50 miles apart and within one mile of the Interstate exit or highway.</i></b></p><p>The Utah Department of Transportation’s (UDOT) <a href=""https://drive.google.com/file/d/14_75QZLWVUaM-zmfB5N5MjqkA_SfUwwT/view"">NEVI plan</a> includes achieving build out status along the state's AFCs including I-15, I-70, I-80, I-84, I-215, and portions of US-6 and US-191.The state also plans to identify and begin building high-priority corridors that provide access to Utah’s five National Parks, forty-two State Parks, and other places of interest. Utah plans to use a blend of contracting approaches to complete the projects. An <a href=""https://drive.google.com/file/d/1wooPjEBqLma8hXYF9U-nVZF31qzZri_7/view"">updated plan</a> was published in August 2023. Much of the plan remains the same with most of the updates being in response to the newly issued NEVI Standards and Requirements 23 CFR 680. In December 2023, UDOT published a list of recipients who have received conditional awards for the RFA -Phase 1.</p>","Incentive Amount: Varies, grants are awarded competitively; Maximum Incentive: Varies, grants are awarded competitively; Equipment Requirements: Projects must meet the standards established by <a href=""https://www.govinfo.gov/content/pkg/FR-2023-02-28/pdf/2023-03500.pdf"">23 CFR Part 680</a>; Installation Requirements: ",https://udotinput.utah.gov/evplan?HTTPSRedirected=true,"June 25, 2024",06/19/2024
381,expired,True,WA,Financial Incentive,Industry Recruitment/Support,State,Tax Abatement for Solar Manufacturers,Washington State Department of Revenue,,,"<p><span>Senate Bill 5111, signed by Washington's governor in May 2005, created a reduced business and occupation (B&amp;O) tax rate for Washington manufacturers of solar-electric (photovoltaic) modules, stirling converters, or silicon components of those systems.<br/></span><br/>&#10;&#9;In May 2009, Washington enacted SB 6170, effective July 1, 2009. This bill reduced the B&amp;O tax rate to 0.275%, effective October 1, 2009. This tax rate is 43% lower than the standard manufacturing B&amp;O tax rate. This reduced tax rate applies to manufacturers of photovoltaic modules, stirling converters, solar grade silicon, silicon solar wafers, silicon solar cells, thin film solar devices or compound semiconductor solar wafers to be used exclusively in solar energy systems. Originally, stirling converters were not included in this tax abatement, but Senate Bill 5526, effective in July 2011, extended the abatement to stirling converters.<br/>&#10;&#9;<br/>&#10;&#9;Businesses claiming the credit under this program are required to file annual tax surveys with the Washington Department of Revenue (DOR), detailing employment, wages, and health and retirement benefits. The DOR compiled the information provided in these surveys in a report to the Washington State Legislature in November 2013. This incentive was originally scheduled to expire on June 30, 2014, but was extended to June 1, 2027, according  to SENATE BILL 5977.<br/><br/>SENATE BILL 5849 extended the reduced tax abatement from July 1st 2027 to July 1st 2032.<br/></p>",Incentive Amount: 43% reduction of state's business and occupation (B&O) tax. This rate is .00275 compared to the standard manufacturing rate of .00484.; Maximum Incentive: None; Terms: ,http://dor.wa.gov/content/findtaxesandrates/bandotax,"March 29, 2023",05/12/2005
22662,expired,True,WA,Financial Incentive,Grant Program,State,Washington - National Electric Vehicle Infrastructure (NEVI) Formula Grant Program,Washington Department of Transportation,,,"<p><b><i>Note: <a href=""https://www.congress.gov/117/plaws/publ58/PLAW-117publ58.pdf#page=993"">The Federal Infrastructure Investment and Jobs Act (IIJA)</a> created the <a href=""https://www.fhwa.dot.gov/environment/nevi/"">National Electric Vehicle Infrastructure (NEVI) Formula Grant Program</a> with a total budget of $5 billion. Each state was allocated a share of that total to help build out a national network of electric vehicle charging stations along designated alternative fuel corridors (AFCs). With some limited exceptions, EV charging stations funded through the NEVI program should be spaced 50 miles apart and within one mile of the Interstate exit or highway.</i></b></p><p></p><p>The Washington State Department of Transportation (WSDOT) developed the state's <a href=""https://wsdot.wa.gov/sites/default/files/2022-08/Electricvehicle-plan-infastructuredeployment.pdf"">NEVI plan</a>. WSDOT will initially prioritize building out the state’s north/south and east/west interstates, I-5 and I-90, respectively. Secondary priorities for investments include completing the I-82/I-182 and US 395 followed by US 101 and US 195. WSDOT will then consider additional chargers on the highest-volume corridors, and in higher-dependency areas. Other private and public investments in EV infrastructure will also focus on high-usage corridors and centers. Future infrastructure deployments will be guided by the state’s Zero-Emission Vehicle Mapping and Forecasting Tool (ZEV-MFT), which is under development. A <a href=""https://wsdot.wa.gov/sites/default/files/2023-09/WSDOT-NEVI-Plan-Update.pdf"">plan update</a> was published in July 2023. This updated plan is a streamlined version of the initial plan with several changes including revisions to the process to identify, quantify, and measure benefits to disadvantaged communities, and information on interagency working groups established since the original plan's publication.</p><p></p>","Incentive Amount: Varies, grants are awarded competitively; Maximum Incentive: Varies, grants are awarded competitively; Equipment Requirements: Projects must meet the standards established by <a href=""https://www.govinfo.gov/content/pkg/FR-2023-02-28/pdf/2023-03500.pdf"">23 CFR Part 680</a>; Installation Requirements: ",https://wsdot.wa.gov/construction-planning/statewide-plans/washington-state-plan-electric-vehicle-infrastructure-deployment,"June 25, 2024",06/19/2024
22650,expired,True,WI,Financial Incentive,Grant Program,State,Wisconsin - National Electric Vehicle Infrastructure (NEVI) Formula Grant Program,Wisconsin Department of Transportation,,,"<p><b><i>Note: The <a href=""https://www.congress.gov/117/plaws/publ58/PLAW-117publ58.pdf#page=993"">Federal Infrastructure Investment and Jobs Act (IIJA)</a> created the <a href=""https://www.fhwa.dot.gov/environment/nevi/"">National Electric Vehicle Infrastructure (NEVI) Formula Grant Program</a> with a total budget of $5 billion. Each state was allocated a share of that total to help build out a national network of electric vehicle charging stations along designated alternative fuel corridors (AFCs). With some limited exceptions, EV charging stations funded through the NEVI program should be spaced 50 miles apart and within one mile of the Interstate exit or highway.</i></b></p><p></p><p>Wisconsin announced awardees for the first round of funding for its NEVI program in May 2024. This round of funding allocated approximately $23.3 million to 53 locations across the state. Details on further rounds of funding are not currently available. More details on Wisconsin's NEVI process can be found in the <a href=""https://wisconsindot.gov/Documents/projects/multimodal/2023weviplanupdatefinal.pdf"">Wisconsin Electric Vehicle Infrastructure Plan</a>.</p><p></p><p><br/></p><p><br/></p>","Incentive Amount: Varies, grants are awarded competitively; Maximum Incentive: Varies, grants are awarded competitively; Equipment Requirements: Projects must meet the standards established by 23 CFR Part 680; Installation Requirements: ",https://wisconsindot.gov/Pages/projects/multimodal/electrification.aspx,"June 13, 2024",06/13/2024
22663,expired,True,WY,Financial Incentive,Grant Program,State,Wyoming - National Electric Vehicle Infrastructure (NEVI) Formula Grant Program,Wyoming Department of Transportation,,,"<p><b><i>Note: <a href=""https://www.congress.gov/117/plaws/publ58/PLAW-117publ58.pdf#page=993"">The Federal Infrastructure Investment and Jobs Act (IIJA)</a> created the <a href=""https://www.fhwa.dot.gov/environment/nevi/"">National Electric Vehicle Infrastructure (NEVI) Formula Grant Program</a> with a total budget of $5 billion. Each state was allocated a share of that total to help build out a national network of electric vehicle charging stations along designated alternative fuel corridors (AFCs). With some limited exceptions, EV charging stations funded through the NEVI program should be spaced 50 miles apart and within one mile of the Interstate exit or highway.</i></b></p><p></p><p>The Wyoming Department of Transportation's (DOT) <a href=""https://www.dot.state.wy.us/files/live/sites/wydot/files/shared/Planning/Electric%20Vehicles/2022%20NEVI%20Plan/Wyoming%20Nevi%20Plan%20Update%2019%20Sep%202022.pdf"">deployment plan</a> stipulates that Wyomingites are currently not adopting the EV technology in enough numbers to require NEVI program station densities, with the greatest potential users being out-of-state travelers. The plan limits the number of additional NEVI-sized stations installed along interstates and recommends remaining funds be used for fuel corridor routes to State and National parks. The NEVI plan details several highlights including the use of matching funds from private or local jurisdictions, with no matching state funds to be used. The DOT will operate funds through a series of RFPs for biddings to construct, maintain, and operate stations along AFCs. The state deployment plan assumes that local jurisdictions and businesses are better suited to determine the size, frequency, location, and capacity of stations for their own needs and does not require that the stations must meet NEVI criteria. The plan will fund larger stations if local jurisdictions deem it appropriate. Deployment of the plan will result in the construction of 911 miles of EV charging corridors. The state's <a href=""https://www.dot.state.wy.us/files/live/sites/wydot/files/shared/Planning/Electric%20Vehicles/2023%20NEVI%20Plan/WYDOT_NEVI_Year2_10_26_23.pdf"">Final Year Two Plan</a> was submitted in October 2023. In winter 2023/2024 WYDOT issued a <a href=""https://www.dot.state.wy.us/files/live/sites/wydot/files/shared/Planning/Electric%20Vehicles/NEVI%20RFI%20responses/WYDOT%20RFI%20-%20blank.pdf"">RFI</a> to gauge interest from private businesses or local governments who intend to apply for NEVI Funds. </p><p></p>","Incentive Amount: Varies, grants are awarded competitively; Maximum Incentive: Varies, grants are awarded competitively; Equipment Requirements: Projects must meet the standards established by <a href=""https://www.govinfo.gov/content/pkg/FR-2023-02-28/pdf/2023-03500.pdf"">23 CFR Part 680</a>; Installation Requirements: ",https://www.dot.state.wy.us/home/planning_projects/zero-emission-vehicles/national-electric-vehicle-infrastructure-(nevi)-program.html,"June 25, 2024",06/19/2024
